ISO-10303-21;
HEADER;
FILE_DESCRIPTION(('FreeCAD Model'),'2;1');
FILE_NAME('Open CASCADE Shape Model','2026-03-01T10:53:41',(''),(''),
  'Open CASCADE STEP processor 7.8','FreeCAD','Unknown');
FILE_SCHEMA(('AUTOMOTIVE_DESIGN { 1 0 10303 214 1 1 1 1 }'));
ENDSEC;
DATA;
#1 = APPLICATION_PROTOCOL_DEFINITION('international standard',
  'automotive_design',2000,#2);
#2 = APPLICATION_CONTEXT(
  'core data for automotive mechanical design processes');
#3 = SHAPE_DEFINITION_REPRESENTATION(#4,#10);
#4 = PRODUCT_DEFINITION_SHAPE('','',#5);
#5 = PRODUCT_DEFINITION('design','',#6,#9);
#6 = PRODUCT_DEFINITION_FORMATION('','',#7);
#7 = PRODUCT('Fillet','Fillet','',(#8));
#8 = PRODUCT_CONTEXT('',#2,'mechanical');
#9 = PRODUCT_DEFINITION_CONTEXT('part definition',#2,'design');
#10 = ADVANCED_BREP_SHAPE_REPRESENTATION('',(#11,#15),#4947);
#11 = AXIS2_PLACEMENT_3D('',#12,#13,#14);
#12 = CARTESIAN_POINT('',(0.,0.,0.));
#13 = DIRECTION('',(0.,0.,1.));
#14 = DIRECTION('',(1.,0.,-0.));
#15 = MANIFOLD_SOLID_BREP('',#16);
#16 = CLOSED_SHELL('',(#17,#416,#738,#791,#873,#927,#987,#1040,#1269,
    #1540,#1819,#1872,#1921,#1959,#2168,#2221,#2295,#2349,#2407,#2486,
    #2560,#2634,#2667,#2694,#2744,#2799,#2824,#2878,#2909,#2936,#3005,
    #3054,#3107,#3181,#3229,#3298,#3326,#3351,#3378,#3751,#3893,#4028,
    #4326,#4351,#4358,#4413,#4440,#4487,#4514,#4546,#4573,#4605,#4652,
    #4679,#4726,#4733,#4737,#4765,#4771,#4798,#4825,#4886,#4892,#4924,
    #4929,#4933,#4940));
#17 = ADVANCED_FACE('',(#18),#32,.F.);
#18 = FACE_BOUND('',#19,.F.);
#19 = EDGE_LOOP('',(#20,#55,#82,#108,#136,#162,#188,#214,#237,#263,#290,
    #318,#354,#382));
#20 = ORIENTED_EDGE('',*,*,#21,.F.);
#21 = EDGE_CURVE('',#22,#24,#26,.T.);
#22 = VERTEX_POINT('',#23);
#23 = CARTESIAN_POINT('',(4.651198631898,-1.023600281668,-7.7216));
#24 = VERTEX_POINT('',#25);
#25 = CARTESIAN_POINT('',(12.747146892172,0.643212595447,-7.7216));
#26 = SURFACE_CURVE('',#27,(#31,#43),.PCURVE_S1.);
#27 = LINE('',#28,#29);
#28 = CARTESIAN_POINT('',(0.,-1.9812,-7.7216));
#29 = VECTOR('',#30,1.);
#30 = DIRECTION('',(0.979457043257,0.20165292067,0.));
#31 = PCURVE('',#32,#37);
#32 = PLANE('',#33);
#33 = AXIS2_PLACEMENT_3D('',#34,#35,#36);
#34 = CARTESIAN_POINT('',(0.,-1.9812,-7.7216));
#35 = DIRECTION('',(-0.20165292067,0.979457043257,0.));
#36 = DIRECTION('',(0.979457043257,0.20165292067,0.));
#37 = DEFINITIONAL_REPRESENTATION('',(#38),#42);
#38 = LINE('',#39,#40);
#39 = CARTESIAN_POINT('',(0.,0.));
#40 = VECTOR('',#41,1.);
#41 = DIRECTION('',(1.,0.));
#42 = ( GEOMETRIC_REPRESENTATION_CONTEXT(2) 
PARAMETRIC_REPRESENTATION_CONTEXT() REPRESENTATION_CONTEXT('2D SPACE',''
  ) );
#43 = PCURVE('',#44,#49);
#44 = PLANE('',#45);
#45 = AXIS2_PLACEMENT_3D('',#46,#47,#48);
#46 = CARTESIAN_POINT('',(-1.4E-16,10.022599862208,-7.7216));
#47 = DIRECTION('',(0.,0.,1.));
#48 = DIRECTION('',(1.,0.,0.));
#49 = DEFINITIONAL_REPRESENTATION('',(#50),#54);
#50 = LINE('',#51,#52);
#51 = CARTESIAN_POINT('',(1.4E-16,-12.0037998622));
#52 = VECTOR('',#53,1.);
#53 = DIRECTION('',(0.979457043257,0.20165292067));
#54 = ( GEOMETRIC_REPRESENTATION_CONTEXT(2) 
PARAMETRIC_REPRESENTATION_CONTEXT() REPRESENTATION_CONTEXT('2D SPACE',''
  ) );
#55 = ORIENTED_EDGE('',*,*,#56,.T.);
#56 = EDGE_CURVE('',#22,#57,#59,.T.);
#57 = VERTEX_POINT('',#58);
#58 = CARTESIAN_POINT('',(4.651198631898,-1.023600281668,-6.5484375));
#59 = SURFACE_CURVE('',#60,(#64,#70),.PCURVE_S1.);
#60 = LINE('',#61,#62);
#61 = CARTESIAN_POINT('',(4.651198631898,-1.023600281668,-6.5484375));
#62 = VECTOR('',#63,1.);
#63 = DIRECTION('',(0.,0.,1.));
#64 = PCURVE('',#32,#65);
#65 = DEFINITIONAL_REPRESENTATION('',(#66),#69);
#66 = B_SPLINE_CURVE_WITH_KNOTS('',1,(#67,#68),.UNSPECIFIED.,.F.,.F.,(2,
    2),(-1.173255835107,9.333510742948E-05),.PIECEWISE_BEZIER_KNOTS.);
#67 = CARTESIAN_POINT('',(4.748752039633,9.333510742682E-05));
#68 = CARTESIAN_POINT('',(4.748752039633,-1.173255835107));
#69 = ( GEOMETRIC_REPRESENTATION_CONTEXT(2) 
PARAMETRIC_REPRESENTATION_CONTEXT() REPRESENTATION_CONTEXT('2D SPACE',''
  ) );
#70 = PCURVE('',#71,#76);
#71 = CYLINDRICAL_SURFACE('',#72,4.7625);
#72 = AXIS2_PLACEMENT_3D('',#73,#74,#75);
#73 = CARTESIAN_POINT('',(0.,0.,-6.5484375));
#74 = DIRECTION('',(0.,0.,1.));
#75 = DIRECTION('',(1.,0.,0.));
#76 = DEFINITIONAL_REPRESENTATION('',(#77),#81);
#77 = LINE('',#78,#79);
#78 = CARTESIAN_POINT('',(-0.216619327881,0.));
#79 = VECTOR('',#80,1.);
#80 = DIRECTION('',(0.,1.));
#81 = ( GEOMETRIC_REPRESENTATION_CONTEXT(2) 
PARAMETRIC_REPRESENTATION_CONTEXT() REPRESENTATION_CONTEXT('2D SPACE',''
  ) );
#82 = ORIENTED_EDGE('',*,*,#83,.F.);
#83 = EDGE_CURVE('',#84,#57,#86,.T.);
#84 = VERTEX_POINT('',#85);
#85 = CARTESIAN_POINT('',(0.,-1.9812,-6.5484375));
#86 = SURFACE_CURVE('',#87,(#91,#97),.PCURVE_S1.);
#87 = LINE('',#88,#89);
#88 = CARTESIAN_POINT('',(0.195653775934,-1.940918340249,-6.5484375));
#89 = VECTOR('',#90,1.);
#90 = DIRECTION('',(0.979457043257,0.20165292067,0.));
#91 = PCURVE('',#32,#92);
#92 = DEFINITIONAL_REPRESENTATION('',(#93),#96);
#93 = B_SPLINE_CURVE_WITH_KNOTS('',1,(#94,#95),.UNSPECIFIED.,.F.,.F.,(2,
    2),(-0.199757383216,4.662630439495),.PIECEWISE_BEZIER_KNOTS.);
#94 = CARTESIAN_POINT('',(-5.551115123126E-17,-1.1731625));
#95 = CARTESIAN_POINT('',(4.862387822711,-1.1731625));
#96 = ( GEOMETRIC_REPRESENTATION_CONTEXT(2) 
PARAMETRIC_REPRESENTATION_CONTEXT() REPRESENTATION_CONTEXT('2D SPACE',''
  ) );
#97 = PCURVE('',#98,#103);
#98 = PLANE('',#99);
#99 = AXIS2_PLACEMENT_3D('',#100,#101,#102);
#100 = CARTESIAN_POINT('',(-1.2E-16,5.4E-16,-6.5484375));
#101 = DIRECTION('',(-0.,-0.,-1.));
#102 = DIRECTION('',(-1.,0.,0.));
#103 = DEFINITIONAL_REPRESENTATION('',(#104),#107);
#104 = B_SPLINE_CURVE_WITH_KNOTS('',1,(#105,#106),.UNSPECIFIED.,.F.,.F.,
  (2,2),(-0.199757383216,4.662630439495),.PIECEWISE_BEZIER_KNOTS.);
#105 = CARTESIAN_POINT('',(-5.551115123126E-17,-1.9812));
#106 = CARTESIAN_POINT('',(-4.7625,-1.000685294118));
#107 = ( GEOMETRIC_REPRESENTATION_CONTEXT(2) 
PARAMETRIC_REPRESENTATION_CONTEXT() REPRESENTATION_CONTEXT('2D SPACE',''
  ) );
#108 = ORIENTED_EDGE('',*,*,#109,.T.);
#109 = EDGE_CURVE('',#84,#110,#112,.T.);
#110 = VERTEX_POINT('',#111);
#111 = CARTESIAN_POINT('',(0.,-1.9812,-5.6896));
#112 = SURFACE_CURVE('',#113,(#117,#124),.PCURVE_S1.);
#113 = LINE('',#114,#115);
#114 = CARTESIAN_POINT('',(0.,-1.9812,-7.7216));
#115 = VECTOR('',#116,1.);
#116 = DIRECTION('',(0.,0.,1.));
#117 = PCURVE('',#32,#118);
#118 = DEFINITIONAL_REPRESENTATION('',(#119),#123);
#119 = LINE('',#120,#121);
#120 = CARTESIAN_POINT('',(-4.295517861096E-17,0.));
#121 = VECTOR('',#122,1.);
#122 = DIRECTION('',(0.,-1.));
#123 = ( GEOMETRIC_REPRESENTATION_CONTEXT(2) 
PARAMETRIC_REPRESENTATION_CONTEXT() REPRESENTATION_CONTEXT('2D SPACE',''
  ) );
#124 = PCURVE('',#125,#130);
#125 = PLANE('',#126);
#126 = AXIS2_PLACEMENT_3D('',#127,#128,#129);
#127 = CARTESIAN_POINT('',(-13.49375,0.796925,-7.7216));
#128 = DIRECTION('',(0.20165292067,0.979457043257,0.));
#129 = DIRECTION('',(0.979457043257,-0.20165292067,0.));
#130 = DEFINITIONAL_REPRESENTATION('',(#131),#135);
#131 = LINE('',#132,#133);
#132 = CARTESIAN_POINT('',(13.776765497682,0.));
#133 = VECTOR('',#134,1.);
#134 = DIRECTION('',(0.,-1.));
#135 = ( GEOMETRIC_REPRESENTATION_CONTEXT(2) 
PARAMETRIC_REPRESENTATION_CONTEXT() REPRESENTATION_CONTEXT('2D SPACE',''
  ) );
#136 = ORIENTED_EDGE('',*,*,#137,.F.);
#137 = EDGE_CURVE('',#138,#110,#140,.T.);
#138 = VERTEX_POINT('',#139);
#139 = CARTESIAN_POINT('',(11.46175,0.378572058824,-5.6896));
#140 = SURFACE_CURVE('',#141,(#145,#151),.PCURVE_S1.);
#141 = LINE('',#142,#143);
#142 = CARTESIAN_POINT('',(0.473601408214,-1.883693827721,-5.6896));
#143 = VECTOR('',#144,1.);
#144 = DIRECTION('',(-0.979457043257,-0.20165292067,0.));
#145 = PCURVE('',#32,#146);
#146 = DEFINITIONAL_REPRESENTATION('',(#147),#150);
#147 = B_SPLINE_CURVE_WITH_KNOTS('',1,(#148,#149),.UNSPECIFIED.,.F.,.F.,
  (2,2),(-11.21861205393,0.483534639395),.PIECEWISE_BEZIER_KNOTS.);
#148 = CARTESIAN_POINT('',(11.702146693325,-2.032));
#149 = CARTESIAN_POINT('',(-5.551115123126E-17,-2.032));
#150 = ( GEOMETRIC_REPRESENTATION_CONTEXT(2) 
PARAMETRIC_REPRESENTATION_CONTEXT() REPRESENTATION_CONTEXT('2D SPACE',''
  ) );
#151 = PCURVE('',#152,#157);
#152 = PLANE('',#153);
#153 = AXIS2_PLACEMENT_3D('',#154,#155,#156);
#154 = CARTESIAN_POINT('',(-9.2E-16,2.814511738633,-5.6896));
#155 = DIRECTION('',(-0.,-0.,-1.));
#156 = DIRECTION('',(-1.,0.,0.));
#157 = DEFINITIONAL_REPRESENTATION('',(#158),#161);
#158 = B_SPLINE_CURVE_WITH_KNOTS('',1,(#159,#160),.UNSPECIFIED.,.F.,.F.,
  (2,2),(-11.21861205393,0.483534639395),.PIECEWISE_BEZIER_KNOTS.);
#159 = CARTESIAN_POINT('',(-11.46175,-2.435939679809));
#160 = CARTESIAN_POINT('',(-8.326672684689E-16,-4.795711738633));
#161 = ( GEOMETRIC_REPRESENTATION_CONTEXT(2) 
PARAMETRIC_REPRESENTATION_CONTEXT() REPRESENTATION_CONTEXT('2D SPACE',''
  ) );
#162 = ORIENTED_EDGE('',*,*,#163,.T.);
#163 = EDGE_CURVE('',#138,#164,#166,.T.);
#164 = VERTEX_POINT('',#165);
#165 = CARTESIAN_POINT('',(11.46175,0.378572058824,5.6896));
#166 = SURFACE_CURVE('',#167,(#171,#177),.PCURVE_S1.);
#167 = LINE('',#168,#169);
#168 = CARTESIAN_POINT('',(11.46175,0.378572058824,-6.7056));
#169 = VECTOR('',#170,1.);
#170 = DIRECTION('',(0.,0.,1.));
#171 = PCURVE('',#32,#172);
#172 = DEFINITIONAL_REPRESENTATION('',(#173),#176);
#173 = B_SPLINE_CURVE_WITH_KNOTS('',1,(#174,#175),.UNSPECIFIED.,.F.,.F.,
  (2,2),(1.016,12.3952),.PIECEWISE_BEZIER_KNOTS.);
#174 = CARTESIAN_POINT('',(11.702146693325,-2.032));
#175 = CARTESIAN_POINT('',(11.702146693325,-13.4112));
#176 = ( GEOMETRIC_REPRESENTATION_CONTEXT(2) 
PARAMETRIC_REPRESENTATION_CONTEXT() REPRESENTATION_CONTEXT('2D SPACE',''
  ) );
#177 = PCURVE('',#178,#183);
#178 = PLANE('',#179);
#179 = AXIS2_PLACEMENT_3D('',#180,#181,#182);
#180 = CARTESIAN_POINT('',(11.46175,3.429,-5.6896));
#181 = DIRECTION('',(-1.,0.,0.));
#182 = DIRECTION('',(0.,-2.2E-16,1.));
#183 = DEFINITIONAL_REPRESENTATION('',(#184),#187);
#184 = B_SPLINE_CURVE_WITH_KNOTS('',1,(#185,#186),.UNSPECIFIED.,.F.,.F.,
  (2,2),(1.016,12.3952),.PIECEWISE_BEZIER_KNOTS.);
#185 = CARTESIAN_POINT('',(0.,-3.050427941176));
#186 = CARTESIAN_POINT('',(11.3792,-3.050427941176));
#187 = ( GEOMETRIC_REPRESENTATION_CONTEXT(2) 
PARAMETRIC_REPRESENTATION_CONTEXT() REPRESENTATION_CONTEXT('2D SPACE',''
  ) );
#188 = ORIENTED_EDGE('',*,*,#189,.F.);
#189 = EDGE_CURVE('',#190,#164,#192,.T.);
#190 = VERTEX_POINT('',#191);
#191 = CARTESIAN_POINT('',(0.,-1.9812,5.6896));
#192 = SURFACE_CURVE('',#193,(#197,#203),.PCURVE_S1.);
#193 = LINE('',#194,#195);
#194 = CARTESIAN_POINT('',(0.473601408214,-1.883693827721,5.6896));
#195 = VECTOR('',#196,1.);
#196 = DIRECTION('',(0.979457043257,0.20165292067,-5.E-17));
#197 = PCURVE('',#32,#198);
#198 = DEFINITIONAL_REPRESENTATION('',(#199),#202);
#199 = B_SPLINE_CURVE_WITH_KNOTS('',1,(#200,#201),.UNSPECIFIED.,.F.,.F.,
  (2,2),(-0.483534639394,11.218612053931),.PIECEWISE_BEZIER_KNOTS.);
#200 = CARTESIAN_POINT('',(-5.551115123126E-17,-13.4112));
#201 = CARTESIAN_POINT('',(11.702146693325,-13.4112));
#202 = ( GEOMETRIC_REPRESENTATION_CONTEXT(2) 
PARAMETRIC_REPRESENTATION_CONTEXT() REPRESENTATION_CONTEXT('2D SPACE',''
  ) );
#203 = PCURVE('',#204,#209);
#204 = PLANE('',#205);
#205 = AXIS2_PLACEMENT_3D('',#206,#207,#208);
#206 = CARTESIAN_POINT('',(-1.8E-16,2.814511738633,5.6896));
#207 = DIRECTION('',(0.,2.5E-16,1.));
#208 = DIRECTION('',(0.,1.,-2.5E-16));
#209 = DEFINITIONAL_REPRESENTATION('',(#210),#213);
#210 = B_SPLINE_CURVE_WITH_KNOTS('',1,(#211,#212),.UNSPECIFIED.,.F.,.F.,
  (2,2),(-0.483534639394,11.218612053931),.PIECEWISE_BEZIER_KNOTS.);
#211 = CARTESIAN_POINT('',(-4.795711738633,-5.551115123126E-17));
#212 = CARTESIAN_POINT('',(-2.435939679809,-11.46175));
#213 = ( GEOMETRIC_REPRESENTATION_CONTEXT(2) 
PARAMETRIC_REPRESENTATION_CONTEXT() REPRESENTATION_CONTEXT('2D SPACE',''
  ) );
#214 = ORIENTED_EDGE('',*,*,#215,.T.);
#215 = EDGE_CURVE('',#190,#216,#218,.T.);
#216 = VERTEX_POINT('',#217);
#217 = CARTESIAN_POINT('',(0.,-1.9812,6.5484375));
#218 = SURFACE_CURVE('',#219,(#223,#230),.PCURVE_S1.);
#219 = LINE('',#220,#221);
#220 = CARTESIAN_POINT('',(0.,-1.9812,-7.7216));
#221 = VECTOR('',#222,1.);
#222 = DIRECTION('',(0.,0.,1.));
#223 = PCURVE('',#32,#224);
#224 = DEFINITIONAL_REPRESENTATION('',(#225),#229);
#225 = LINE('',#226,#227);
#226 = CARTESIAN_POINT('',(-4.295517861096E-17,0.));
#227 = VECTOR('',#228,1.);
#228 = DIRECTION('',(0.,-1.));
#229 = ( GEOMETRIC_REPRESENTATION_CONTEXT(2) 
PARAMETRIC_REPRESENTATION_CONTEXT() REPRESENTATION_CONTEXT('2D SPACE',''
  ) );
#230 = PCURVE('',#125,#231);
#231 = DEFINITIONAL_REPRESENTATION('',(#232),#236);
#232 = LINE('',#233,#234);
#233 = CARTESIAN_POINT('',(13.776765497682,0.));
#234 = VECTOR('',#235,1.);
#235 = DIRECTION('',(0.,-1.));
#236 = ( GEOMETRIC_REPRESENTATION_CONTEXT(2) 
PARAMETRIC_REPRESENTATION_CONTEXT() REPRESENTATION_CONTEXT('2D SPACE',''
  ) );
#237 = ORIENTED_EDGE('',*,*,#238,.T.);
#238 = EDGE_CURVE('',#216,#239,#241,.T.);
#239 = VERTEX_POINT('',#240);
#240 = CARTESIAN_POINT('',(4.651198631898,-1.023600281668,6.5484375));
#241 = SURFACE_CURVE('',#242,(#246,#252),.PCURVE_S1.);
#242 = LINE('',#243,#244);
#243 = CARTESIAN_POINT('',(0.195653775934,-1.940918340249,6.5484375));
#244 = VECTOR('',#245,1.);
#245 = DIRECTION('',(0.979457043257,0.20165292067,0.));
#246 = PCURVE('',#32,#247);
#247 = DEFINITIONAL_REPRESENTATION('',(#248),#251);
#248 = B_SPLINE_CURVE_WITH_KNOTS('',1,(#249,#250),.UNSPECIFIED.,.F.,.F.,
  (2,2),(-0.199757383216,4.662630439495),.PIECEWISE_BEZIER_KNOTS.);
#249 = CARTESIAN_POINT('',(-5.551115123126E-17,-14.2700375));
#250 = CARTESIAN_POINT('',(4.862387822711,-14.2700375));
#251 = ( GEOMETRIC_REPRESENTATION_CONTEXT(2) 
PARAMETRIC_REPRESENTATION_CONTEXT() REPRESENTATION_CONTEXT('2D SPACE',''
  ) );
#252 = PCURVE('',#253,#258);
#253 = PLANE('',#254);
#254 = AXIS2_PLACEMENT_3D('',#255,#256,#257);
#255 = CARTESIAN_POINT('',(-1.2E-16,5.4E-16,6.5484375));
#256 = DIRECTION('',(0.,0.,1.));
#257 = DIRECTION('',(1.,0.,0.));
#258 = DEFINITIONAL_REPRESENTATION('',(#259),#262);
#259 = B_SPLINE_CURVE_WITH_KNOTS('',1,(#260,#261),.UNSPECIFIED.,.F.,.F.,
  (2,2),(-0.199757383216,4.662630439495),.PIECEWISE_BEZIER_KNOTS.);
#260 = CARTESIAN_POINT('',(5.551115123126E-17,-1.9812));
#261 = CARTESIAN_POINT('',(4.7625,-1.000685294118));
#262 = ( GEOMETRIC_REPRESENTATION_CONTEXT(2) 
PARAMETRIC_REPRESENTATION_CONTEXT() REPRESENTATION_CONTEXT('2D SPACE',''
  ) );
#263 = ORIENTED_EDGE('',*,*,#264,.F.);
#264 = EDGE_CURVE('',#265,#239,#267,.T.);
#265 = VERTEX_POINT('',#266);
#266 = CARTESIAN_POINT('',(4.651198631898,-1.023600281668,7.7216));
#267 = SURFACE_CURVE('',#268,(#272,#278),.PCURVE_S1.);
#268 = LINE('',#269,#270);
#269 = CARTESIAN_POINT('',(4.651198631898,-1.023600281668,6.5484375));
#270 = VECTOR('',#271,1.);
#271 = DIRECTION('',(-0.,-0.,-1.));
#272 = PCURVE('',#32,#273);
#273 = DEFINITIONAL_REPRESENTATION('',(#274),#277);
#274 = B_SPLINE_CURVE_WITH_KNOTS('',1,(#275,#276),.UNSPECIFIED.,.F.,.F.,
  (2,2),(-1.173255835107,9.333510742948E-05),.PIECEWISE_BEZIER_KNOTS.);
#275 = CARTESIAN_POINT('',(4.748752039633,-15.4432933351));
#276 = CARTESIAN_POINT('',(4.748752039633,-14.26994416489));
#277 = ( GEOMETRIC_REPRESENTATION_CONTEXT(2) 
PARAMETRIC_REPRESENTATION_CONTEXT() REPRESENTATION_CONTEXT('2D SPACE',''
  ) );
#278 = PCURVE('',#279,#284);
#279 = CYLINDRICAL_SURFACE('',#280,4.7625);
#280 = AXIS2_PLACEMENT_3D('',#281,#282,#283);
#281 = CARTESIAN_POINT('',(0.,0.,6.5484375));
#282 = DIRECTION('',(-0.,-0.,-1.));
#283 = DIRECTION('',(1.,0.,0.));
#284 = DEFINITIONAL_REPRESENTATION('',(#285),#289);
#285 = LINE('',#286,#287);
#286 = CARTESIAN_POINT('',(0.216619327881,-0.));
#287 = VECTOR('',#288,1.);
#288 = DIRECTION('',(-0.,1.));
#289 = ( GEOMETRIC_REPRESENTATION_CONTEXT(2) 
PARAMETRIC_REPRESENTATION_CONTEXT() REPRESENTATION_CONTEXT('2D SPACE',''
  ) );
#290 = ORIENTED_EDGE('',*,*,#291,.T.);
#291 = EDGE_CURVE('',#265,#292,#294,.T.);
#292 = VERTEX_POINT('',#293);
#293 = CARTESIAN_POINT('',(12.747146892172,0.643212595447,7.7216));
#294 = SURFACE_CURVE('',#295,(#299,#306),.PCURVE_S1.);
#295 = LINE('',#296,#297);
#296 = CARTESIAN_POINT('',(0.,-1.9812,7.7216));
#297 = VECTOR('',#298,1.);
#298 = DIRECTION('',(0.979457043257,0.20165292067,0.));
#299 = PCURVE('',#32,#300);
#300 = DEFINITIONAL_REPRESENTATION('',(#301),#305);
#301 = LINE('',#302,#303);
#302 = CARTESIAN_POINT('',(0.,-15.4432));
#303 = VECTOR('',#304,1.);
#304 = DIRECTION('',(1.,0.));
#305 = ( GEOMETRIC_REPRESENTATION_CONTEXT(2) 
PARAMETRIC_REPRESENTATION_CONTEXT() REPRESENTATION_CONTEXT('2D SPACE',''
  ) );
#306 = PCURVE('',#307,#312);
#307 = PLANE('',#308);
#308 = AXIS2_PLACEMENT_3D('',#309,#310,#311);
#309 = CARTESIAN_POINT('',(-1.4E-16,10.022599862208,7.7216));
#310 = DIRECTION('',(0.,0.,1.));
#311 = DIRECTION('',(1.,0.,0.));
#312 = DEFINITIONAL_REPRESENTATION('',(#313),#317);
#313 = LINE('',#314,#315);
#314 = CARTESIAN_POINT('',(1.4E-16,-12.0037998622));
#315 = VECTOR('',#316,1.);
#316 = DIRECTION('',(0.979457043257,0.20165292067));
#317 = ( GEOMETRIC_REPRESENTATION_CONTEXT(2) 
PARAMETRIC_REPRESENTATION_CONTEXT() REPRESENTATION_CONTEXT('2D SPACE',''
  ) );
#318 = ORIENTED_EDGE('',*,*,#319,.F.);
#319 = EDGE_CURVE('',#320,#292,#322,.T.);
#320 = VERTEX_POINT('',#321);
#321 = CARTESIAN_POINT('',(13.49375,0.796925,6.9596));
#322 = SURFACE_CURVE('',#323,(#328,#339),.PCURVE_S1.);
#323 = ELLIPSE('',#324,0.7622622278,0.762);
#324 = AXIS2_PLACEMENT_3D('',#325,#326,#327);
#325 = CARTESIAN_POINT('',(12.747146892172,0.643212595447,6.9596));
#326 = DIRECTION('',(0.20165292067,-0.979457043257,-0.));
#327 = DIRECTION('',(-0.979457043257,-0.20165292067,0.));
#328 = PCURVE('',#32,#329);
#329 = DEFINITIONAL_REPRESENTATION('',(#330),#338);
#330 = ( BOUNDED_CURVE() B_SPLINE_CURVE(2,(#331,#332,#333,#334,#335,#336
,#337),.UNSPECIFIED.,.T.,.F.) B_SPLINE_CURVE_WITH_KNOTS((1,2,2,2,2,1),(
    -2.094395102393,0.,2.094395102393,4.188790204786,6.28318530718,
8.377580409573),.UNSPECIFIED.) CURVE() GEOMETRIC_REPRESENTATION_ITEM() 
RATIONAL_B_SPLINE_CURVE((1.,0.5,1.,0.5,1.,0.5,1.)) REPRESENTATION_ITEM(
  '') );
#331 = CARTESIAN_POINT('',(12.252241042081,-14.6812));
#332 = CARTESIAN_POINT('',(12.252241042081,-13.36137728463));
#333 = CARTESIAN_POINT('',(13.395634383782,-14.02128864231));
#334 = CARTESIAN_POINT('',(14.539027725483,-14.6812));
#335 = CARTESIAN_POINT('',(13.395634383782,-15.34111135768));
#336 = CARTESIAN_POINT('',(12.252241042081,-16.00102271536));
#337 = CARTESIAN_POINT('',(12.252241042081,-14.6812));
#338 = ( GEOMETRIC_REPRESENTATION_CONTEXT(2) 
PARAMETRIC_REPRESENTATION_CONTEXT() REPRESENTATION_CONTEXT('2D SPACE',''
  ) );
#339 = PCURVE('',#340,#345);
#340 = CYLINDRICAL_SURFACE('',#341,0.762);
#341 = AXIS2_PLACEMENT_3D('',#342,#343,#344);
#342 = CARTESIAN_POINT('',(12.751690664198,0.623743181818,6.9596));
#343 = DIRECTION('',(-0.227272727273,0.973831149347,0.));
#344 = DIRECTION('',(0.973831149347,0.227272727273,0.));
#345 = DEFINITIONAL_REPRESENTATION('',(#346),#353);
#346 = B_SPLINE_CURVE_WITH_KNOTS('',5,(#347,#348,#349,#350,#351,#352),
  .UNSPECIFIED.,.F.,.F.,(6,6),(3.14159265359,4.712388980385),
  .PIECEWISE_BEZIER_KNOTS.);
#347 = CARTESIAN_POINT('',(0.,1.334002353026E-15));
#348 = CARTESIAN_POINT('',(-0.314159265359,1.323224282289E-15));
#349 = CARTESIAN_POINT('',(-0.628318509558,2.459693634405E-03));
#350 = CARTESIAN_POINT('',(-0.942477804324,7.425193193458E-03));
#351 = CARTESIAN_POINT('',(-1.256637061436,1.371173735339E-02));
#352 = CARTESIAN_POINT('',(-1.570796326795,1.999259691183E-02));
#353 = ( GEOMETRIC_REPRESENTATION_CONTEXT(2) 
PARAMETRIC_REPRESENTATION_CONTEXT() REPRESENTATION_CONTEXT('2D SPACE',''
  ) );
#354 = ORIENTED_EDGE('',*,*,#355,.F.);
#355 = EDGE_CURVE('',#356,#320,#358,.T.);
#356 = VERTEX_POINT('',#357);
#357 = CARTESIAN_POINT('',(13.49375,0.796925,-6.9596));
#358 = SURFACE_CURVE('',#359,(#363,#370),.PCURVE_S1.);
#359 = LINE('',#360,#361);
#360 = CARTESIAN_POINT('',(13.49375,0.796925,-7.7216));
#361 = VECTOR('',#362,1.);
#362 = DIRECTION('',(0.,0.,1.));
#363 = PCURVE('',#32,#364);
#364 = DEFINITIONAL_REPRESENTATION('',(#365),#369);
#365 = LINE('',#366,#367);
#366 = CARTESIAN_POINT('',(13.776765497682,0.));
#367 = VECTOR('',#368,1.);
#368 = DIRECTION('',(0.,-1.));
#369 = ( GEOMETRIC_REPRESENTATION_CONTEXT(2) 
PARAMETRIC_REPRESENTATION_CONTEXT() REPRESENTATION_CONTEXT('2D SPACE',''
  ) );
#370 = PCURVE('',#371,#376);
#371 = PLANE('',#372);
#372 = AXIS2_PLACEMENT_3D('',#373,#374,#375);
#373 = CARTESIAN_POINT('',(13.49375,0.796925,-7.7216));
#374 = DIRECTION('',(-0.973831149347,-0.227272727273,0.));
#375 = DIRECTION('',(-0.227272727273,0.973831149347,0.));
#376 = DEFINITIONAL_REPRESENTATION('',(#377),#381);
#377 = LINE('',#378,#379);
#378 = CARTESIAN_POINT('',(0.,0.));
#379 = VECTOR('',#380,1.);
#380 = DIRECTION('',(0.,-1.));
#381 = ( GEOMETRIC_REPRESENTATION_CONTEXT(2) 
PARAMETRIC_REPRESENTATION_CONTEXT() REPRESENTATION_CONTEXT('2D SPACE',''
  ) );
#382 = ORIENTED_EDGE('',*,*,#383,.F.);
#383 = EDGE_CURVE('',#24,#356,#384,.T.);
#384 = SURFACE_CURVE('',#385,(#390,#401),.PCURVE_S1.);
#385 = ELLIPSE('',#386,0.7622622278,0.762);
#386 = AXIS2_PLACEMENT_3D('',#387,#388,#389);
#387 = CARTESIAN_POINT('',(12.747146892172,0.643212595447,-6.9596));
#388 = DIRECTION('',(0.20165292067,-0.979457043257,-0.));
#389 = DIRECTION('',(-0.979457043257,-0.20165292067,0.));
#390 = PCURVE('',#32,#391);
#391 = DEFINITIONAL_REPRESENTATION('',(#392),#400);
#392 = ( BOUNDED_CURVE() B_SPLINE_CURVE(2,(#393,#394,#395,#396,#397,#398
,#399),.UNSPECIFIED.,.T.,.F.) B_SPLINE_CURVE_WITH_KNOTS((1,2,2,2,2,1),(
    -2.094395102393,0.,2.094395102393,4.188790204786,6.28318530718,
8.377580409573),.UNSPECIFIED.) CURVE() GEOMETRIC_REPRESENTATION_ITEM() 
RATIONAL_B_SPLINE_CURVE((1.,0.5,1.,0.5,1.,0.5,1.)) REPRESENTATION_ITEM(
  '') );
#393 = CARTESIAN_POINT('',(12.252241042081,-0.762));
#394 = CARTESIAN_POINT('',(12.252241042081,0.557822715367));
#395 = CARTESIAN_POINT('',(13.395634383782,-0.102088642316));
#396 = CARTESIAN_POINT('',(14.539027725483,-0.762));
#397 = CARTESIAN_POINT('',(13.395634383782,-1.421911357684));
#398 = CARTESIAN_POINT('',(12.252241042081,-2.081822715367));
#399 = CARTESIAN_POINT('',(12.252241042081,-0.762));
#400 = ( GEOMETRIC_REPRESENTATION_CONTEXT(2) 
PARAMETRIC_REPRESENTATION_CONTEXT() REPRESENTATION_CONTEXT('2D SPACE',''
  ) );
#401 = PCURVE('',#402,#407);
#402 = CYLINDRICAL_SURFACE('',#403,0.762);
#403 = AXIS2_PLACEMENT_3D('',#404,#405,#406);
#404 = CARTESIAN_POINT('',(12.751690664198,0.623743181818,-6.9596));
#405 = DIRECTION('',(-0.227272727273,0.973831149347,0.));
#406 = DIRECTION('',(-0.,0.,-1.));
#407 = DEFINITIONAL_REPRESENTATION('',(#408),#415);
#408 = B_SPLINE_CURVE_WITH_KNOTS('',5,(#409,#410,#411,#412,#413,#414),
  .UNSPECIFIED.,.F.,.F.,(6,6),(1.570796326795,3.14159265359),
  .PIECEWISE_BEZIER_KNOTS.);
#409 = CARTESIAN_POINT('',(2.6645352591E-15,1.999259691183E-02));
#410 = CARTESIAN_POINT('',(-0.314159265359,1.371173735339E-02));
#411 = CARTESIAN_POINT('',(-0.628318522471,7.425193193458E-03));
#412 = CARTESIAN_POINT('',(-0.942477817237,2.459693634405E-03));
#413 = CARTESIAN_POINT('',(-1.256637061436,1.341172543394E-15));
#414 = CARTESIAN_POINT('',(-1.570796326795,1.333134991288E-15));
#415 = ( GEOMETRIC_REPRESENTATION_CONTEXT(2) 
PARAMETRIC_REPRESENTATION_CONTEXT() REPRESENTATION_CONTEXT('2D SPACE',''
  ) );
#416 = ADVANCED_FACE('',(#417),#44,.F.);
#417 = FACE_BOUND('',#418,.F.);
#418 = EDGE_LOOP('',(#419,#444,#468,#490,#491,#514,#542,#571,#599,#627,
    #655,#684,#712));
#419 = ORIENTED_EDGE('',*,*,#420,.T.);
#420 = EDGE_CURVE('',#421,#423,#425,.T.);
#421 = VERTEX_POINT('',#422);
#422 = CARTESIAN_POINT('',(-12.74714689217,0.643212595447,-7.7216));
#423 = VERTEX_POINT('',#424);
#424 = CARTESIAN_POINT('',(-4.651198631898,-1.023600281668,-7.7216));
#425 = SURFACE_CURVE('',#426,(#430,#437),.PCURVE_S1.);
#426 = LINE('',#427,#428);
#427 = CARTESIAN_POINT('',(-13.49375,0.796925,-7.7216));
#428 = VECTOR('',#429,1.);
#429 = DIRECTION('',(0.979457043257,-0.20165292067,0.));
#430 = PCURVE('',#44,#431);
#431 = DEFINITIONAL_REPRESENTATION('',(#432),#436);
#432 = LINE('',#433,#434);
#433 = CARTESIAN_POINT('',(-13.49375,-9.225674862208));
#434 = VECTOR('',#435,1.);
#435 = DIRECTION('',(0.979457043257,-0.20165292067));
#436 = ( GEOMETRIC_REPRESENTATION_CONTEXT(2) 
PARAMETRIC_REPRESENTATION_CONTEXT() REPRESENTATION_CONTEXT('2D SPACE',''
  ) );
#437 = PCURVE('',#125,#438);
#438 = DEFINITIONAL_REPRESENTATION('',(#439),#443);
#439 = LINE('',#440,#441);
#440 = CARTESIAN_POINT('',(0.,0.));
#441 = VECTOR('',#442,1.);
#442 = DIRECTION('',(1.,0.));
#443 = ( GEOMETRIC_REPRESENTATION_CONTEXT(2) 
PARAMETRIC_REPRESENTATION_CONTEXT() REPRESENTATION_CONTEXT('2D SPACE',''
  ) );
#444 = ORIENTED_EDGE('',*,*,#445,.F.);
#445 = EDGE_CURVE('',#446,#423,#448,.T.);
#446 = VERTEX_POINT('',#447);
#447 = CARTESIAN_POINT('',(4.7625,0.,-7.7216));
#448 = SURFACE_CURVE('',#449,(#454,#461),.PCURVE_S1.);
#449 = CIRCLE('',#450,4.7625);
#450 = AXIS2_PLACEMENT_3D('',#451,#452,#453);
#451 = CARTESIAN_POINT('',(0.,0.,-7.7216));
#452 = DIRECTION('',(0.,0.,1.));
#453 = DIRECTION('',(1.,0.,0.));
#454 = PCURVE('',#44,#455);
#455 = DEFINITIONAL_REPRESENTATION('',(#456),#460);
#456 = CIRCLE('',#457,4.7625);
#457 = AXIS2_PLACEMENT_2D('',#458,#459);
#458 = CARTESIAN_POINT('',(1.4E-16,-10.0225998622));
#459 = DIRECTION('',(1.,0.));
#460 = ( GEOMETRIC_REPRESENTATION_CONTEXT(2) 
PARAMETRIC_REPRESENTATION_CONTEXT() REPRESENTATION_CONTEXT('2D SPACE',''
  ) );
#461 = PCURVE('',#71,#462);
#462 = DEFINITIONAL_REPRESENTATION('',(#463),#467);
#463 = LINE('',#464,#465);
#464 = CARTESIAN_POINT('',(0.,-1.1731625));
#465 = VECTOR('',#466,1.);
#466 = DIRECTION('',(1.,0.));
#467 = ( GEOMETRIC_REPRESENTATION_CONTEXT(2) 
PARAMETRIC_REPRESENTATION_CONTEXT() REPRESENTATION_CONTEXT('2D SPACE',''
  ) );
#468 = ORIENTED_EDGE('',*,*,#469,.F.);
#469 = EDGE_CURVE('',#22,#446,#470,.T.);
#470 = SURFACE_CURVE('',#471,(#476,#483),.PCURVE_S1.);
#471 = CIRCLE('',#472,4.7625);
#472 = AXIS2_PLACEMENT_3D('',#473,#474,#475);
#473 = CARTESIAN_POINT('',(0.,0.,-7.7216));
#474 = DIRECTION('',(0.,0.,1.));
#475 = DIRECTION('',(1.,0.,0.));
#476 = PCURVE('',#44,#477);
#477 = DEFINITIONAL_REPRESENTATION('',(#478),#482);
#478 = CIRCLE('',#479,4.7625);
#479 = AXIS2_PLACEMENT_2D('',#480,#481);
#480 = CARTESIAN_POINT('',(1.4E-16,-10.0225998622));
#481 = DIRECTION('',(1.,0.));
#482 = ( GEOMETRIC_REPRESENTATION_CONTEXT(2) 
PARAMETRIC_REPRESENTATION_CONTEXT() REPRESENTATION_CONTEXT('2D SPACE',''
  ) );
#483 = PCURVE('',#71,#484);
#484 = DEFINITIONAL_REPRESENTATION('',(#485),#489);
#485 = LINE('',#486,#487);
#486 = CARTESIAN_POINT('',(-6.28318530718,-1.1731625));
#487 = VECTOR('',#488,1.);
#488 = DIRECTION('',(1.,0.));
#489 = ( GEOMETRIC_REPRESENTATION_CONTEXT(2) 
PARAMETRIC_REPRESENTATION_CONTEXT() REPRESENTATION_CONTEXT('2D SPACE',''
  ) );
#490 = ORIENTED_EDGE('',*,*,#21,.T.);
#491 = ORIENTED_EDGE('',*,*,#492,.T.);
#492 = EDGE_CURVE('',#24,#493,#495,.T.);
#493 = VERTEX_POINT('',#494);
#494 = CARTESIAN_POINT('',(11.865379482943,4.421459901627,-7.7216));
#495 = SURFACE_CURVE('',#496,(#500,#507),.PCURVE_S1.);
#496 = LINE('',#497,#498);
#497 = CARTESIAN_POINT('',(12.751690664198,0.623743181818,-7.7216));
#498 = VECTOR('',#499,1.);
#499 = DIRECTION('',(-0.227272727273,0.973831149347,0.));
#500 = PCURVE('',#44,#501);
#501 = DEFINITIONAL_REPRESENTATION('',(#502),#506);
#502 = LINE('',#503,#504);
#503 = CARTESIAN_POINT('',(12.751690664198,-9.39885668039));
#504 = VECTOR('',#505,1.);
#505 = DIRECTION('',(-0.227272727273,0.973831149347));
#506 = ( GEOMETRIC_REPRESENTATION_CONTEXT(2) 
PARAMETRIC_REPRESENTATION_CONTEXT() REPRESENTATION_CONTEXT('2D SPACE',''
  ) );
#507 = PCURVE('',#402,#508);
#508 = DEFINITIONAL_REPRESENTATION('',(#509),#513);
#509 = LINE('',#510,#511);
#510 = CARTESIAN_POINT('',(-0.,0.));
#511 = VECTOR('',#512,1.);
#512 = DIRECTION('',(-0.,1.));
#513 = ( GEOMETRIC_REPRESENTATION_CONTEXT(2) 
PARAMETRIC_REPRESENTATION_CONTEXT() REPRESENTATION_CONTEXT('2D SPACE',''
  ) );
#514 = ORIENTED_EDGE('',*,*,#515,.T.);
#515 = EDGE_CURVE('',#493,#516,#518,.T.);
#516 = VERTEX_POINT('',#517);
#517 = CARTESIAN_POINT('',(2.840436235976,6.668887909917,-7.7216));
#518 = SURFACE_CURVE('',#519,(#523,#530),.PCURVE_S1.);
#519 = LINE('',#520,#521);
#520 = CARTESIAN_POINT('',(12.31742961073,4.308888543499,-7.7216));
#521 = VECTOR('',#522,1.);
#522 = DIRECTION('',(-0.970364918461,0.24164421164,0.));
#523 = PCURVE('',#44,#524);
#524 = DEFINITIONAL_REPRESENTATION('',(#525),#529);
#525 = LINE('',#526,#527);
#526 = CARTESIAN_POINT('',(12.31742961073,-5.713711318709));
#527 = VECTOR('',#528,1.);
#528 = DIRECTION('',(-0.970364918461,0.24164421164));
#529 = ( GEOMETRIC_REPRESENTATION_CONTEXT(2) 
PARAMETRIC_REPRESENTATION_CONTEXT() REPRESENTATION_CONTEXT('2D SPACE',''
  ) );
#530 = PCURVE('',#531,#536);
#531 = CYLINDRICAL_SURFACE('',#532,0.762);
#532 = AXIS2_PLACEMENT_3D('',#533,#534,#535);
#533 = CARTESIAN_POINT('',(12.31742961073,4.308888543499,-6.9596));
#534 = DIRECTION('',(-0.970364918461,0.24164421164,0.));
#535 = DIRECTION('',(-0.,0.,-1.));
#536 = DEFINITIONAL_REPRESENTATION('',(#537),#541);
#537 = LINE('',#538,#539);
#538 = CARTESIAN_POINT('',(-0.,0.));
#539 = VECTOR('',#540,1.);
#540 = DIRECTION('',(-0.,1.));
#541 = ( GEOMETRIC_REPRESENTATION_CONTEXT(2) 
PARAMETRIC_REPRESENTATION_CONTEXT() REPRESENTATION_CONTEXT('2D SPACE',''
  ) );
#542 = ORIENTED_EDGE('',*,*,#543,.F.);
#543 = EDGE_CURVE('',#544,#516,#546,.T.);
#544 = VERTEX_POINT('',#545);
#545 = CARTESIAN_POINT('',(1.687262076158,8.059426174973,-7.7216));
#546 = SURFACE_CURVE('',#547,(#552,#559),.PCURVE_S1.);
#547 = CIRCLE('',#548,1.524);
#548 = AXIS2_PLACEMENT_3D('',#549,#550,#551);
#549 = CARTESIAN_POINT('',(3.208702014516,8.147724045653,-7.7216));
#550 = DIRECTION('',(0.,0.,1.));
#551 = DIRECTION('',(-0.998320169527,-5.793823535403E-02,0.));
#552 = PCURVE('',#44,#553);
#553 = DEFINITIONAL_REPRESENTATION('',(#554),#558);
#554 = CIRCLE('',#555,1.524);
#555 = AXIS2_PLACEMENT_2D('',#556,#557);
#556 = CARTESIAN_POINT('',(3.208702014516,-1.874875816555));
#557 = DIRECTION('',(-0.998320169527,-5.793823535403E-02));
#558 = ( GEOMETRIC_REPRESENTATION_CONTEXT(2) 
PARAMETRIC_REPRESENTATION_CONTEXT() REPRESENTATION_CONTEXT('2D SPACE',''
  ) );
#559 = PCURVE('',#560,#565);
#560 = TOROIDAL_SURFACE('',#561,1.524,0.762);
#561 = AXIS2_PLACEMENT_3D('',#562,#563,#564);
#562 = CARTESIAN_POINT('',(3.208702014516,8.147724045653,-6.9596));
#563 = DIRECTION('',(-0.,-0.,-1.));
#564 = DIRECTION('',(-0.998320169527,-5.793823535403E-02,0.));
#565 = DEFINITIONAL_REPRESENTATION('',(#566),#570);
#566 = LINE('',#567,#568);
#567 = CARTESIAN_POINT('',(-0.,1.570796326795));
#568 = VECTOR('',#569,1.);
#569 = DIRECTION('',(-1.,0.));
#570 = ( GEOMETRIC_REPRESENTATION_CONTEXT(2) 
PARAMETRIC_REPRESENTATION_CONTEXT() REPRESENTATION_CONTEXT('2D SPACE',''
  ) );
#571 = ORIENTED_EDGE('',*,*,#572,.T.);
#572 = EDGE_CURVE('',#544,#573,#575,.T.);
#573 = VERTEX_POINT('',#574);
#574 = CARTESIAN_POINT('',(0.471566038184,29.0068,-7.7216));
#575 = SURFACE_CURVE('',#576,(#580,#587),.PCURVE_S1.);
#576 = LINE('',#577,#578);
#577 = CARTESIAN_POINT('',(1.719749030821,7.49965106466,-7.7216));
#578 = VECTOR('',#579,1.);
#579 = DIRECTION('',(-5.793823535402E-02,0.998320169527,0.));
#580 = PCURVE('',#44,#581);
#581 = DEFINITIONAL_REPRESENTATION('',(#582),#586);
#582 = LINE('',#583,#584);
#583 = CARTESIAN_POINT('',(1.719749030821,-2.522948797548));
#584 = VECTOR('',#585,1.);
#585 = DIRECTION('',(-5.793823535402E-02,0.998320169527));
#586 = ( GEOMETRIC_REPRESENTATION_CONTEXT(2) 
PARAMETRIC_REPRESENTATION_CONTEXT() REPRESENTATION_CONTEXT('2D SPACE',''
  ) );
#587 = PCURVE('',#588,#593);
#588 = CYLINDRICAL_SURFACE('',#589,0.762);
#589 = AXIS2_PLACEMENT_3D('',#590,#591,#592);
#590 = CARTESIAN_POINT('',(1.719749030821,7.49965106466,-6.9596));
#591 = DIRECTION('',(-5.793823535402E-02,0.998320169527,0.));
#592 = DIRECTION('',(-0.,0.,-1.));
#593 = DEFINITIONAL_REPRESENTATION('',(#594),#598);
#594 = LINE('',#595,#596);
#595 = CARTESIAN_POINT('',(-0.,0.));
#596 = VECTOR('',#597,1.);
#597 = DIRECTION('',(-0.,1.));
#598 = ( GEOMETRIC_REPRESENTATION_CONTEXT(2) 
PARAMETRIC_REPRESENTATION_CONTEXT() REPRESENTATION_CONTEXT('2D SPACE',''
  ) );
#599 = ORIENTED_EDGE('',*,*,#600,.T.);
#600 = EDGE_CURVE('',#573,#601,#603,.T.);
#601 = VERTEX_POINT('',#602);
#602 = CARTESIAN_POINT('',(-0.471566038184,29.0068,-7.7216));
#603 = SURFACE_CURVE('',#604,(#608,#615),.PCURVE_S1.);
#604 = LINE('',#605,#606);
#605 = CARTESIAN_POINT('',(1.190625,29.0068,-7.7216));
#606 = VECTOR('',#607,1.);
#607 = DIRECTION('',(-1.,0.,0.));
#608 = PCURVE('',#44,#609);
#609 = DEFINITIONAL_REPRESENTATION('',(#610),#614);
#610 = LINE('',#611,#612);
#611 = CARTESIAN_POINT('',(1.190625,18.984200137792));
#612 = VECTOR('',#613,1.);
#613 = DIRECTION('',(-1.,0.));
#614 = ( GEOMETRIC_REPRESENTATION_CONTEXT(2) 
PARAMETRIC_REPRESENTATION_CONTEXT() REPRESENTATION_CONTEXT('2D SPACE',''
  ) );
#615 = PCURVE('',#616,#621);
#616 = CYLINDRICAL_SURFACE('',#617,0.762);
#617 = AXIS2_PLACEMENT_3D('',#618,#619,#620);
#618 = CARTESIAN_POINT('',(1.190625,29.0068,-6.9596));
#619 = DIRECTION('',(-1.,0.,0.));
#620 = DIRECTION('',(-0.,0.,-1.));
#621 = DEFINITIONAL_REPRESENTATION('',(#622),#626);
#622 = LINE('',#623,#624);
#623 = CARTESIAN_POINT('',(-0.,0.));
#624 = VECTOR('',#625,1.);
#625 = DIRECTION('',(-0.,1.));
#626 = ( GEOMETRIC_REPRESENTATION_CONTEXT(2) 
PARAMETRIC_REPRESENTATION_CONTEXT() REPRESENTATION_CONTEXT('2D SPACE',''
  ) );
#627 = ORIENTED_EDGE('',*,*,#628,.T.);
#628 = EDGE_CURVE('',#601,#629,#631,.T.);
#629 = VERTEX_POINT('',#630);
#630 = CARTESIAN_POINT('',(-1.687262076158,8.059426174973,-7.7216));
#631 = SURFACE_CURVE('',#632,(#636,#643),.PCURVE_S1.);
#632 = LINE('',#633,#634);
#633 = CARTESIAN_POINT('',(-0.429905030821,29.72465106466,-7.7216));
#634 = VECTOR('',#635,1.);
#635 = DIRECTION('',(-5.793823535402E-02,-0.998320169527,0.));
#636 = PCURVE('',#44,#637);
#637 = DEFINITIONAL_REPRESENTATION('',(#638),#642);
#638 = LINE('',#639,#640);
#639 = CARTESIAN_POINT('',(-0.429905030821,19.702051202452));
#640 = VECTOR('',#641,1.);
#641 = DIRECTION('',(-5.793823535402E-02,-0.998320169527));
#642 = ( GEOMETRIC_REPRESENTATION_CONTEXT(2) 
PARAMETRIC_REPRESENTATION_CONTEXT() REPRESENTATION_CONTEXT('2D SPACE',''
  ) );
#643 = PCURVE('',#644,#649);
#644 = CYLINDRICAL_SURFACE('',#645,0.762);
#645 = AXIS2_PLACEMENT_3D('',#646,#647,#648);
#646 = CARTESIAN_POINT('',(-0.429905030821,29.72465106466,-6.9596));
#647 = DIRECTION('',(-5.793823535402E-02,-0.998320169527,0.));
#648 = DIRECTION('',(-0.,0.,-1.));
#649 = DEFINITIONAL_REPRESENTATION('',(#650),#654);
#650 = LINE('',#651,#652);
#651 = CARTESIAN_POINT('',(-0.,0.));
#652 = VECTOR('',#653,1.);
#653 = DIRECTION('',(-0.,1.));
#654 = ( GEOMETRIC_REPRESENTATION_CONTEXT(2) 
PARAMETRIC_REPRESENTATION_CONTEXT() REPRESENTATION_CONTEXT('2D SPACE',''
  ) );
#655 = ORIENTED_EDGE('',*,*,#656,.F.);
#656 = EDGE_CURVE('',#657,#629,#659,.T.);
#657 = VERTEX_POINT('',#658);
#658 = CARTESIAN_POINT('',(-2.840436235976,6.668887909917,-7.7216));
#659 = SURFACE_CURVE('',#660,(#665,#672),.PCURVE_S1.);
#660 = CIRCLE('',#661,1.524);
#661 = AXIS2_PLACEMENT_3D('',#662,#663,#664);
#662 = CARTESIAN_POINT('',(-3.208702014516,8.147724045653,-7.7216));
#663 = DIRECTION('',(0.,0.,1.));
#664 = DIRECTION('',(0.24164421164,-0.970364918461,0.));
#665 = PCURVE('',#44,#666);
#666 = DEFINITIONAL_REPRESENTATION('',(#667),#671);
#667 = CIRCLE('',#668,1.524);
#668 = AXIS2_PLACEMENT_2D('',#669,#670);
#669 = CARTESIAN_POINT('',(-3.208702014516,-1.874875816555));
#670 = DIRECTION('',(0.24164421164,-0.970364918461));
#671 = ( GEOMETRIC_REPRESENTATION_CONTEXT(2) 
PARAMETRIC_REPRESENTATION_CONTEXT() REPRESENTATION_CONTEXT('2D SPACE',''
  ) );
#672 = PCURVE('',#673,#678);
#673 = TOROIDAL_SURFACE('',#674,1.524,0.762);
#674 = AXIS2_PLACEMENT_3D('',#675,#676,#677);
#675 = CARTESIAN_POINT('',(-3.208702014516,8.147724045653,-6.9596));
#676 = DIRECTION('',(-0.,-0.,-1.));
#677 = DIRECTION('',(0.24164421164,-0.970364918461,0.));
#678 = DEFINITIONAL_REPRESENTATION('',(#679),#683);
#679 = LINE('',#680,#681);
#680 = CARTESIAN_POINT('',(-0.,1.570796326795));
#681 = VECTOR('',#682,1.);
#682 = DIRECTION('',(-1.,0.));
#683 = ( GEOMETRIC_REPRESENTATION_CONTEXT(2) 
PARAMETRIC_REPRESENTATION_CONTEXT() REPRESENTATION_CONTEXT('2D SPACE',''
  ) );
#684 = ORIENTED_EDGE('',*,*,#685,.T.);
#685 = EDGE_CURVE('',#657,#686,#688,.T.);
#686 = VERTEX_POINT('',#687);
#687 = CARTESIAN_POINT('',(-11.86537948294,4.421459901627,-7.7216));
#688 = SURFACE_CURVE('',#689,(#693,#700),.PCURVE_S1.);
#689 = LINE('',#690,#691);
#690 = CARTESIAN_POINT('',(-2.29633611073,6.804381932132,-7.7216));
#691 = VECTOR('',#692,1.);
#692 = DIRECTION('',(-0.970364918461,-0.24164421164,0.));
#693 = PCURVE('',#44,#694);
#694 = DEFINITIONAL_REPRESENTATION('',(#695),#699);
#695 = LINE('',#696,#697);
#696 = CARTESIAN_POINT('',(-2.29633611073,-3.218217930076));
#697 = VECTOR('',#698,1.);
#698 = DIRECTION('',(-0.970364918461,-0.24164421164));
#699 = ( GEOMETRIC_REPRESENTATION_CONTEXT(2) 
PARAMETRIC_REPRESENTATION_CONTEXT() REPRESENTATION_CONTEXT('2D SPACE',''
  ) );
#700 = PCURVE('',#701,#706);
#701 = CYLINDRICAL_SURFACE('',#702,0.762);
#702 = AXIS2_PLACEMENT_3D('',#703,#704,#705);
#703 = CARTESIAN_POINT('',(-2.29633611073,6.804381932132,-6.9596));
#704 = DIRECTION('',(-0.970364918461,-0.24164421164,0.));
#705 = DIRECTION('',(-0.,0.,-1.));
#706 = DEFINITIONAL_REPRESENTATION('',(#707),#711);
#707 = LINE('',#708,#709);
#708 = CARTESIAN_POINT('',(-0.,0.));
#709 = VECTOR('',#710,1.);
#710 = DIRECTION('',(-0.,1.));
#711 = ( GEOMETRIC_REPRESENTATION_CONTEXT(2) 
PARAMETRIC_REPRESENTATION_CONTEXT() REPRESENTATION_CONTEXT('2D SPACE',''
  ) );
#712 = ORIENTED_EDGE('',*,*,#713,.T.);
#713 = EDGE_CURVE('',#686,#421,#714,.T.);
#714 = SURFACE_CURVE('',#715,(#719,#726),.PCURVE_S1.);
#715 = LINE('',#716,#717);
#716 = CARTESIAN_POINT('',(-11.75950316419,4.875124793185,-7.7216));
#717 = VECTOR('',#718,1.);
#718 = DIRECTION('',(-0.227272727273,-0.973831149347,0.));
#719 = PCURVE('',#44,#720);
#720 = DEFINITIONAL_REPRESENTATION('',(#721),#725);
#721 = LINE('',#722,#723);
#722 = CARTESIAN_POINT('',(-11.75950316419,-5.147475069023));
#723 = VECTOR('',#724,1.);
#724 = DIRECTION('',(-0.227272727273,-0.973831149347));
#725 = ( GEOMETRIC_REPRESENTATION_CONTEXT(2) 
PARAMETRIC_REPRESENTATION_CONTEXT() REPRESENTATION_CONTEXT('2D SPACE',''
  ) );
#726 = PCURVE('',#727,#732);
#727 = CYLINDRICAL_SURFACE('',#728,0.762);
#728 = AXIS2_PLACEMENT_3D('',#729,#730,#731);
#729 = CARTESIAN_POINT('',(-11.75950316419,4.875124793185,-6.9596));
#730 = DIRECTION('',(-0.227272727273,-0.973831149347,0.));
#731 = DIRECTION('',(-0.,0.,-1.));
#732 = DEFINITIONAL_REPRESENTATION('',(#733),#737);
#733 = LINE('',#734,#735);
#734 = CARTESIAN_POINT('',(-0.,0.));
#735 = VECTOR('',#736,1.);
#736 = DIRECTION('',(-0.,1.));
#737 = ( GEOMETRIC_REPRESENTATION_CONTEXT(2) 
PARAMETRIC_REPRESENTATION_CONTEXT() REPRESENTATION_CONTEXT('2D SPACE',''
  ) );
#738 = ADVANCED_FACE('',(#739),#402,.T.);
#739 = FACE_BOUND('',#740,.F.);
#740 = EDGE_LOOP('',(#741,#742,#765,#790));
#741 = ORIENTED_EDGE('',*,*,#383,.T.);
#742 = ORIENTED_EDGE('',*,*,#743,.T.);
#743 = EDGE_CURVE('',#356,#744,#746,.T.);
#744 = VERTEX_POINT('',#745);
#745 = CARTESIAN_POINT('',(12.607438818745,4.594641719809,-6.9596));
#746 = SURFACE_CURVE('',#747,(#751,#758),.PCURVE_S1.);
#747 = LINE('',#748,#749);
#748 = CARTESIAN_POINT('',(13.49375,0.796925,-6.9596));
#749 = VECTOR('',#750,1.);
#750 = DIRECTION('',(-0.227272727273,0.973831149347,0.));
#751 = PCURVE('',#402,#752);
#752 = DEFINITIONAL_REPRESENTATION('',(#753),#757);
#753 = LINE('',#754,#755);
#754 = CARTESIAN_POINT('',(-1.570796326795,0.));
#755 = VECTOR('',#756,1.);
#756 = DIRECTION('',(-0.,1.));
#757 = ( GEOMETRIC_REPRESENTATION_CONTEXT(2) 
PARAMETRIC_REPRESENTATION_CONTEXT() REPRESENTATION_CONTEXT('2D SPACE',''
  ) );
#758 = PCURVE('',#371,#759);
#759 = DEFINITIONAL_REPRESENTATION('',(#760),#764);
#760 = LINE('',#761,#762);
#761 = CARTESIAN_POINT('',(-8.881784197001E-16,-0.762));
#762 = VECTOR('',#763,1.);
#763 = DIRECTION('',(1.,0.));
#764 = ( GEOMETRIC_REPRESENTATION_CONTEXT(2) 
PARAMETRIC_REPRESENTATION_CONTEXT() REPRESENTATION_CONTEXT('2D SPACE',''
  ) );
#765 = ORIENTED_EDGE('',*,*,#766,.F.);
#766 = EDGE_CURVE('',#493,#744,#767,.T.);
#767 = SURFACE_CURVE('',#768,(#773,#779),.PCURVE_S1.);
#768 = CIRCLE('',#769,0.762);
#769 = AXIS2_PLACEMENT_3D('',#770,#771,#772);
#770 = CARTESIAN_POINT('',(11.865379482943,4.421459901627,-6.9596));
#771 = DIRECTION('',(0.227272727273,-0.973831149347,0.));
#772 = DIRECTION('',(0.973831149347,0.227272727273,0.));
#773 = PCURVE('',#402,#774);
#774 = DEFINITIONAL_REPRESENTATION('',(#775),#778);
#775 = B_SPLINE_CURVE_WITH_KNOTS('',1,(#776,#777),.UNSPECIFIED.,.F.,.F.,
  (2,2),(4.712388980385,6.28318530718),.PIECEWISE_BEZIER_KNOTS.);
#776 = CARTESIAN_POINT('',(0.,3.899769197521));
#777 = CARTESIAN_POINT('',(-1.570796326795,3.899769197521));
#778 = ( GEOMETRIC_REPRESENTATION_CONTEXT(2) 
PARAMETRIC_REPRESENTATION_CONTEXT() REPRESENTATION_CONTEXT('2D SPACE',''
  ) );
#779 = PCURVE('',#780,#785);
#780 = SPHERICAL_SURFACE('',#781,0.762);
#781 = AXIS2_PLACEMENT_3D('',#782,#783,#784);
#782 = CARTESIAN_POINT('',(11.865379482943,4.421459901627,-6.9596));
#783 = DIRECTION('',(0.,0.,1.));
#784 = DIRECTION('',(0.24164421164,0.970364918461,-0.));
#785 = DEFINITIONAL_REPRESENTATION('',(#786),#789);
#786 = B_SPLINE_CURVE_WITH_KNOTS('',1,(#787,#788),.UNSPECIFIED.,.F.,.F.,
  (2,2),(4.712388980385,6.28318530718),.PIECEWISE_BEZIER_KNOTS.);
#787 = CARTESIAN_POINT('',(-1.097460202969,-1.570796326795));
#788 = CARTESIAN_POINT('',(-1.097460202969,0.));
#789 = ( GEOMETRIC_REPRESENTATION_CONTEXT(2) 
PARAMETRIC_REPRESENTATION_CONTEXT() REPRESENTATION_CONTEXT('2D SPACE',''
  ) );
#790 = ORIENTED_EDGE('',*,*,#492,.F.);
#791 = ADVANCED_FACE('',(#792),#71,.F.);
#792 = FACE_BOUND('',#793,.F.);
#793 = EDGE_LOOP('',(#794,#816,#844,#870,#871,#872));
#794 = ORIENTED_EDGE('',*,*,#795,.T.);
#795 = EDGE_CURVE('',#423,#796,#798,.T.);
#796 = VERTEX_POINT('',#797);
#797 = CARTESIAN_POINT('',(-4.651198631898,-1.023600281668,-6.5484375));
#798 = SURFACE_CURVE('',#799,(#803,#810),.PCURVE_S1.);
#799 = LINE('',#800,#801);
#800 = CARTESIAN_POINT('',(-4.651198631898,-1.023600281668,-6.5484375));
#801 = VECTOR('',#802,1.);
#802 = DIRECTION('',(0.,0.,1.));
#803 = PCURVE('',#71,#804);
#804 = DEFINITIONAL_REPRESENTATION('',(#805),#809);
#805 = LINE('',#806,#807);
#806 = CARTESIAN_POINT('',(3.358211981471,0.));
#807 = VECTOR('',#808,1.);
#808 = DIRECTION('',(0.,1.));
#809 = ( GEOMETRIC_REPRESENTATION_CONTEXT(2) 
PARAMETRIC_REPRESENTATION_CONTEXT() REPRESENTATION_CONTEXT('2D SPACE',''
  ) );
#810 = PCURVE('',#125,#811);
#811 = DEFINITIONAL_REPRESENTATION('',(#812),#815);
#812 = B_SPLINE_CURVE_WITH_KNOTS('',1,(#813,#814),.UNSPECIFIED.,.F.,.F.,
  (2,2),(-1.173255835107,9.333510742948E-05),.PIECEWISE_BEZIER_KNOTS.);
#813 = CARTESIAN_POINT('',(9.028013458049,9.333510742682E-05));
#814 = CARTESIAN_POINT('',(9.028013458049,-1.173255835107));
#815 = ( GEOMETRIC_REPRESENTATION_CONTEXT(2) 
PARAMETRIC_REPRESENTATION_CONTEXT() REPRESENTATION_CONTEXT('2D SPACE',''
  ) );
#816 = ORIENTED_EDGE('',*,*,#817,.F.);
#817 = EDGE_CURVE('',#818,#796,#820,.T.);
#818 = VERTEX_POINT('',#819);
#819 = CARTESIAN_POINT('',(4.7625,0.,-6.5484375));
#820 = SURFACE_CURVE('',#821,(#826,#833),.PCURVE_S1.);
#821 = CIRCLE('',#822,4.7625);
#822 = AXIS2_PLACEMENT_3D('',#823,#824,#825);
#823 = CARTESIAN_POINT('',(0.,0.,-6.5484375));
#824 = DIRECTION('',(0.,0.,1.));
#825 = DIRECTION('',(1.,0.,0.));
#826 = PCURVE('',#71,#827);
#827 = DEFINITIONAL_REPRESENTATION('',(#828),#832);
#828 = LINE('',#829,#830);
#829 = CARTESIAN_POINT('',(0.,0.));
#830 = VECTOR('',#831,1.);
#831 = DIRECTION('',(1.,0.));
#832 = ( GEOMETRIC_REPRESENTATION_CONTEXT(2) 
PARAMETRIC_REPRESENTATION_CONTEXT() REPRESENTATION_CONTEXT('2D SPACE',''
  ) );
#833 = PCURVE('',#98,#834);
#834 = DEFINITIONAL_REPRESENTATION('',(#835),#843);
#835 = ( BOUNDED_CURVE() B_SPLINE_CURVE(2,(#836,#837,#838,#839,#840,#841
,#842),.UNSPECIFIED.,.T.,.F.) B_SPLINE_CURVE_WITH_KNOTS((1,2,2,2,2,1),(
    -2.094395102393,0.,2.094395102393,4.188790204786,6.28318530718,
8.377580409573),.UNSPECIFIED.) CURVE() GEOMETRIC_REPRESENTATION_ITEM() 
RATIONAL_B_SPLINE_CURVE((1.,0.5,1.,0.5,1.,0.5,1.)) REPRESENTATION_ITEM(
  '') );
#836 = CARTESIAN_POINT('',(-4.7625,-5.4E-16));
#837 = CARTESIAN_POINT('',(-4.7625,8.248891971047));
#838 = CARTESIAN_POINT('',(2.38125,4.124445985523));
#839 = CARTESIAN_POINT('',(9.525,6.264760761879E-16));
#840 = CARTESIAN_POINT('',(2.38125,-4.124445985523));
#841 = CARTESIAN_POINT('',(-4.7625,-8.248891971047));
#842 = CARTESIAN_POINT('',(-4.7625,-5.4E-16));
#843 = ( GEOMETRIC_REPRESENTATION_CONTEXT(2) 
PARAMETRIC_REPRESENTATION_CONTEXT() REPRESENTATION_CONTEXT('2D SPACE',''
  ) );
#844 = ORIENTED_EDGE('',*,*,#845,.F.);
#845 = EDGE_CURVE('',#57,#818,#846,.T.);
#846 = SURFACE_CURVE('',#847,(#852,#859),.PCURVE_S1.);
#847 = CIRCLE('',#848,4.7625);
#848 = AXIS2_PLACEMENT_3D('',#849,#850,#851);
#849 = CARTESIAN_POINT('',(0.,0.,-6.5484375));
#850 = DIRECTION('',(0.,0.,1.));
#851 = DIRECTION('',(1.,0.,0.));
#852 = PCURVE('',#71,#853);
#853 = DEFINITIONAL_REPRESENTATION('',(#854),#858);
#854 = LINE('',#855,#856);
#855 = CARTESIAN_POINT('',(-6.28318530718,0.));
#856 = VECTOR('',#857,1.);
#857 = DIRECTION('',(1.,0.));
#858 = ( GEOMETRIC_REPRESENTATION_CONTEXT(2) 
PARAMETRIC_REPRESENTATION_CONTEXT() REPRESENTATION_CONTEXT('2D SPACE',''
  ) );
#859 = PCURVE('',#98,#860);
#860 = DEFINITIONAL_REPRESENTATION('',(#861),#869);
#861 = ( BOUNDED_CURVE() B_SPLINE_CURVE(2,(#862,#863,#864,#865,#866,#867
,#868),.UNSPECIFIED.,.T.,.F.) B_SPLINE_CURVE_WITH_KNOTS((1,2,2,2,2,1),(
    -2.094395102393,0.,2.094395102393,4.188790204786,6.28318530718,
8.377580409573),.UNSPECIFIED.) CURVE() GEOMETRIC_REPRESENTATION_ITEM() 
RATIONAL_B_SPLINE_CURVE((1.,0.5,1.,0.5,1.,0.5,1.)) REPRESENTATION_ITEM(
  '') );
#862 = CARTESIAN_POINT('',(-4.7625,-5.4E-16));
#863 = CARTESIAN_POINT('',(-4.7625,8.248891971047));
#864 = CARTESIAN_POINT('',(2.38125,4.124445985523));
#865 = CARTESIAN_POINT('',(9.525,6.264760761879E-16));
#866 = CARTESIAN_POINT('',(2.38125,-4.124445985523));
#867 = CARTESIAN_POINT('',(-4.7625,-8.248891971047));
#868 = CARTESIAN_POINT('',(-4.7625,-5.4E-16));
#869 = ( GEOMETRIC_REPRESENTATION_CONTEXT(2) 
PARAMETRIC_REPRESENTATION_CONTEXT() REPRESENTATION_CONTEXT('2D SPACE',''
  ) );
#870 = ORIENTED_EDGE('',*,*,#56,.F.);
#871 = ORIENTED_EDGE('',*,*,#469,.T.);
#872 = ORIENTED_EDGE('',*,*,#445,.T.);
#873 = ADVANCED_FACE('',(#874),#371,.F.);
#874 = FACE_BOUND('',#875,.F.);
#875 = EDGE_LOOP('',(#876,#877,#900,#926));
#876 = ORIENTED_EDGE('',*,*,#355,.T.);
#877 = ORIENTED_EDGE('',*,*,#878,.T.);
#878 = EDGE_CURVE('',#320,#879,#881,.T.);
#879 = VERTEX_POINT('',#880);
#880 = CARTESIAN_POINT('',(12.607438818745,4.594641719809,6.9596));
#881 = SURFACE_CURVE('',#882,(#886,#893),.PCURVE_S1.);
#882 = LINE('',#883,#884);
#883 = CARTESIAN_POINT('',(13.49375,0.796925,6.9596));
#884 = VECTOR('',#885,1.);
#885 = DIRECTION('',(-0.227272727273,0.973831149347,0.));
#886 = PCURVE('',#371,#887);
#887 = DEFINITIONAL_REPRESENTATION('',(#888),#892);
#888 = LINE('',#889,#890);
#889 = CARTESIAN_POINT('',(-8.881784197001E-16,-14.6812));
#890 = VECTOR('',#891,1.);
#891 = DIRECTION('',(1.,0.));
#892 = ( GEOMETRIC_REPRESENTATION_CONTEXT(2) 
PARAMETRIC_REPRESENTATION_CONTEXT() REPRESENTATION_CONTEXT('2D SPACE',''
  ) );
#893 = PCURVE('',#340,#894);
#894 = DEFINITIONAL_REPRESENTATION('',(#895),#899);
#895 = LINE('',#896,#897);
#896 = CARTESIAN_POINT('',(-0.,0.));
#897 = VECTOR('',#898,1.);
#898 = DIRECTION('',(-0.,1.));
#899 = ( GEOMETRIC_REPRESENTATION_CONTEXT(2) 
PARAMETRIC_REPRESENTATION_CONTEXT() REPRESENTATION_CONTEXT('2D SPACE',''
  ) );
#900 = ORIENTED_EDGE('',*,*,#901,.F.);
#901 = EDGE_CURVE('',#744,#879,#902,.T.);
#902 = SURFACE_CURVE('',#903,(#907,#914),.PCURVE_S1.);
#903 = LINE('',#904,#905);
#904 = CARTESIAN_POINT('',(12.607438818745,4.594641719809,-7.7216));
#905 = VECTOR('',#906,1.);
#906 = DIRECTION('',(0.,0.,1.));
#907 = PCURVE('',#371,#908);
#908 = DEFINITIONAL_REPRESENTATION('',(#909),#913);
#909 = LINE('',#910,#911);
#910 = CARTESIAN_POINT('',(3.899769197521,0.));
#911 = VECTOR('',#912,1.);
#912 = DIRECTION('',(0.,-1.));
#913 = ( GEOMETRIC_REPRESENTATION_CONTEXT(2) 
PARAMETRIC_REPRESENTATION_CONTEXT() REPRESENTATION_CONTEXT('2D SPACE',''
  ) );
#914 = PCURVE('',#915,#920);
#915 = CYLINDRICAL_SURFACE('',#916,0.762);
#916 = AXIS2_PLACEMENT_3D('',#917,#918,#919);
#917 = CARTESIAN_POINT('',(11.865379482943,4.421459901627,-7.7216));
#918 = DIRECTION('',(0.,0.,1.));
#919 = DIRECTION('',(0.973831149347,0.227272727273,-0.));
#920 = DEFINITIONAL_REPRESENTATION('',(#921),#925);
#921 = LINE('',#922,#923);
#922 = CARTESIAN_POINT('',(0.,0.));
#923 = VECTOR('',#924,1.);
#924 = DIRECTION('',(0.,1.));
#925 = ( GEOMETRIC_REPRESENTATION_CONTEXT(2) 
PARAMETRIC_REPRESENTATION_CONTEXT() REPRESENTATION_CONTEXT('2D SPACE',''
  ) );
#926 = ORIENTED_EDGE('',*,*,#743,.F.);
#927 = ADVANCED_FACE('',(#928,#952),#98,.T.);
#928 = FACE_BOUND('',#929,.F.);
#929 = EDGE_LOOP('',(#930,#931,#932,#951));
#930 = ORIENTED_EDGE('',*,*,#845,.T.);
#931 = ORIENTED_EDGE('',*,*,#817,.T.);
#932 = ORIENTED_EDGE('',*,*,#933,.T.);
#933 = EDGE_CURVE('',#796,#84,#934,.T.);
#934 = SURFACE_CURVE('',#935,(#939,#945),.PCURVE_S1.);
#935 = LINE('',#936,#937);
#936 = CARTESIAN_POINT('',(-6.942528775934,-0.551855840249,-6.5484375));
#937 = VECTOR('',#938,1.);
#938 = DIRECTION('',(0.979457043257,-0.20165292067,0.));
#939 = PCURVE('',#98,#940);
#940 = DEFINITIONAL_REPRESENTATION('',(#941),#944);
#941 = B_SPLINE_CURVE_WITH_KNOTS('',1,(#942,#943),.UNSPECIFIED.,.F.,.F.,
  (2,2),(2.225752309346,7.088140132057),.PIECEWISE_BEZIER_KNOTS.);
#942 = CARTESIAN_POINT('',(4.7625,-1.000685294118));
#943 = CARTESIAN_POINT('',(0.,-1.9812));
#944 = ( GEOMETRIC_REPRESENTATION_CONTEXT(2) 
PARAMETRIC_REPRESENTATION_CONTEXT() REPRESENTATION_CONTEXT('2D SPACE',''
  ) );
#945 = PCURVE('',#125,#946);
#946 = DEFINITIONAL_REPRESENTATION('',(#947),#950);
#947 = B_SPLINE_CURVE_WITH_KNOTS('',1,(#948,#949),.UNSPECIFIED.,.F.,.F.,
  (2,2),(2.225752309346,7.088140132057),.PIECEWISE_BEZIER_KNOTS.);
#948 = CARTESIAN_POINT('',(8.914377674971,-1.1731625));
#949 = CARTESIAN_POINT('',(13.776765497682,-1.1731625));
#950 = ( GEOMETRIC_REPRESENTATION_CONTEXT(2) 
PARAMETRIC_REPRESENTATION_CONTEXT() REPRESENTATION_CONTEXT('2D SPACE',''
  ) );
#951 = ORIENTED_EDGE('',*,*,#83,.T.);
#952 = FACE_BOUND('',#953,.F.);
#953 = EDGE_LOOP('',(#954));
#954 = ORIENTED_EDGE('',*,*,#955,.F.);
#955 = EDGE_CURVE('',#956,#956,#958,.T.);
#956 = VERTEX_POINT('',#957);
#957 = CARTESIAN_POINT('',(1.091406,0.,-6.5484375));
#958 = SURFACE_CURVE('',#959,(#964,#975),.PCURVE_S1.);
#959 = CIRCLE('',#960,1.091406);
#960 = AXIS2_PLACEMENT_3D('',#961,#962,#963);
#961 = CARTESIAN_POINT('',(0.,0.,-6.5484375));
#962 = DIRECTION('',(0.,0.,1.));
#963 = DIRECTION('',(1.,0.,0.));
#964 = PCURVE('',#98,#965);
#965 = DEFINITIONAL_REPRESENTATION('',(#966),#974);
#966 = ( BOUNDED_CURVE() B_SPLINE_CURVE(2,(#967,#968,#969,#970,#971,#972
,#973),.UNSPECIFIED.,.T.,.F.) B_SPLINE_CURVE_WITH_KNOTS((1,2,2,2,2,1),(
    -2.094395102393,0.,2.094395102393,4.188790204786,6.28318530718,
8.377580409573),.UNSPECIFIED.) CURVE() GEOMETRIC_REPRESENTATION_ITEM() 
RATIONAL_B_SPLINE_CURVE((1.,0.5,1.,0.5,1.,0.5,1.)) REPRESENTATION_ITEM(
  '') );
#967 = CARTESIAN_POINT('',(-1.091406,-5.4E-16));
#968 = CARTESIAN_POINT('',(-1.091406,1.890370643686));
#969 = CARTESIAN_POINT('',(0.545703,0.945185321843));
#970 = CARTESIAN_POINT('',(2.182812,-2.72682627106E-16));
#971 = CARTESIAN_POINT('',(0.545703,-0.945185321843));
#972 = CARTESIAN_POINT('',(-1.091406,-1.890370643686));
#973 = CARTESIAN_POINT('',(-1.091406,-5.4E-16));
#974 = ( GEOMETRIC_REPRESENTATION_CONTEXT(2) 
PARAMETRIC_REPRESENTATION_CONTEXT() REPRESENTATION_CONTEXT('2D SPACE',''
  ) );
#975 = PCURVE('',#976,#981);
#976 = CYLINDRICAL_SURFACE('',#977,1.091406);
#977 = AXIS2_PLACEMENT_3D('',#978,#979,#980);
#978 = CARTESIAN_POINT('',(0.,0.,-6.5484375));
#979 = DIRECTION('',(0.,0.,1.));
#980 = DIRECTION('',(1.,0.,0.));
#981 = DEFINITIONAL_REPRESENTATION('',(#982),#986);
#982 = LINE('',#983,#984);
#983 = CARTESIAN_POINT('',(0.,0.));
#984 = VECTOR('',#985,1.);
#985 = DIRECTION('',(1.,0.));
#986 = ( GEOMETRIC_REPRESENTATION_CONTEXT(2) 
PARAMETRIC_REPRESENTATION_CONTEXT() REPRESENTATION_CONTEXT('2D SPACE',''
  ) );
#987 = ADVANCED_FACE('',(#988),#340,.T.);
#988 = FACE_BOUND('',#989,.F.);
#989 = EDGE_LOOP('',(#990,#991,#1014,#1039));
#990 = ORIENTED_EDGE('',*,*,#319,.T.);
#991 = ORIENTED_EDGE('',*,*,#992,.T.);
#992 = EDGE_CURVE('',#292,#993,#995,.T.);
#993 = VERTEX_POINT('',#994);
#994 = CARTESIAN_POINT('',(11.865379482943,4.421459901627,7.7216));
#995 = SURFACE_CURVE('',#996,(#1000,#1007),.PCURVE_S1.);
#996 = LINE('',#997,#998);
#997 = CARTESIAN_POINT('',(12.751690664198,0.623743181818,7.7216));
#998 = VECTOR('',#999,1.);
#999 = DIRECTION('',(-0.227272727273,0.973831149347,0.));
#1000 = PCURVE('',#340,#1001);
#1001 = DEFINITIONAL_REPRESENTATION('',(#1002),#1006);
#1002 = LINE('',#1003,#1004);
#1003 = CARTESIAN_POINT('',(-1.570796326795,0.));
#1004 = VECTOR('',#1005,1.);
#1005 = DIRECTION('',(-0.,1.));
#1006 = ( GEOMETRIC_REPRESENTATION_CONTEXT(2) 
PARAMETRIC_REPRESENTATION_CONTEXT() REPRESENTATION_CONTEXT('2D SPACE',''
  ) );
#1007 = PCURVE('',#307,#1008);
#1008 = DEFINITIONAL_REPRESENTATION('',(#1009),#1013);
#1009 = LINE('',#1010,#1011);
#1010 = CARTESIAN_POINT('',(12.751690664198,-9.39885668039));
#1011 = VECTOR('',#1012,1.);
#1012 = DIRECTION('',(-0.227272727273,0.973831149347));
#1013 = ( GEOMETRIC_REPRESENTATION_CONTEXT(2) 
PARAMETRIC_REPRESENTATION_CONTEXT() REPRESENTATION_CONTEXT('2D SPACE',''
  ) );
#1014 = ORIENTED_EDGE('',*,*,#1015,.T.);
#1015 = EDGE_CURVE('',#993,#879,#1016,.T.);
#1016 = SURFACE_CURVE('',#1017,(#1022,#1028),.PCURVE_S1.);
#1017 = CIRCLE('',#1018,0.762);
#1018 = AXIS2_PLACEMENT_3D('',#1019,#1020,#1021);
#1019 = CARTESIAN_POINT('',(11.865379482943,4.421459901627,6.9596));
#1020 = DIRECTION('',(-0.227272727273,0.973831149347,0.));
#1021 = DIRECTION('',(0.973831149347,0.227272727273,-0.));
#1022 = PCURVE('',#340,#1023);
#1023 = DEFINITIONAL_REPRESENTATION('',(#1024),#1027);
#1024 = B_SPLINE_CURVE_WITH_KNOTS('',1,(#1025,#1026),.UNSPECIFIED.,.F.,
  .F.,(2,2),(4.712388980385,6.28318530718),.PIECEWISE_BEZIER_KNOTS.);
#1025 = CARTESIAN_POINT('',(-1.570796326795,3.899769197521));
#1026 = CARTESIAN_POINT('',(0.,3.899769197521));
#1027 = ( GEOMETRIC_REPRESENTATION_CONTEXT(2) 
PARAMETRIC_REPRESENTATION_CONTEXT() REPRESENTATION_CONTEXT('2D SPACE',''
  ) );
#1028 = PCURVE('',#1029,#1034);
#1029 = SPHERICAL_SURFACE('',#1030,0.762);
#1030 = AXIS2_PLACEMENT_3D('',#1031,#1032,#1033);
#1031 = CARTESIAN_POINT('',(11.865379482943,4.421459901627,6.9596));
#1032 = DIRECTION('',(-0.,-0.,-1.));
#1033 = DIRECTION('',(0.973831149347,0.227272727273,-0.));
#1034 = DEFINITIONAL_REPRESENTATION('',(#1035),#1038);
#1035 = B_SPLINE_CURVE_WITH_KNOTS('',1,(#1036,#1037),.UNSPECIFIED.,.F.,
  .F.,(2,2),(4.712388980385,6.28318530718),.PIECEWISE_BEZIER_KNOTS.);
#1036 = CARTESIAN_POINT('',(0.,-1.570796326795));
#1037 = CARTESIAN_POINT('',(0.,0.));
#1038 = ( GEOMETRIC_REPRESENTATION_CONTEXT(2) 
PARAMETRIC_REPRESENTATION_CONTEXT() REPRESENTATION_CONTEXT('2D SPACE',''
  ) );
#1039 = ORIENTED_EDGE('',*,*,#878,.F.);
#1040 = ADVANCED_FACE('',(#1041),#125,.F.);
#1041 = FACE_BOUND('',#1042,.F.);
#1042 = EDGE_LOOP('',(#1043,#1044,#1071,#1099,#1135,#1158,#1180,#1199,
    #1200,#1221,#1247,#1266,#1267,#1268));
#1043 = ORIENTED_EDGE('',*,*,#420,.F.);
#1044 = ORIENTED_EDGE('',*,*,#1045,.T.);
#1045 = EDGE_CURVE('',#421,#1046,#1048,.T.);
#1046 = VERTEX_POINT('',#1047);
#1047 = CARTESIAN_POINT('',(-13.49375,0.796925,-6.9596));
#1048 = SURFACE_CURVE('',#1049,(#1054,#1061),.PCURVE_S1.);
#1049 = ELLIPSE('',#1050,0.7622622278,0.762);
#1050 = AXIS2_PLACEMENT_3D('',#1051,#1052,#1053);
#1051 = CARTESIAN_POINT('',(-12.74714689217,0.643212595447,-6.9596));
#1052 = DIRECTION('',(0.20165292067,0.979457043257,0.));
#1053 = DIRECTION('',(-0.979457043257,0.20165292067,0.));
#1054 = PCURVE('',#125,#1055);
#1055 = DEFINITIONAL_REPRESENTATION('',(#1056),#1060);
#1056 = ELLIPSE('',#1057,0.7622622278,0.762);
#1057 = AXIS2_PLACEMENT_2D('',#1058,#1059);
#1058 = CARTESIAN_POINT('',(0.7622622278,-0.762));
#1059 = DIRECTION('',(-1.,0.));
#1060 = ( GEOMETRIC_REPRESENTATION_CONTEXT(2) 
PARAMETRIC_REPRESENTATION_CONTEXT() REPRESENTATION_CONTEXT('2D SPACE',''
  ) );
#1061 = PCURVE('',#727,#1062);
#1062 = DEFINITIONAL_REPRESENTATION('',(#1063),#1070);
#1063 = B_SPLINE_CURVE_WITH_KNOTS('',5,(#1064,#1065,#1066,#1067,#1068,
    #1069),.UNSPECIFIED.,.F.,.F.,(6,6),(4.712388980385,6.28318530718),
  .PIECEWISE_BEZIER_KNOTS.);
#1064 = CARTESIAN_POINT('',(-1.110223024625E-16,4.345632403088));
#1065 = CARTESIAN_POINT('',(-0.314159265359,4.351913262647));
#1066 = CARTESIAN_POINT('',(-0.628318522471,4.358199806807));
#1067 = CARTESIAN_POINT('',(-0.942477817237,4.363165306366));
#1068 = CARTESIAN_POINT('',(-1.256637061436,4.365625));
#1069 = CARTESIAN_POINT('',(-1.570796326795,4.365625));
#1070 = ( GEOMETRIC_REPRESENTATION_CONTEXT(2) 
PARAMETRIC_REPRESENTATION_CONTEXT() REPRESENTATION_CONTEXT('2D SPACE',''
  ) );
#1071 = ORIENTED_EDGE('',*,*,#1072,.T.);
#1072 = EDGE_CURVE('',#1046,#1073,#1075,.T.);
#1073 = VERTEX_POINT('',#1074);
#1074 = CARTESIAN_POINT('',(-13.49375,0.796925,6.9596));
#1075 = SURFACE_CURVE('',#1076,(#1080,#1087),.PCURVE_S1.);
#1076 = LINE('',#1077,#1078);
#1077 = CARTESIAN_POINT('',(-13.49375,0.796925,-7.7216));
#1078 = VECTOR('',#1079,1.);
#1079 = DIRECTION('',(0.,0.,1.));
#1080 = PCURVE('',#125,#1081);
#1081 = DEFINITIONAL_REPRESENTATION('',(#1082),#1086);
#1082 = LINE('',#1083,#1084);
#1083 = CARTESIAN_POINT('',(0.,0.));
#1084 = VECTOR('',#1085,1.);
#1085 = DIRECTION('',(0.,-1.));
#1086 = ( GEOMETRIC_REPRESENTATION_CONTEXT(2) 
PARAMETRIC_REPRESENTATION_CONTEXT() REPRESENTATION_CONTEXT('2D SPACE',''
  ) );
#1087 = PCURVE('',#1088,#1093);
#1088 = PLANE('',#1089);
#1089 = AXIS2_PLACEMENT_3D('',#1090,#1091,#1092);
#1090 = CARTESIAN_POINT('',(-12.5015625,5.048306611367,-7.7216));
#1091 = DIRECTION('',(0.973831149347,-0.227272727273,0.));
#1092 = DIRECTION('',(-0.227272727273,-0.973831149347,0.));
#1093 = DEFINITIONAL_REPRESENTATION('',(#1094),#1098);
#1094 = LINE('',#1095,#1096);
#1095 = CARTESIAN_POINT('',(4.365625,0.));
#1096 = VECTOR('',#1097,1.);
#1097 = DIRECTION('',(0.,-1.));
#1098 = ( GEOMETRIC_REPRESENTATION_CONTEXT(2) 
PARAMETRIC_REPRESENTATION_CONTEXT() REPRESENTATION_CONTEXT('2D SPACE',''
  ) );
#1099 = ORIENTED_EDGE('',*,*,#1100,.F.);
#1100 = EDGE_CURVE('',#1101,#1073,#1103,.T.);
#1101 = VERTEX_POINT('',#1102);
#1102 = CARTESIAN_POINT('',(-12.74714689217,0.643212595447,7.7216));
#1103 = SURFACE_CURVE('',#1104,(#1109,#1120),.PCURVE_S1.);
#1104 = ELLIPSE('',#1105,0.7622622278,0.762);
#1105 = AXIS2_PLACEMENT_3D('',#1106,#1107,#1108);
#1106 = CARTESIAN_POINT('',(-12.74714689217,0.643212595447,6.9596));
#1107 = DIRECTION('',(-0.20165292067,-0.979457043257,-0.));
#1108 = DIRECTION('',(-0.979457043257,0.20165292067,0.));
#1109 = PCURVE('',#125,#1110);
#1110 = DEFINITIONAL_REPRESENTATION('',(#1111),#1119);
#1111 = ( BOUNDED_CURVE() B_SPLINE_CURVE(2,(#1112,#1113,#1114,#1115,
#1116,#1117,#1118),.UNSPECIFIED.,.T.,.F.) B_SPLINE_CURVE_WITH_KNOTS((1,2
    ,2,2,2,1),(-2.094395102393,0.,2.094395102393,4.188790204786,
6.28318530718,8.377580409573),.UNSPECIFIED.) CURVE() 
GEOMETRIC_REPRESENTATION_ITEM() RATIONAL_B_SPLINE_CURVE((1.,0.5,1.,0.5,
1.,0.5,1.)) REPRESENTATION_ITEM('') );
#1112 = CARTESIAN_POINT('',(5.551115123126E-16,-14.6812));
#1113 = CARTESIAN_POINT('',(5.551115123126E-16,-13.36137728463));
#1114 = CARTESIAN_POINT('',(1.143393341701,-14.02128864231));
#1115 = CARTESIAN_POINT('',(2.286786683401,-14.6812));
#1116 = CARTESIAN_POINT('',(1.143393341701,-15.34111135768));
#1117 = CARTESIAN_POINT('',(1.7763568394E-15,-16.00102271536));
#1118 = CARTESIAN_POINT('',(5.551115123126E-16,-14.6812));
#1119 = ( GEOMETRIC_REPRESENTATION_CONTEXT(2) 
PARAMETRIC_REPRESENTATION_CONTEXT() REPRESENTATION_CONTEXT('2D SPACE',''
  ) );
#1120 = PCURVE('',#1121,#1126);
#1121 = CYLINDRICAL_SURFACE('',#1122,0.762);
#1122 = AXIS2_PLACEMENT_3D('',#1123,#1124,#1125);
#1123 = CARTESIAN_POINT('',(-11.75950316419,4.875124793185,6.9596));
#1124 = DIRECTION('',(-0.227272727273,-0.973831149347,0.));
#1125 = DIRECTION('',(0.,0.,1.));
#1126 = DEFINITIONAL_REPRESENTATION('',(#1127),#1134);
#1127 = B_SPLINE_CURVE_WITH_KNOTS('',5,(#1128,#1129,#1130,#1131,#1132,
    #1133),.UNSPECIFIED.,.F.,.F.,(6,6),(4.712388980385,6.28318530718),
  .PIECEWISE_BEZIER_KNOTS.);
#1128 = CARTESIAN_POINT('',(1.110223024625E-16,4.345632403088));
#1129 = CARTESIAN_POINT('',(0.314159265359,4.351913262647));
#1130 = CARTESIAN_POINT('',(0.628318522471,4.358199806807));
#1131 = CARTESIAN_POINT('',(0.942477817237,4.363165306366));
#1132 = CARTESIAN_POINT('',(1.256637061436,4.365625));
#1133 = CARTESIAN_POINT('',(1.570796326795,4.365625));
#1134 = ( GEOMETRIC_REPRESENTATION_CONTEXT(2) 
PARAMETRIC_REPRESENTATION_CONTEXT() REPRESENTATION_CONTEXT('2D SPACE',''
  ) );
#1135 = ORIENTED_EDGE('',*,*,#1136,.T.);
#1136 = EDGE_CURVE('',#1101,#1137,#1139,.T.);
#1137 = VERTEX_POINT('',#1138);
#1138 = CARTESIAN_POINT('',(-4.651198631898,-1.023600281668,7.7216));
#1139 = SURFACE_CURVE('',#1140,(#1144,#1151),.PCURVE_S1.);
#1140 = LINE('',#1141,#1142);
#1141 = CARTESIAN_POINT('',(-13.49375,0.796925,7.7216));
#1142 = VECTOR('',#1143,1.);
#1143 = DIRECTION('',(0.979457043257,-0.20165292067,0.));
#1144 = PCURVE('',#125,#1145);
#1145 = DEFINITIONAL_REPRESENTATION('',(#1146),#1150);
#1146 = LINE('',#1147,#1148);
#1147 = CARTESIAN_POINT('',(0.,-15.4432));
#1148 = VECTOR('',#1149,1.);
#1149 = DIRECTION('',(1.,0.));
#1150 = ( GEOMETRIC_REPRESENTATION_CONTEXT(2) 
PARAMETRIC_REPRESENTATION_CONTEXT() REPRESENTATION_CONTEXT('2D SPACE',''
  ) );
#1151 = PCURVE('',#307,#1152);
#1152 = DEFINITIONAL_REPRESENTATION('',(#1153),#1157);
#1153 = LINE('',#1154,#1155);
#1154 = CARTESIAN_POINT('',(-13.49375,-9.225674862208));
#1155 = VECTOR('',#1156,1.);
#1156 = DIRECTION('',(0.979457043257,-0.20165292067));
#1157 = ( GEOMETRIC_REPRESENTATION_CONTEXT(2) 
PARAMETRIC_REPRESENTATION_CONTEXT() REPRESENTATION_CONTEXT('2D SPACE',''
  ) );
#1158 = ORIENTED_EDGE('',*,*,#1159,.T.);
#1159 = EDGE_CURVE('',#1137,#1160,#1162,.T.);
#1160 = VERTEX_POINT('',#1161);
#1161 = CARTESIAN_POINT('',(-4.651198631898,-1.023600281668,6.5484375));
#1162 = SURFACE_CURVE('',#1163,(#1167,#1173),.PCURVE_S1.);
#1163 = LINE('',#1164,#1165);
#1164 = CARTESIAN_POINT('',(-4.651198631898,-1.023600281668,6.5484375));
#1165 = VECTOR('',#1166,1.);
#1166 = DIRECTION('',(-0.,-0.,-1.));
#1167 = PCURVE('',#125,#1168);
#1168 = DEFINITIONAL_REPRESENTATION('',(#1169),#1172);
#1169 = B_SPLINE_CURVE_WITH_KNOTS('',1,(#1170,#1171),.UNSPECIFIED.,.F.,
  .F.,(2,2),(-1.173255835107,9.333510742948E-05),
  .PIECEWISE_BEZIER_KNOTS.);
#1170 = CARTESIAN_POINT('',(9.028013458049,-15.4432933351));
#1171 = CARTESIAN_POINT('',(9.028013458049,-14.26994416489));
#1172 = ( GEOMETRIC_REPRESENTATION_CONTEXT(2) 
PARAMETRIC_REPRESENTATION_CONTEXT() REPRESENTATION_CONTEXT('2D SPACE',''
  ) );
#1173 = PCURVE('',#279,#1174);
#1174 = DEFINITIONAL_REPRESENTATION('',(#1175),#1179);
#1175 = LINE('',#1176,#1177);
#1176 = CARTESIAN_POINT('',(-3.358211981471,0.));
#1177 = VECTOR('',#1178,1.);
#1178 = DIRECTION('',(-0.,1.));
#1179 = ( GEOMETRIC_REPRESENTATION_CONTEXT(2) 
PARAMETRIC_REPRESENTATION_CONTEXT() REPRESENTATION_CONTEXT('2D SPACE',''
  ) );
#1180 = ORIENTED_EDGE('',*,*,#1181,.T.);
#1181 = EDGE_CURVE('',#1160,#216,#1182,.T.);
#1182 = SURFACE_CURVE('',#1183,(#1187,#1193),.PCURVE_S1.);
#1183 = LINE('',#1184,#1185);
#1184 = CARTESIAN_POINT('',(-6.942528775934,-0.551855840249,6.5484375));
#1185 = VECTOR('',#1186,1.);
#1186 = DIRECTION('',(0.979457043257,-0.20165292067,0.));
#1187 = PCURVE('',#125,#1188);
#1188 = DEFINITIONAL_REPRESENTATION('',(#1189),#1192);
#1189 = B_SPLINE_CURVE_WITH_KNOTS('',1,(#1190,#1191),.UNSPECIFIED.,.F.,
  .F.,(2,2),(2.225752309346,7.088140132057),.PIECEWISE_BEZIER_KNOTS.);
#1190 = CARTESIAN_POINT('',(8.914377674971,-14.2700375));
#1191 = CARTESIAN_POINT('',(13.776765497682,-14.2700375));
#1192 = ( GEOMETRIC_REPRESENTATION_CONTEXT(2) 
PARAMETRIC_REPRESENTATION_CONTEXT() REPRESENTATION_CONTEXT('2D SPACE',''
  ) );
#1193 = PCURVE('',#253,#1194);
#1194 = DEFINITIONAL_REPRESENTATION('',(#1195),#1198);
#1195 = B_SPLINE_CURVE_WITH_KNOTS('',1,(#1196,#1197),.UNSPECIFIED.,.F.,
  .F.,(2,2),(2.225752309346,7.088140132057),.PIECEWISE_BEZIER_KNOTS.);
#1196 = CARTESIAN_POINT('',(-4.7625,-1.000685294118));
#1197 = CARTESIAN_POINT('',(0.,-1.9812));
#1198 = ( GEOMETRIC_REPRESENTATION_CONTEXT(2) 
PARAMETRIC_REPRESENTATION_CONTEXT() REPRESENTATION_CONTEXT('2D SPACE',''
  ) );
#1199 = ORIENTED_EDGE('',*,*,#215,.F.);
#1200 = ORIENTED_EDGE('',*,*,#1201,.F.);
#1201 = EDGE_CURVE('',#1202,#190,#1204,.T.);
#1202 = VERTEX_POINT('',#1203);
#1203 = CARTESIAN_POINT('',(-11.46175,0.378572058824,5.6896));
#1204 = SURFACE_CURVE('',#1205,(#1209,#1215),.PCURVE_S1.);
#1205 = LINE('',#1206,#1207);
#1206 = CARTESIAN_POINT('',(-7.220476408214,-0.494631327721,5.6896));
#1207 = VECTOR('',#1208,1.);
#1208 = DIRECTION('',(0.979457043257,-0.20165292067,5.E-17));
#1209 = PCURVE('',#125,#1210);
#1210 = DEFINITIONAL_REPRESENTATION('',(#1211),#1214);
#1211 = B_SPLINE_CURVE_WITH_KNOTS('',1,(#1212,#1213),.UNSPECIFIED.,.F.,
  .F.,(2,2),(-4.33022930509,7.371917388236),.PIECEWISE_BEZIER_KNOTS.);
#1212 = CARTESIAN_POINT('',(2.074618804357,-13.4112));
#1213 = CARTESIAN_POINT('',(13.776765497682,-13.4112));
#1214 = ( GEOMETRIC_REPRESENTATION_CONTEXT(2) 
PARAMETRIC_REPRESENTATION_CONTEXT() REPRESENTATION_CONTEXT('2D SPACE',''
  ) );
#1215 = PCURVE('',#204,#1216);
#1216 = DEFINITIONAL_REPRESENTATION('',(#1217),#1220);
#1217 = B_SPLINE_CURVE_WITH_KNOTS('',1,(#1218,#1219),.UNSPECIFIED.,.F.,
  .F.,(2,2),(-4.33022930509,7.371917388236),.PIECEWISE_BEZIER_KNOTS.);
#1218 = CARTESIAN_POINT('',(-2.435939679809,11.46175));
#1219 = CARTESIAN_POINT('',(-4.795711738633,-8.881784197001E-16));
#1220 = ( GEOMETRIC_REPRESENTATION_CONTEXT(2) 
PARAMETRIC_REPRESENTATION_CONTEXT() REPRESENTATION_CONTEXT('2D SPACE',''
  ) );
#1221 = ORIENTED_EDGE('',*,*,#1222,.T.);
#1222 = EDGE_CURVE('',#1202,#1223,#1225,.T.);
#1223 = VERTEX_POINT('',#1224);
#1224 = CARTESIAN_POINT('',(-11.46175,0.378572058824,-5.6896));
#1225 = SURFACE_CURVE('',#1226,(#1230,#1236),.PCURVE_S1.);
#1226 = LINE('',#1227,#1228);
#1227 = CARTESIAN_POINT('',(-11.46175,0.378572058824,-1.016));
#1228 = VECTOR('',#1229,1.);
#1229 = DIRECTION('',(0.,0.,-1.));
#1230 = PCURVE('',#125,#1231);
#1231 = DEFINITIONAL_REPRESENTATION('',(#1232),#1235);
#1232 = B_SPLINE_CURVE_WITH_KNOTS('',1,(#1233,#1234),.UNSPECIFIED.,.F.,
  .F.,(2,2),(-6.7056,4.6736),.PIECEWISE_BEZIER_KNOTS.);
#1233 = CARTESIAN_POINT('',(2.074618804357,-13.4112));
#1234 = CARTESIAN_POINT('',(2.074618804357,-2.032));
#1235 = ( GEOMETRIC_REPRESENTATION_CONTEXT(2) 
PARAMETRIC_REPRESENTATION_CONTEXT() REPRESENTATION_CONTEXT('2D SPACE',''
  ) );
#1236 = PCURVE('',#1237,#1242);
#1237 = PLANE('',#1238);
#1238 = AXIS2_PLACEMENT_3D('',#1239,#1240,#1241);
#1239 = CARTESIAN_POINT('',(-11.46175,3.429,5.6896));
#1240 = DIRECTION('',(1.,0.,0.));
#1241 = DIRECTION('',(0.,2.2E-16,-1.));
#1242 = DEFINITIONAL_REPRESENTATION('',(#1243),#1246);
#1243 = B_SPLINE_CURVE_WITH_KNOTS('',1,(#1244,#1245),.UNSPECIFIED.,.F.,
  .F.,(2,2),(-6.7056,4.6736),.PIECEWISE_BEZIER_KNOTS.);
#1244 = CARTESIAN_POINT('',(-3.552713678801E-15,-3.050427941176));
#1245 = CARTESIAN_POINT('',(11.3792,-3.050427941176));
#1246 = ( GEOMETRIC_REPRESENTATION_CONTEXT(2) 
PARAMETRIC_REPRESENTATION_CONTEXT() REPRESENTATION_CONTEXT('2D SPACE',''
  ) );
#1247 = ORIENTED_EDGE('',*,*,#1248,.F.);
#1248 = EDGE_CURVE('',#110,#1223,#1249,.T.);
#1249 = SURFACE_CURVE('',#1250,(#1254,#1260),.PCURVE_S1.);
#1250 = LINE('',#1251,#1252);
#1251 = CARTESIAN_POINT('',(-7.220476408214,-0.494631327721,-5.6896));
#1252 = VECTOR('',#1253,1.);
#1253 = DIRECTION('',(-0.979457043257,0.20165292067,0.));
#1254 = PCURVE('',#125,#1255);
#1255 = DEFINITIONAL_REPRESENTATION('',(#1256),#1259);
#1256 = B_SPLINE_CURVE_WITH_KNOTS('',1,(#1257,#1258),.UNSPECIFIED.,.F.,
  .F.,(2,2),(-7.371917388236,4.33022930509),.PIECEWISE_BEZIER_KNOTS.);
#1257 = CARTESIAN_POINT('',(13.776765497682,-2.032));
#1258 = CARTESIAN_POINT('',(2.074618804357,-2.032));
#1259 = ( GEOMETRIC_REPRESENTATION_CONTEXT(2) 
PARAMETRIC_REPRESENTATION_CONTEXT() REPRESENTATION_CONTEXT('2D SPACE',''
  ) );
#1260 = PCURVE('',#152,#1261);
#1261 = DEFINITIONAL_REPRESENTATION('',(#1262),#1265);
#1262 = B_SPLINE_CURVE_WITH_KNOTS('',1,(#1263,#1264),.UNSPECIFIED.,.F.,
  .F.,(2,2),(-7.371917388236,4.33022930509),.PIECEWISE_BEZIER_KNOTS.);
#1263 = CARTESIAN_POINT('',(-1.7763568394E-15,-4.795711738633));
#1264 = CARTESIAN_POINT('',(11.46175,-2.435939679809));
#1265 = ( GEOMETRIC_REPRESENTATION_CONTEXT(2) 
PARAMETRIC_REPRESENTATION_CONTEXT() REPRESENTATION_CONTEXT('2D SPACE',''
  ) );
#1266 = ORIENTED_EDGE('',*,*,#109,.F.);
#1267 = ORIENTED_EDGE('',*,*,#933,.F.);
#1268 = ORIENTED_EDGE('',*,*,#795,.F.);
#1269 = ADVANCED_FACE('',(#1270),#307,.T.);
#1270 = FACE_BOUND('',#1271,.T.);
#1271 = EDGE_LOOP('',(#1272,#1273,#1297,#1319,#1320,#1321,#1349,#1378,
    #1406,#1434,#1462,#1491,#1519));
#1272 = ORIENTED_EDGE('',*,*,#1136,.T.);
#1273 = ORIENTED_EDGE('',*,*,#1274,.F.);
#1274 = EDGE_CURVE('',#1275,#1137,#1277,.T.);
#1275 = VERTEX_POINT('',#1276);
#1276 = CARTESIAN_POINT('',(4.7625,0.,7.7216));
#1277 = SURFACE_CURVE('',#1278,(#1283,#1290),.PCURVE_S1.);
#1278 = CIRCLE('',#1279,4.7625);
#1279 = AXIS2_PLACEMENT_3D('',#1280,#1281,#1282);
#1280 = CARTESIAN_POINT('',(0.,0.,7.7216));
#1281 = DIRECTION('',(0.,0.,1.));
#1282 = DIRECTION('',(1.,0.,0.));
#1283 = PCURVE('',#307,#1284);
#1284 = DEFINITIONAL_REPRESENTATION('',(#1285),#1289);
#1285 = CIRCLE('',#1286,4.7625);
#1286 = AXIS2_PLACEMENT_2D('',#1287,#1288);
#1287 = CARTESIAN_POINT('',(1.4E-16,-10.0225998622));
#1288 = DIRECTION('',(1.,0.));
#1289 = ( GEOMETRIC_REPRESENTATION_CONTEXT(2) 
PARAMETRIC_REPRESENTATION_CONTEXT() REPRESENTATION_CONTEXT('2D SPACE',''
  ) );
#1290 = PCURVE('',#279,#1291);
#1291 = DEFINITIONAL_REPRESENTATION('',(#1292),#1296);
#1292 = LINE('',#1293,#1294);
#1293 = CARTESIAN_POINT('',(-0.,-1.1731625));
#1294 = VECTOR('',#1295,1.);
#1295 = DIRECTION('',(-1.,0.));
#1296 = ( GEOMETRIC_REPRESENTATION_CONTEXT(2) 
PARAMETRIC_REPRESENTATION_CONTEXT() REPRESENTATION_CONTEXT('2D SPACE',''
  ) );
#1297 = ORIENTED_EDGE('',*,*,#1298,.F.);
#1298 = EDGE_CURVE('',#265,#1275,#1299,.T.);
#1299 = SURFACE_CURVE('',#1300,(#1305,#1312),.PCURVE_S1.);
#1300 = CIRCLE('',#1301,4.7625);
#1301 = AXIS2_PLACEMENT_3D('',#1302,#1303,#1304);
#1302 = CARTESIAN_POINT('',(0.,0.,7.7216));
#1303 = DIRECTION('',(0.,0.,1.));
#1304 = DIRECTION('',(1.,0.,0.));
#1305 = PCURVE('',#307,#1306);
#1306 = DEFINITIONAL_REPRESENTATION('',(#1307),#1311);
#1307 = CIRCLE('',#1308,4.7625);
#1308 = AXIS2_PLACEMENT_2D('',#1309,#1310);
#1309 = CARTESIAN_POINT('',(1.4E-16,-10.0225998622));
#1310 = DIRECTION('',(1.,0.));
#1311 = ( GEOMETRIC_REPRESENTATION_CONTEXT(2) 
PARAMETRIC_REPRESENTATION_CONTEXT() REPRESENTATION_CONTEXT('2D SPACE',''
  ) );
#1312 = PCURVE('',#279,#1313);
#1313 = DEFINITIONAL_REPRESENTATION('',(#1314),#1318);
#1314 = LINE('',#1315,#1316);
#1315 = CARTESIAN_POINT('',(6.28318530718,-1.1731625));
#1316 = VECTOR('',#1317,1.);
#1317 = DIRECTION('',(-1.,0.));
#1318 = ( GEOMETRIC_REPRESENTATION_CONTEXT(2) 
PARAMETRIC_REPRESENTATION_CONTEXT() REPRESENTATION_CONTEXT('2D SPACE',''
  ) );
#1319 = ORIENTED_EDGE('',*,*,#291,.T.);
#1320 = ORIENTED_EDGE('',*,*,#992,.T.);
#1321 = ORIENTED_EDGE('',*,*,#1322,.T.);
#1322 = EDGE_CURVE('',#993,#1323,#1325,.T.);
#1323 = VERTEX_POINT('',#1324);
#1324 = CARTESIAN_POINT('',(2.840436235976,6.668887909917,7.7216));
#1325 = SURFACE_CURVE('',#1326,(#1330,#1337),.PCURVE_S1.);
#1326 = LINE('',#1327,#1328);
#1327 = CARTESIAN_POINT('',(12.31742961073,4.308888543499,7.7216));
#1328 = VECTOR('',#1329,1.);
#1329 = DIRECTION('',(-0.970364918461,0.24164421164,0.));
#1330 = PCURVE('',#307,#1331);
#1331 = DEFINITIONAL_REPRESENTATION('',(#1332),#1336);
#1332 = LINE('',#1333,#1334);
#1333 = CARTESIAN_POINT('',(12.31742961073,-5.713711318709));
#1334 = VECTOR('',#1335,1.);
#1335 = DIRECTION('',(-0.970364918461,0.24164421164));
#1336 = ( GEOMETRIC_REPRESENTATION_CONTEXT(2) 
PARAMETRIC_REPRESENTATION_CONTEXT() REPRESENTATION_CONTEXT('2D SPACE',''
  ) );
#1337 = PCURVE('',#1338,#1343);
#1338 = CYLINDRICAL_SURFACE('',#1339,0.762);
#1339 = AXIS2_PLACEMENT_3D('',#1340,#1341,#1342);
#1340 = CARTESIAN_POINT('',(12.31742961073,4.308888543499,6.9596));
#1341 = DIRECTION('',(-0.970364918461,0.24164421164,0.));
#1342 = DIRECTION('',(0.,0.,1.));
#1343 = DEFINITIONAL_REPRESENTATION('',(#1344),#1348);
#1344 = LINE('',#1345,#1346);
#1345 = CARTESIAN_POINT('',(0.,0.));
#1346 = VECTOR('',#1347,1.);
#1347 = DIRECTION('',(0.,1.));
#1348 = ( GEOMETRIC_REPRESENTATION_CONTEXT(2) 
PARAMETRIC_REPRESENTATION_CONTEXT() REPRESENTATION_CONTEXT('2D SPACE',''
  ) );
#1349 = ORIENTED_EDGE('',*,*,#1350,.F.);
#1350 = EDGE_CURVE('',#1351,#1323,#1353,.T.);
#1351 = VERTEX_POINT('',#1352);
#1352 = CARTESIAN_POINT('',(1.687262076158,8.059426174973,7.7216));
#1353 = SURFACE_CURVE('',#1354,(#1359,#1366),.PCURVE_S1.);
#1354 = CIRCLE('',#1355,1.524);
#1355 = AXIS2_PLACEMENT_3D('',#1356,#1357,#1358);
#1356 = CARTESIAN_POINT('',(3.208702014516,8.147724045653,7.7216));
#1357 = DIRECTION('',(0.,0.,1.));
#1358 = DIRECTION('',(-0.998320169527,-5.793823535403E-02,0.));
#1359 = PCURVE('',#307,#1360);
#1360 = DEFINITIONAL_REPRESENTATION('',(#1361),#1365);
#1361 = CIRCLE('',#1362,1.524);
#1362 = AXIS2_PLACEMENT_2D('',#1363,#1364);
#1363 = CARTESIAN_POINT('',(3.208702014516,-1.874875816555));
#1364 = DIRECTION('',(-0.998320169527,-5.793823535403E-02));
#1365 = ( GEOMETRIC_REPRESENTATION_CONTEXT(2) 
PARAMETRIC_REPRESENTATION_CONTEXT() REPRESENTATION_CONTEXT('2D SPACE',''
  ) );
#1366 = PCURVE('',#1367,#1372);
#1367 = TOROIDAL_SURFACE('',#1368,1.524,0.762);
#1368 = AXIS2_PLACEMENT_3D('',#1369,#1370,#1371);
#1369 = CARTESIAN_POINT('',(3.208702014516,8.147724045653,6.9596));
#1370 = DIRECTION('',(0.,0.,1.));
#1371 = DIRECTION('',(-0.998320169527,-5.793823535403E-02,0.));
#1372 = DEFINITIONAL_REPRESENTATION('',(#1373),#1377);
#1373 = LINE('',#1374,#1375);
#1374 = CARTESIAN_POINT('',(0.,1.570796326795));
#1375 = VECTOR('',#1376,1.);
#1376 = DIRECTION('',(1.,0.));
#1377 = ( GEOMETRIC_REPRESENTATION_CONTEXT(2) 
PARAMETRIC_REPRESENTATION_CONTEXT() REPRESENTATION_CONTEXT('2D SPACE',''
  ) );
#1378 = ORIENTED_EDGE('',*,*,#1379,.T.);
#1379 = EDGE_CURVE('',#1351,#1380,#1382,.T.);
#1380 = VERTEX_POINT('',#1381);
#1381 = CARTESIAN_POINT('',(0.471566038184,29.0068,7.7216));
#1382 = SURFACE_CURVE('',#1383,(#1387,#1394),.PCURVE_S1.);
#1383 = LINE('',#1384,#1385);
#1384 = CARTESIAN_POINT('',(1.719749030821,7.49965106466,7.7216));
#1385 = VECTOR('',#1386,1.);
#1386 = DIRECTION('',(-5.793823535402E-02,0.998320169527,0.));
#1387 = PCURVE('',#307,#1388);
#1388 = DEFINITIONAL_REPRESENTATION('',(#1389),#1393);
#1389 = LINE('',#1390,#1391);
#1390 = CARTESIAN_POINT('',(1.719749030821,-2.522948797548));
#1391 = VECTOR('',#1392,1.);
#1392 = DIRECTION('',(-5.793823535402E-02,0.998320169527));
#1393 = ( GEOMETRIC_REPRESENTATION_CONTEXT(2) 
PARAMETRIC_REPRESENTATION_CONTEXT() REPRESENTATION_CONTEXT('2D SPACE',''
  ) );
#1394 = PCURVE('',#1395,#1400);
#1395 = CYLINDRICAL_SURFACE('',#1396,0.762);
#1396 = AXIS2_PLACEMENT_3D('',#1397,#1398,#1399);
#1397 = CARTESIAN_POINT('',(1.719749030821,7.49965106466,6.9596));
#1398 = DIRECTION('',(-5.793823535402E-02,0.998320169527,0.));
#1399 = DIRECTION('',(0.,0.,1.));
#1400 = DEFINITIONAL_REPRESENTATION('',(#1401),#1405);
#1401 = LINE('',#1402,#1403);
#1402 = CARTESIAN_POINT('',(0.,0.));
#1403 = VECTOR('',#1404,1.);
#1404 = DIRECTION('',(0.,1.));
#1405 = ( GEOMETRIC_REPRESENTATION_CONTEXT(2) 
PARAMETRIC_REPRESENTATION_CONTEXT() REPRESENTATION_CONTEXT('2D SPACE',''
  ) );
#1406 = ORIENTED_EDGE('',*,*,#1407,.T.);
#1407 = EDGE_CURVE('',#1380,#1408,#1410,.T.);
#1408 = VERTEX_POINT('',#1409);
#1409 = CARTESIAN_POINT('',(-0.471566038184,29.0068,7.7216));
#1410 = SURFACE_CURVE('',#1411,(#1415,#1422),.PCURVE_S1.);
#1411 = LINE('',#1412,#1413);
#1412 = CARTESIAN_POINT('',(1.190625,29.0068,7.7216));
#1413 = VECTOR('',#1414,1.);
#1414 = DIRECTION('',(-1.,0.,0.));
#1415 = PCURVE('',#307,#1416);
#1416 = DEFINITIONAL_REPRESENTATION('',(#1417),#1421);
#1417 = LINE('',#1418,#1419);
#1418 = CARTESIAN_POINT('',(1.190625,18.984200137792));
#1419 = VECTOR('',#1420,1.);
#1420 = DIRECTION('',(-1.,0.));
#1421 = ( GEOMETRIC_REPRESENTATION_CONTEXT(2) 
PARAMETRIC_REPRESENTATION_CONTEXT() REPRESENTATION_CONTEXT('2D SPACE',''
  ) );
#1422 = PCURVE('',#1423,#1428);
#1423 = CYLINDRICAL_SURFACE('',#1424,0.762);
#1424 = AXIS2_PLACEMENT_3D('',#1425,#1426,#1427);
#1425 = CARTESIAN_POINT('',(1.190625,29.0068,6.9596));
#1426 = DIRECTION('',(-1.,0.,0.));
#1427 = DIRECTION('',(0.,0.,1.));
#1428 = DEFINITIONAL_REPRESENTATION('',(#1429),#1433);
#1429 = LINE('',#1430,#1431);
#1430 = CARTESIAN_POINT('',(0.,0.));
#1431 = VECTOR('',#1432,1.);
#1432 = DIRECTION('',(0.,1.));
#1433 = ( GEOMETRIC_REPRESENTATION_CONTEXT(2) 
PARAMETRIC_REPRESENTATION_CONTEXT() REPRESENTATION_CONTEXT('2D SPACE',''
  ) );
#1434 = ORIENTED_EDGE('',*,*,#1435,.T.);
#1435 = EDGE_CURVE('',#1408,#1436,#1438,.T.);
#1436 = VERTEX_POINT('',#1437);
#1437 = CARTESIAN_POINT('',(-1.687262076158,8.059426174973,7.7216));
#1438 = SURFACE_CURVE('',#1439,(#1443,#1450),.PCURVE_S1.);
#1439 = LINE('',#1440,#1441);
#1440 = CARTESIAN_POINT('',(-0.429905030821,29.72465106466,7.7216));
#1441 = VECTOR('',#1442,1.);
#1442 = DIRECTION('',(-5.793823535402E-02,-0.998320169527,0.));
#1443 = PCURVE('',#307,#1444);
#1444 = DEFINITIONAL_REPRESENTATION('',(#1445),#1449);
#1445 = LINE('',#1446,#1447);
#1446 = CARTESIAN_POINT('',(-0.429905030821,19.702051202452));
#1447 = VECTOR('',#1448,1.);
#1448 = DIRECTION('',(-5.793823535402E-02,-0.998320169527));
#1449 = ( GEOMETRIC_REPRESENTATION_CONTEXT(2) 
PARAMETRIC_REPRESENTATION_CONTEXT() REPRESENTATION_CONTEXT('2D SPACE',''
  ) );
#1450 = PCURVE('',#1451,#1456);
#1451 = CYLINDRICAL_SURFACE('',#1452,0.762);
#1452 = AXIS2_PLACEMENT_3D('',#1453,#1454,#1455);
#1453 = CARTESIAN_POINT('',(-0.429905030821,29.72465106466,6.9596));
#1454 = DIRECTION('',(-5.793823535402E-02,-0.998320169527,0.));
#1455 = DIRECTION('',(0.,0.,1.));
#1456 = DEFINITIONAL_REPRESENTATION('',(#1457),#1461);
#1457 = LINE('',#1458,#1459);
#1458 = CARTESIAN_POINT('',(0.,0.));
#1459 = VECTOR('',#1460,1.);
#1460 = DIRECTION('',(0.,1.));
#1461 = ( GEOMETRIC_REPRESENTATION_CONTEXT(2) 
PARAMETRIC_REPRESENTATION_CONTEXT() REPRESENTATION_CONTEXT('2D SPACE',''
  ) );
#1462 = ORIENTED_EDGE('',*,*,#1463,.F.);
#1463 = EDGE_CURVE('',#1464,#1436,#1466,.T.);
#1464 = VERTEX_POINT('',#1465);
#1465 = CARTESIAN_POINT('',(-2.840436235976,6.668887909917,7.7216));
#1466 = SURFACE_CURVE('',#1467,(#1472,#1479),.PCURVE_S1.);
#1467 = CIRCLE('',#1468,1.524);
#1468 = AXIS2_PLACEMENT_3D('',#1469,#1470,#1471);
#1469 = CARTESIAN_POINT('',(-3.208702014516,8.147724045653,7.7216));
#1470 = DIRECTION('',(0.,0.,1.));
#1471 = DIRECTION('',(0.24164421164,-0.970364918461,0.));
#1472 = PCURVE('',#307,#1473);
#1473 = DEFINITIONAL_REPRESENTATION('',(#1474),#1478);
#1474 = CIRCLE('',#1475,1.524);
#1475 = AXIS2_PLACEMENT_2D('',#1476,#1477);
#1476 = CARTESIAN_POINT('',(-3.208702014516,-1.874875816555));
#1477 = DIRECTION('',(0.24164421164,-0.970364918461));
#1478 = ( GEOMETRIC_REPRESENTATION_CONTEXT(2) 
PARAMETRIC_REPRESENTATION_CONTEXT() REPRESENTATION_CONTEXT('2D SPACE',''
  ) );
#1479 = PCURVE('',#1480,#1485);
#1480 = TOROIDAL_SURFACE('',#1481,1.524,0.762);
#1481 = AXIS2_PLACEMENT_3D('',#1482,#1483,#1484);
#1482 = CARTESIAN_POINT('',(-3.208702014516,8.147724045653,6.9596));
#1483 = DIRECTION('',(0.,0.,1.));
#1484 = DIRECTION('',(0.24164421164,-0.970364918461,0.));
#1485 = DEFINITIONAL_REPRESENTATION('',(#1486),#1490);
#1486 = LINE('',#1487,#1488);
#1487 = CARTESIAN_POINT('',(0.,1.570796326795));
#1488 = VECTOR('',#1489,1.);
#1489 = DIRECTION('',(1.,0.));
#1490 = ( GEOMETRIC_REPRESENTATION_CONTEXT(2) 
PARAMETRIC_REPRESENTATION_CONTEXT() REPRESENTATION_CONTEXT('2D SPACE',''
  ) );
#1491 = ORIENTED_EDGE('',*,*,#1492,.T.);
#1492 = EDGE_CURVE('',#1464,#1493,#1495,.T.);
#1493 = VERTEX_POINT('',#1494);
#1494 = CARTESIAN_POINT('',(-11.86537948294,4.421459901627,7.7216));
#1495 = SURFACE_CURVE('',#1496,(#1500,#1507),.PCURVE_S1.);
#1496 = LINE('',#1497,#1498);
#1497 = CARTESIAN_POINT('',(-2.29633611073,6.804381932132,7.7216));
#1498 = VECTOR('',#1499,1.);
#1499 = DIRECTION('',(-0.970364918461,-0.24164421164,0.));
#1500 = PCURVE('',#307,#1501);
#1501 = DEFINITIONAL_REPRESENTATION('',(#1502),#1506);
#1502 = LINE('',#1503,#1504);
#1503 = CARTESIAN_POINT('',(-2.29633611073,-3.218217930076));
#1504 = VECTOR('',#1505,1.);
#1505 = DIRECTION('',(-0.970364918461,-0.24164421164));
#1506 = ( GEOMETRIC_REPRESENTATION_CONTEXT(2) 
PARAMETRIC_REPRESENTATION_CONTEXT() REPRESENTATION_CONTEXT('2D SPACE',''
  ) );
#1507 = PCURVE('',#1508,#1513);
#1508 = CYLINDRICAL_SURFACE('',#1509,0.762);
#1509 = AXIS2_PLACEMENT_3D('',#1510,#1511,#1512);
#1510 = CARTESIAN_POINT('',(-2.29633611073,6.804381932132,6.9596));
#1511 = DIRECTION('',(-0.970364918461,-0.24164421164,0.));
#1512 = DIRECTION('',(0.,0.,1.));
#1513 = DEFINITIONAL_REPRESENTATION('',(#1514),#1518);
#1514 = LINE('',#1515,#1516);
#1515 = CARTESIAN_POINT('',(0.,0.));
#1516 = VECTOR('',#1517,1.);
#1517 = DIRECTION('',(0.,1.));
#1518 = ( GEOMETRIC_REPRESENTATION_CONTEXT(2) 
PARAMETRIC_REPRESENTATION_CONTEXT() REPRESENTATION_CONTEXT('2D SPACE',''
  ) );
#1519 = ORIENTED_EDGE('',*,*,#1520,.T.);
#1520 = EDGE_CURVE('',#1493,#1101,#1521,.T.);
#1521 = SURFACE_CURVE('',#1522,(#1526,#1533),.PCURVE_S1.);
#1522 = LINE('',#1523,#1524);
#1523 = CARTESIAN_POINT('',(-11.75950316419,4.875124793185,7.7216));
#1524 = VECTOR('',#1525,1.);
#1525 = DIRECTION('',(-0.227272727273,-0.973831149347,0.));
#1526 = PCURVE('',#307,#1527);
#1527 = DEFINITIONAL_REPRESENTATION('',(#1528),#1532);
#1528 = LINE('',#1529,#1530);
#1529 = CARTESIAN_POINT('',(-11.75950316419,-5.147475069023));
#1530 = VECTOR('',#1531,1.);
#1531 = DIRECTION('',(-0.227272727273,-0.973831149347));
#1532 = ( GEOMETRIC_REPRESENTATION_CONTEXT(2) 
PARAMETRIC_REPRESENTATION_CONTEXT() REPRESENTATION_CONTEXT('2D SPACE',''
  ) );
#1533 = PCURVE('',#1121,#1534);
#1534 = DEFINITIONAL_REPRESENTATION('',(#1535),#1539);
#1535 = LINE('',#1536,#1537);
#1536 = CARTESIAN_POINT('',(0.,0.));
#1537 = VECTOR('',#1538,1.);
#1538 = DIRECTION('',(0.,1.));
#1539 = ( GEOMETRIC_REPRESENTATION_CONTEXT(2) 
PARAMETRIC_REPRESENTATION_CONTEXT() REPRESENTATION_CONTEXT('2D SPACE',''
  ) );
#1540 = ADVANCED_FACE('',(#1541),#152,.F.);
#1541 = FACE_BOUND('',#1542,.F.);
#1542 = EDGE_LOOP('',(#1543,#1566,#1594,#1621,#1654,#1681,#1708,#1741,
    #1768,#1796,#1817,#1818));
#1543 = ORIENTED_EDGE('',*,*,#1544,.F.);
#1544 = EDGE_CURVE('',#1545,#1223,#1547,.T.);
#1545 = VERTEX_POINT('',#1546);
#1546 = CARTESIAN_POINT('',(-11.46175,3.429,-5.6896));
#1547 = SURFACE_CURVE('',#1548,(#1552,#1559),.PCURVE_S1.);
#1548 = LINE('',#1549,#1550);
#1549 = CARTESIAN_POINT('',(-11.46175,3.429,-5.6896));
#1550 = VECTOR('',#1551,1.);
#1551 = DIRECTION('',(0.,-1.,2.2E-16));
#1552 = PCURVE('',#152,#1553);
#1553 = DEFINITIONAL_REPRESENTATION('',(#1554),#1558);
#1554 = LINE('',#1555,#1556);
#1555 = CARTESIAN_POINT('',(11.46175,0.614488261367));
#1556 = VECTOR('',#1557,1.);
#1557 = DIRECTION('',(0.,-1.));
#1558 = ( GEOMETRIC_REPRESENTATION_CONTEXT(2) 
PARAMETRIC_REPRESENTATION_CONTEXT() REPRESENTATION_CONTEXT('2D SPACE',''
  ) );
#1559 = PCURVE('',#1237,#1560);
#1560 = DEFINITIONAL_REPRESENTATION('',(#1561),#1565);
#1561 = LINE('',#1562,#1563);
#1562 = CARTESIAN_POINT('',(11.3792,1.611112591004E-16));
#1563 = VECTOR('',#1564,1.);
#1564 = DIRECTION('',(-4.4E-16,-1.));
#1565 = ( GEOMETRIC_REPRESENTATION_CONTEXT(2) 
PARAMETRIC_REPRESENTATION_CONTEXT() REPRESENTATION_CONTEXT('2D SPACE',''
  ) );
#1566 = ORIENTED_EDGE('',*,*,#1567,.T.);
#1567 = EDGE_CURVE('',#1545,#1568,#1570,.T.);
#1568 = VERTEX_POINT('',#1569);
#1569 = CARTESIAN_POINT('',(-10.59511637009,3.429,-5.6896));
#1570 = SURFACE_CURVE('',#1571,(#1575,#1582),.PCURVE_S1.);
#1571 = LINE('',#1572,#1573);
#1572 = CARTESIAN_POINT('',(-11.46175,3.429,-5.6896));
#1573 = VECTOR('',#1574,1.);
#1574 = DIRECTION('',(1.,0.,0.));
#1575 = PCURVE('',#152,#1576);
#1576 = DEFINITIONAL_REPRESENTATION('',(#1577),#1581);
#1577 = LINE('',#1578,#1579);
#1578 = CARTESIAN_POINT('',(11.46175,0.614488261367));
#1579 = VECTOR('',#1580,1.);
#1580 = DIRECTION('',(-1.,0.));
#1581 = ( GEOMETRIC_REPRESENTATION_CONTEXT(2) 
PARAMETRIC_REPRESENTATION_CONTEXT() REPRESENTATION_CONTEXT('2D SPACE',''
  ) );
#1582 = PCURVE('',#1583,#1588);
#1583 = PLANE('',#1584);
#1584 = AXIS2_PLACEMENT_3D('',#1585,#1586,#1587);
#1585 = CARTESIAN_POINT('',(0.,3.429,-1.35E-15));
#1586 = DIRECTION('',(0.,1.,2.3E-16));
#1587 = DIRECTION('',(0.,-2.3E-16,1.));
#1588 = DEFINITIONAL_REPRESENTATION('',(#1589),#1593);
#1589 = LINE('',#1590,#1591);
#1590 = CARTESIAN_POINT('',(-5.6896,-11.46175));
#1591 = VECTOR('',#1592,1.);
#1592 = DIRECTION('',(0.,1.));
#1593 = ( GEOMETRIC_REPRESENTATION_CONTEXT(2) 
PARAMETRIC_REPRESENTATION_CONTEXT() REPRESENTATION_CONTEXT('2D SPACE',''
  ) );
#1594 = ORIENTED_EDGE('',*,*,#1595,.T.);
#1595 = EDGE_CURVE('',#1568,#1596,#1598,.T.);
#1596 = VERTEX_POINT('',#1597);
#1597 = CARTESIAN_POINT('',(-1.989447961947,5.572018485686,-5.6896));
#1598 = SURFACE_CURVE('',#1599,(#1603,#1610),.PCURVE_S1.);
#1599 = LINE('',#1600,#1601);
#1600 = CARTESIAN_POINT('',(-0.531014846372,5.93520342131,-5.6896));
#1601 = VECTOR('',#1602,1.);
#1602 = DIRECTION('',(0.970364918461,0.24164421164,0.));
#1603 = PCURVE('',#152,#1604);
#1604 = DEFINITIONAL_REPRESENTATION('',(#1605),#1609);
#1605 = LINE('',#1606,#1607);
#1606 = CARTESIAN_POINT('',(0.531014846372,3.120691682678));
#1607 = VECTOR('',#1608,1.);
#1608 = DIRECTION('',(-0.970364918461,0.24164421164));
#1609 = ( GEOMETRIC_REPRESENTATION_CONTEXT(2) 
PARAMETRIC_REPRESENTATION_CONTEXT() REPRESENTATION_CONTEXT('2D SPACE',''
  ) );
#1610 = PCURVE('',#1611,#1616);
#1611 = PLANE('',#1612);
#1612 = AXIS2_PLACEMENT_3D('',#1613,#1614,#1615);
#1613 = CARTESIAN_POINT('',(-1.989447961947,5.572018485686,-7.7216));
#1614 = DIRECTION('',(0.24164421164,-0.970364918461,0.));
#1615 = DIRECTION('',(-0.970364918461,-0.24164421164,0.));
#1616 = DEFINITIONAL_REPRESENTATION('',(#1617),#1620);
#1617 = B_SPLINE_CURVE_WITH_KNOTS('',1,(#1618,#1619),.UNSPECIFIED.,.F.,
  .F.,(2,2),(-11.83011297829,-1.502973868724),.PIECEWISE_BEZIER_KNOTS.);
#1618 = CARTESIAN_POINT('',(10.327139109572,-2.032));
#1619 = CARTESIAN_POINT('',(0.,-2.032));
#1620 = ( GEOMETRIC_REPRESENTATION_CONTEXT(2) 
PARAMETRIC_REPRESENTATION_CONTEXT() REPRESENTATION_CONTEXT('2D SPACE',''
  ) );
#1621 = ORIENTED_EDGE('',*,*,#1622,.T.);
#1622 = EDGE_CURVE('',#1596,#1623,#1625,.T.);
#1623 = VERTEX_POINT('',#1624);
#1624 = CARTESIAN_POINT('',(-0.451882415521,7.426069505761,-5.6896));
#1625 = SURFACE_CURVE('',#1626,(#1631,#1642),.PCURVE_S1.);
#1626 = CIRCLE('',#1627,2.032);
#1627 = AXIS2_PLACEMENT_3D('',#1628,#1629,#1630);
#1628 = CARTESIAN_POINT('',(-2.480469,7.5438,-5.6896));
#1629 = DIRECTION('',(0.,-0.,1.));
#1630 = DIRECTION('',(5.793823535402E-02,0.998320169527,0.));
#1631 = PCURVE('',#152,#1632);
#1632 = DEFINITIONAL_REPRESENTATION('',(#1633),#1641);
#1633 = ( BOUNDED_CURVE() B_SPLINE_CURVE(2,(#1634,#1635,#1636,#1637,
#1638,#1639,#1640),.UNSPECIFIED.,.T.,.F.) B_SPLINE_CURVE_WITH_KNOTS((1,2
    ,2,2,2,1),(-2.094395102393,0.,2.094395102393,4.188790204786,
6.28318530718,8.377580409573),.UNSPECIFIED.) CURVE() 
GEOMETRIC_REPRESENTATION_ITEM() RATIONAL_B_SPLINE_CURVE((1.,0.5,1.,0.5,
1.,0.5,1.)) REPRESENTATION_ITEM('') );
#1634 = CARTESIAN_POINT('',(2.362738505761,6.757874845846));
#1635 = CARTESIAN_POINT('',(5.87635353763,6.961790043469));
#1636 = CARTESIAN_POINT('',(4.296141763054,3.81695256794));
#1637 = CARTESIAN_POINT('',(2.715929988479,0.67211509241));
#1638 = CARTESIAN_POINT('',(0.782526731185,3.613037370317));
#1639 = CARTESIAN_POINT('',(-1.150876526109,6.553959648223));
#1640 = CARTESIAN_POINT('',(2.362738505761,6.757874845846));
#1641 = ( GEOMETRIC_REPRESENTATION_CONTEXT(2) 
PARAMETRIC_REPRESENTATION_CONTEXT() REPRESENTATION_CONTEXT('2D SPACE',''
  ) );
#1642 = PCURVE('',#1643,#1648);
#1643 = CYLINDRICAL_SURFACE('',#1644,2.032);
#1644 = AXIS2_PLACEMENT_3D('',#1645,#1646,#1647);
#1645 = CARTESIAN_POINT('',(-2.480469,7.5438,-7.7216));
#1646 = DIRECTION('',(0.,0.,1.));
#1647 = DIRECTION('',(5.793823535402E-02,0.998320169527,0.));
#1648 = DEFINITIONAL_REPRESENTATION('',(#1649),#1653);
#1649 = LINE('',#1650,#1651);
#1650 = CARTESIAN_POINT('',(-6.28318530718,2.032));
#1651 = VECTOR('',#1652,1.);
#1652 = DIRECTION('',(1.,-0.));
#1653 = ( GEOMETRIC_REPRESENTATION_CONTEXT(2) 
PARAMETRIC_REPRESENTATION_CONTEXT() REPRESENTATION_CONTEXT('2D SPACE',''
  ) );
#1654 = ORIENTED_EDGE('',*,*,#1655,.F.);
#1655 = EDGE_CURVE('',#1656,#1623,#1658,.T.);
#1656 = VERTEX_POINT('',#1657);
#1657 = CARTESIAN_POINT('',(0.,15.212349617902,-5.6896));
#1658 = SURFACE_CURVE('',#1659,(#1663,#1670),.PCURVE_S1.);
#1659 = LINE('',#1660,#1661);
#1660 = CARTESIAN_POINT('',(0.268890870717,19.845545261475,-5.6896));
#1661 = VECTOR('',#1662,1.);
#1662 = DIRECTION('',(-5.793823535402E-02,-0.998320169527,0.));
#1663 = PCURVE('',#152,#1664);
#1664 = DEFINITIONAL_REPRESENTATION('',(#1665),#1669);
#1665 = LINE('',#1666,#1667);
#1666 = CARTESIAN_POINT('',(-0.268890870717,17.031033522843));
#1667 = VECTOR('',#1668,1.);
#1668 = DIRECTION('',(5.793823535402E-02,-0.998320169527));
#1669 = ( GEOMETRIC_REPRESENTATION_CONTEXT(2) 
PARAMETRIC_REPRESENTATION_CONTEXT() REPRESENTATION_CONTEXT('2D SPACE',''
  ) );
#1670 = PCURVE('',#1671,#1676);
#1671 = PLANE('',#1672);
#1672 = AXIS2_PLACEMENT_3D('',#1673,#1674,#1675);
#1673 = CARTESIAN_POINT('',(0.837961584479,29.651069505761,-7.7216));
#1674 = DIRECTION('',(0.998320169527,-5.793823535402E-02,0.));
#1675 = DIRECTION('',(-5.793823535402E-02,-0.998320169527,0.));
#1676 = DEFINITIONAL_REPRESENTATION('',(#1677),#1680);
#1677 = B_SPLINE_CURVE_WITH_KNOTS('',1,(#1678,#1679),.UNSPECIFIED.,.F.,
  .F.,(2,2),(-9.822023578801,12.440373474174),.PIECEWISE_BEZIER_KNOTS.);
#1678 = CARTESIAN_POINT('',(0.,-2.032));
#1679 = CARTESIAN_POINT('',(22.262397052976,-2.032));
#1680 = ( GEOMETRIC_REPRESENTATION_CONTEXT(2) 
PARAMETRIC_REPRESENTATION_CONTEXT() REPRESENTATION_CONTEXT('2D SPACE',''
  ) );
#1681 = ORIENTED_EDGE('',*,*,#1682,.F.);
#1682 = EDGE_CURVE('',#1683,#1656,#1685,.T.);
#1683 = VERTEX_POINT('',#1684);
#1684 = CARTESIAN_POINT('',(0.451882415521,7.426069505761,-5.6896));
#1685 = SURFACE_CURVE('',#1686,(#1690,#1697),.PCURVE_S1.);
#1686 = LINE('',#1687,#1688);
#1687 = CARTESIAN_POINT('',(0.376031129283,8.733045261475,-5.6896));
#1688 = VECTOR('',#1689,1.);
#1689 = DIRECTION('',(-5.793823535402E-02,0.998320169527,0.));
#1690 = PCURVE('',#152,#1691);
#1691 = DEFINITIONAL_REPRESENTATION('',(#1692),#1696);
#1692 = LINE('',#1693,#1694);
#1693 = CARTESIAN_POINT('',(-0.376031129283,5.918533522843));
#1694 = VECTOR('',#1695,1.);
#1695 = DIRECTION('',(5.793823535402E-02,0.998320169527));
#1696 = ( GEOMETRIC_REPRESENTATION_CONTEXT(2) 
PARAMETRIC_REPRESENTATION_CONTEXT() REPRESENTATION_CONTEXT('2D SPACE',''
  ) );
#1697 = PCURVE('',#1698,#1703);
#1698 = PLANE('',#1699);
#1699 = AXIS2_PLACEMENT_3D('',#1700,#1701,#1702);
#1700 = CARTESIAN_POINT('',(0.451882415521,7.426069505761,-7.7216));
#1701 = DIRECTION('',(-0.998320169527,-5.793823535402E-02,0.));
#1702 = DIRECTION('',(-5.793823535402E-02,0.998320169527,0.));
#1703 = DEFINITIONAL_REPRESENTATION('',(#1704),#1707);
#1704 = B_SPLINE_CURVE_WITH_KNOTS('',1,(#1705,#1706),.UNSPECIFIED.,.F.,
  .F.,(2,2),(-1.309174947686,20.953222105289),.PIECEWISE_BEZIER_KNOTS.);
#1705 = CARTESIAN_POINT('',(0.,-2.032));
#1706 = CARTESIAN_POINT('',(22.262397052976,-2.032));
#1707 = ( GEOMETRIC_REPRESENTATION_CONTEXT(2) 
PARAMETRIC_REPRESENTATION_CONTEXT() REPRESENTATION_CONTEXT('2D SPACE',''
  ) );
#1708 = ORIENTED_EDGE('',*,*,#1709,.T.);
#1709 = EDGE_CURVE('',#1683,#1710,#1712,.T.);
#1710 = VERTEX_POINT('',#1711);
#1711 = CARTESIAN_POINT('',(1.989447961947,5.572018485686,-5.6896));
#1712 = SURFACE_CURVE('',#1713,(#1718,#1729),.PCURVE_S1.);
#1713 = CIRCLE('',#1714,2.032);
#1714 = AXIS2_PLACEMENT_3D('',#1715,#1716,#1717);
#1715 = CARTESIAN_POINT('',(2.480469,7.5438,-5.6896));
#1716 = DIRECTION('',(-0.,0.,1.));
#1717 = DIRECTION('',(0.970364918461,-0.24164421164,0.));
#1718 = PCURVE('',#152,#1719);
#1719 = DEFINITIONAL_REPRESENTATION('',(#1720),#1728);
#1720 = ( BOUNDED_CURVE() B_SPLINE_CURVE(2,(#1721,#1722,#1723,#1724,
#1725,#1726,#1727),.UNSPECIFIED.,.T.,.F.) B_SPLINE_CURVE_WITH_KNOTS((1,2
    ,2,2,2,1),(-2.094395102393,0.,2.094395102393,4.188790204786,
6.28318530718,8.377580409573),.UNSPECIFIED.) CURVE() 
GEOMETRIC_REPRESENTATION_ITEM() RATIONAL_B_SPLINE_CURVE((1.,0.5,1.,0.5,
1.,0.5,1.)) REPRESENTATION_ITEM('') );
#1721 = CARTESIAN_POINT('',(-4.452250514314,4.238267223314));
#1722 = CARTESIAN_POINT('',(-5.302723899807,7.653492987531));
#1723 = CARTESIAN_POINT('',(-1.91981493559,6.682411662502));
#1724 = CARTESIAN_POINT('',(1.463094028627,5.711330337474));
#1725 = CARTESIAN_POINT('',(-1.069341550096,3.267185898286));
#1726 = CARTESIAN_POINT('',(-3.60177712882,0.823041459098));
#1727 = CARTESIAN_POINT('',(-4.452250514314,4.238267223314));
#1728 = ( GEOMETRIC_REPRESENTATION_CONTEXT(2) 
PARAMETRIC_REPRESENTATION_CONTEXT() REPRESENTATION_CONTEXT('2D SPACE',''
  ) );
#1729 = PCURVE('',#1730,#1735);
#1730 = CYLINDRICAL_SURFACE('',#1731,2.032);
#1731 = AXIS2_PLACEMENT_3D('',#1732,#1733,#1734);
#1732 = CARTESIAN_POINT('',(2.480469,7.5438,-7.7216));
#1733 = DIRECTION('',(0.,0.,1.));
#1734 = DIRECTION('',(0.970364918461,-0.24164421164,0.));
#1735 = DEFINITIONAL_REPRESENTATION('',(#1736),#1740);
#1736 = LINE('',#1737,#1738);
#1737 = CARTESIAN_POINT('',(-6.28318530718,2.032));
#1738 = VECTOR('',#1739,1.);
#1739 = DIRECTION('',(1.,-0.));
#1740 = ( GEOMETRIC_REPRESENTATION_CONTEXT(2) 
PARAMETRIC_REPRESENTATION_CONTEXT() REPRESENTATION_CONTEXT('2D SPACE',''
  ) );
#1741 = ORIENTED_EDGE('',*,*,#1742,.F.);
#1742 = EDGE_CURVE('',#1743,#1710,#1745,.T.);
#1743 = VERTEX_POINT('',#1744);
#1744 = CARTESIAN_POINT('',(10.59511637009,3.429,-5.6896));
#1745 = SURFACE_CURVE('',#1746,(#1750,#1757),.PCURVE_S1.);
#1746 = LINE('',#1747,#1748);
#1747 = CARTESIAN_POINT('',(5.541561596372,4.687456726994,-5.6896));
#1748 = VECTOR('',#1749,1.);
#1749 = DIRECTION('',(-0.970364918461,0.24164421164,0.));
#1750 = PCURVE('',#152,#1751);
#1751 = DEFINITIONAL_REPRESENTATION('',(#1752),#1756);
#1752 = LINE('',#1753,#1754);
#1753 = CARTESIAN_POINT('',(-5.541561596372,1.872944988361));
#1754 = VECTOR('',#1755,1.);
#1755 = DIRECTION('',(0.970364918461,0.24164421164));
#1756 = ( GEOMETRIC_REPRESENTATION_CONTEXT(2) 
PARAMETRIC_REPRESENTATION_CONTEXT() REPRESENTATION_CONTEXT('2D SPACE',''
  ) );
#1757 = PCURVE('',#1758,#1763);
#1758 = PLANE('',#1759);
#1759 = AXIS2_PLACEMENT_3D('',#1760,#1761,#1762);
#1760 = CARTESIAN_POINT('',(12.010541461947,3.076525097053,-7.7216));
#1761 = DIRECTION('',(-0.24164421164,-0.970364918461,0.));
#1762 = DIRECTION('',(-0.970364918461,0.24164421164,0.));
#1763 = DEFINITIONAL_REPRESENTATION('',(#1764),#1767);
#1764 = B_SPLINE_CURVE_WITH_KNOTS('',1,(#1765,#1766),.UNSPECIFIED.,.F.,
  .F.,(2,2),(-6.66654342351,3.660595686062),.PIECEWISE_BEZIER_KNOTS.);
#1765 = CARTESIAN_POINT('',(0.,-2.032));
#1766 = CARTESIAN_POINT('',(10.327139109572,-2.032));
#1767 = ( GEOMETRIC_REPRESENTATION_CONTEXT(2) 
PARAMETRIC_REPRESENTATION_CONTEXT() REPRESENTATION_CONTEXT('2D SPACE',''
  ) );
#1768 = ORIENTED_EDGE('',*,*,#1769,.T.);
#1769 = EDGE_CURVE('',#1743,#1770,#1772,.T.);
#1770 = VERTEX_POINT('',#1771);
#1771 = CARTESIAN_POINT('',(11.46175,3.429,-5.6896));
#1772 = SURFACE_CURVE('',#1773,(#1777,#1784),.PCURVE_S1.);
#1773 = LINE('',#1774,#1775);
#1774 = CARTESIAN_POINT('',(-11.46175,3.429,-5.6896));
#1775 = VECTOR('',#1776,1.);
#1776 = DIRECTION('',(1.,0.,0.));
#1777 = PCURVE('',#152,#1778);
#1778 = DEFINITIONAL_REPRESENTATION('',(#1779),#1783);
#1779 = LINE('',#1780,#1781);
#1780 = CARTESIAN_POINT('',(11.46175,0.614488261367));
#1781 = VECTOR('',#1782,1.);
#1782 = DIRECTION('',(-1.,0.));
#1783 = ( GEOMETRIC_REPRESENTATION_CONTEXT(2) 
PARAMETRIC_REPRESENTATION_CONTEXT() REPRESENTATION_CONTEXT('2D SPACE',''
  ) );
#1784 = PCURVE('',#1785,#1790);
#1785 = PLANE('',#1786);
#1786 = AXIS2_PLACEMENT_3D('',#1787,#1788,#1789);
#1787 = CARTESIAN_POINT('',(0.,3.429,-1.35E-15));
#1788 = DIRECTION('',(0.,1.,2.3E-16));
#1789 = DIRECTION('',(0.,-2.3E-16,1.));
#1790 = DEFINITIONAL_REPRESENTATION('',(#1791),#1795);
#1791 = LINE('',#1792,#1793);
#1792 = CARTESIAN_POINT('',(-5.6896,-11.46175));
#1793 = VECTOR('',#1794,1.);
#1794 = DIRECTION('',(0.,1.));
#1795 = ( GEOMETRIC_REPRESENTATION_CONTEXT(2) 
PARAMETRIC_REPRESENTATION_CONTEXT() REPRESENTATION_CONTEXT('2D SPACE',''
  ) );
#1796 = ORIENTED_EDGE('',*,*,#1797,.T.);
#1797 = EDGE_CURVE('',#1770,#138,#1798,.T.);
#1798 = SURFACE_CURVE('',#1799,(#1803,#1810),.PCURVE_S1.);
#1799 = LINE('',#1800,#1801);
#1800 = CARTESIAN_POINT('',(11.46175,3.429,-5.6896));
#1801 = VECTOR('',#1802,1.);
#1802 = DIRECTION('',(0.,-1.,2.2E-16));
#1803 = PCURVE('',#152,#1804);
#1804 = DEFINITIONAL_REPRESENTATION('',(#1805),#1809);
#1805 = LINE('',#1806,#1807);
#1806 = CARTESIAN_POINT('',(-11.46175,0.614488261367));
#1807 = VECTOR('',#1808,1.);
#1808 = DIRECTION('',(0.,-1.));
#1809 = ( GEOMETRIC_REPRESENTATION_CONTEXT(2) 
PARAMETRIC_REPRESENTATION_CONTEXT() REPRESENTATION_CONTEXT('2D SPACE',''
  ) );
#1810 = PCURVE('',#178,#1811);
#1811 = DEFINITIONAL_REPRESENTATION('',(#1812),#1816);
#1812 = LINE('',#1813,#1814);
#1813 = CARTESIAN_POINT('',(0.,0.));
#1814 = VECTOR('',#1815,1.);
#1815 = DIRECTION('',(4.4E-16,-1.));
#1816 = ( GEOMETRIC_REPRESENTATION_CONTEXT(2) 
PARAMETRIC_REPRESENTATION_CONTEXT() REPRESENTATION_CONTEXT('2D SPACE',''
  ) );
#1817 = ORIENTED_EDGE('',*,*,#137,.T.);
#1818 = ORIENTED_EDGE('',*,*,#1248,.T.);
#1819 = ADVANCED_FACE('',(#1820),#279,.F.);
#1820 = FACE_BOUND('',#1821,.T.);
#1821 = EDGE_LOOP('',(#1822,#1823,#1824,#1848,#1870,#1871));
#1822 = ORIENTED_EDGE('',*,*,#1274,.T.);
#1823 = ORIENTED_EDGE('',*,*,#1159,.T.);
#1824 = ORIENTED_EDGE('',*,*,#1825,.F.);
#1825 = EDGE_CURVE('',#1826,#1160,#1828,.T.);
#1826 = VERTEX_POINT('',#1827);
#1827 = CARTESIAN_POINT('',(4.7625,0.,6.5484375));
#1828 = SURFACE_CURVE('',#1829,(#1834,#1841),.PCURVE_S1.);
#1829 = CIRCLE('',#1830,4.7625);
#1830 = AXIS2_PLACEMENT_3D('',#1831,#1832,#1833);
#1831 = CARTESIAN_POINT('',(0.,0.,6.5484375));
#1832 = DIRECTION('',(0.,0.,1.));
#1833 = DIRECTION('',(1.,0.,0.));
#1834 = PCURVE('',#279,#1835);
#1835 = DEFINITIONAL_REPRESENTATION('',(#1836),#1840);
#1836 = LINE('',#1837,#1838);
#1837 = CARTESIAN_POINT('',(-0.,0.));
#1838 = VECTOR('',#1839,1.);
#1839 = DIRECTION('',(-1.,0.));
#1840 = ( GEOMETRIC_REPRESENTATION_CONTEXT(2) 
PARAMETRIC_REPRESENTATION_CONTEXT() REPRESENTATION_CONTEXT('2D SPACE',''
  ) );
#1841 = PCURVE('',#253,#1842);
#1842 = DEFINITIONAL_REPRESENTATION('',(#1843),#1847);
#1843 = CIRCLE('',#1844,4.7625);
#1844 = AXIS2_PLACEMENT_2D('',#1845,#1846);
#1845 = CARTESIAN_POINT('',(1.2E-16,-5.4E-16));
#1846 = DIRECTION('',(1.,0.));
#1847 = ( GEOMETRIC_REPRESENTATION_CONTEXT(2) 
PARAMETRIC_REPRESENTATION_CONTEXT() REPRESENTATION_CONTEXT('2D SPACE',''
  ) );
#1848 = ORIENTED_EDGE('',*,*,#1849,.F.);
#1849 = EDGE_CURVE('',#239,#1826,#1850,.T.);
#1850 = SURFACE_CURVE('',#1851,(#1856,#1863),.PCURVE_S1.);
#1851 = CIRCLE('',#1852,4.7625);
#1852 = AXIS2_PLACEMENT_3D('',#1853,#1854,#1855);
#1853 = CARTESIAN_POINT('',(0.,0.,6.5484375));
#1854 = DIRECTION('',(0.,0.,1.));
#1855 = DIRECTION('',(1.,0.,0.));
#1856 = PCURVE('',#279,#1857);
#1857 = DEFINITIONAL_REPRESENTATION('',(#1858),#1862);
#1858 = LINE('',#1859,#1860);
#1859 = CARTESIAN_POINT('',(6.28318530718,-0.));
#1860 = VECTOR('',#1861,1.);
#1861 = DIRECTION('',(-1.,0.));
#1862 = ( GEOMETRIC_REPRESENTATION_CONTEXT(2) 
PARAMETRIC_REPRESENTATION_CONTEXT() REPRESENTATION_CONTEXT('2D SPACE',''
  ) );
#1863 = PCURVE('',#253,#1864);
#1864 = DEFINITIONAL_REPRESENTATION('',(#1865),#1869);
#1865 = CIRCLE('',#1866,4.7625);
#1866 = AXIS2_PLACEMENT_2D('',#1867,#1868);
#1867 = CARTESIAN_POINT('',(1.2E-16,-5.4E-16));
#1868 = DIRECTION('',(1.,0.));
#1869 = ( GEOMETRIC_REPRESENTATION_CONTEXT(2) 
PARAMETRIC_REPRESENTATION_CONTEXT() REPRESENTATION_CONTEXT('2D SPACE',''
  ) );
#1870 = ORIENTED_EDGE('',*,*,#264,.F.);
#1871 = ORIENTED_EDGE('',*,*,#1298,.T.);
#1872 = ADVANCED_FACE('',(#1873),#178,.T.);
#1873 = FACE_BOUND('',#1874,.T.);
#1874 = EDGE_LOOP('',(#1875,#1898,#1899,#1900));
#1875 = ORIENTED_EDGE('',*,*,#1876,.F.);
#1876 = EDGE_CURVE('',#1770,#1877,#1879,.T.);
#1877 = VERTEX_POINT('',#1878);
#1878 = CARTESIAN_POINT('',(11.46175,3.429,5.6896));
#1879 = SURFACE_CURVE('',#1880,(#1884,#1891),.PCURVE_S1.);
#1880 = LINE('',#1881,#1882);
#1881 = CARTESIAN_POINT('',(11.46175,3.429,-5.6896));
#1882 = VECTOR('',#1883,1.);
#1883 = DIRECTION('',(0.,0.,1.));
#1884 = PCURVE('',#178,#1885);
#1885 = DEFINITIONAL_REPRESENTATION('',(#1886),#1890);
#1886 = LINE('',#1887,#1888);
#1887 = CARTESIAN_POINT('',(8.881784197001E-16,-1.33226762955E-15));
#1888 = VECTOR('',#1889,1.);
#1889 = DIRECTION('',(1.,2.2E-16));
#1890 = ( GEOMETRIC_REPRESENTATION_CONTEXT(2) 
PARAMETRIC_REPRESENTATION_CONTEXT() REPRESENTATION_CONTEXT('2D SPACE',''
  ) );
#1891 = PCURVE('',#1785,#1892);
#1892 = DEFINITIONAL_REPRESENTATION('',(#1893),#1897);
#1893 = LINE('',#1894,#1895);
#1894 = CARTESIAN_POINT('',(-5.6896,11.46175));
#1895 = VECTOR('',#1896,1.);
#1896 = DIRECTION('',(1.,0.));
#1897 = ( GEOMETRIC_REPRESENTATION_CONTEXT(2) 
PARAMETRIC_REPRESENTATION_CONTEXT() REPRESENTATION_CONTEXT('2D SPACE',''
  ) );
#1898 = ORIENTED_EDGE('',*,*,#1797,.T.);
#1899 = ORIENTED_EDGE('',*,*,#163,.T.);
#1900 = ORIENTED_EDGE('',*,*,#1901,.F.);
#1901 = EDGE_CURVE('',#1877,#164,#1902,.T.);
#1902 = SURFACE_CURVE('',#1903,(#1907,#1914),.PCURVE_S1.);
#1903 = LINE('',#1904,#1905);
#1904 = CARTESIAN_POINT('',(11.46175,3.429,5.6896));
#1905 = VECTOR('',#1906,1.);
#1906 = DIRECTION('',(0.,-1.,2.2E-16));
#1907 = PCURVE('',#178,#1908);
#1908 = DEFINITIONAL_REPRESENTATION('',(#1909),#1913);
#1909 = LINE('',#1910,#1911);
#1910 = CARTESIAN_POINT('',(11.3792,-1.611112591004E-16));
#1911 = VECTOR('',#1912,1.);
#1912 = DIRECTION('',(4.4E-16,-1.));
#1913 = ( GEOMETRIC_REPRESENTATION_CONTEXT(2) 
PARAMETRIC_REPRESENTATION_CONTEXT() REPRESENTATION_CONTEXT('2D SPACE',''
  ) );
#1914 = PCURVE('',#204,#1915);
#1915 = DEFINITIONAL_REPRESENTATION('',(#1916),#1920);
#1916 = LINE('',#1917,#1918);
#1917 = CARTESIAN_POINT('',(0.614488261367,-11.46175));
#1918 = VECTOR('',#1919,1.);
#1919 = DIRECTION('',(-1.,0.));
#1920 = ( GEOMETRIC_REPRESENTATION_CONTEXT(2) 
PARAMETRIC_REPRESENTATION_CONTEXT() REPRESENTATION_CONTEXT('2D SPACE',''
  ) );
#1921 = ADVANCED_FACE('',(#1922,#1928),#253,.T.);
#1922 = FACE_BOUND('',#1923,.T.);
#1923 = EDGE_LOOP('',(#1924,#1925,#1926,#1927));
#1924 = ORIENTED_EDGE('',*,*,#1849,.T.);
#1925 = ORIENTED_EDGE('',*,*,#1825,.T.);
#1926 = ORIENTED_EDGE('',*,*,#1181,.T.);
#1927 = ORIENTED_EDGE('',*,*,#238,.T.);
#1928 = FACE_BOUND('',#1929,.T.);
#1929 = EDGE_LOOP('',(#1930));
#1930 = ORIENTED_EDGE('',*,*,#1931,.F.);
#1931 = EDGE_CURVE('',#1932,#1932,#1934,.T.);
#1932 = VERTEX_POINT('',#1933);
#1933 = CARTESIAN_POINT('',(1.091406,0.,6.5484375));
#1934 = SURFACE_CURVE('',#1935,(#1940,#1947),.PCURVE_S1.);
#1935 = CIRCLE('',#1936,1.091406);
#1936 = AXIS2_PLACEMENT_3D('',#1937,#1938,#1939);
#1937 = CARTESIAN_POINT('',(0.,0.,6.5484375));
#1938 = DIRECTION('',(0.,0.,1.));
#1939 = DIRECTION('',(1.,0.,0.));
#1940 = PCURVE('',#253,#1941);
#1941 = DEFINITIONAL_REPRESENTATION('',(#1942),#1946);
#1942 = CIRCLE('',#1943,1.091406);
#1943 = AXIS2_PLACEMENT_2D('',#1944,#1945);
#1944 = CARTESIAN_POINT('',(1.2E-16,-5.4E-16));
#1945 = DIRECTION('',(1.,0.));
#1946 = ( GEOMETRIC_REPRESENTATION_CONTEXT(2) 
PARAMETRIC_REPRESENTATION_CONTEXT() REPRESENTATION_CONTEXT('2D SPACE',''
  ) );
#1947 = PCURVE('',#1948,#1953);
#1948 = CYLINDRICAL_SURFACE('',#1949,1.091406);
#1949 = AXIS2_PLACEMENT_3D('',#1950,#1951,#1952);
#1950 = CARTESIAN_POINT('',(0.,0.,6.5484375));
#1951 = DIRECTION('',(-0.,-0.,-1.));
#1952 = DIRECTION('',(1.,0.,0.));
#1953 = DEFINITIONAL_REPRESENTATION('',(#1954),#1958);
#1954 = LINE('',#1955,#1956);
#1955 = CARTESIAN_POINT('',(-0.,0.));
#1956 = VECTOR('',#1957,1.);
#1957 = DIRECTION('',(-1.,0.));
#1958 = ( GEOMETRIC_REPRESENTATION_CONTEXT(2) 
PARAMETRIC_REPRESENTATION_CONTEXT() REPRESENTATION_CONTEXT('2D SPACE',''
  ) );
#1959 = ADVANCED_FACE('',(#1960),#204,.F.);
#1960 = FACE_BOUND('',#1961,.F.);
#1961 = EDGE_LOOP('',(#1962,#1963,#1986,#2008,#2032,#2054,#2076,#2100,
    #2122,#2145,#2166,#2167));
#1962 = ORIENTED_EDGE('',*,*,#1901,.F.);
#1963 = ORIENTED_EDGE('',*,*,#1964,.T.);
#1964 = EDGE_CURVE('',#1877,#1965,#1967,.T.);
#1965 = VERTEX_POINT('',#1966);
#1966 = CARTESIAN_POINT('',(10.59511637009,3.429,5.6896));
#1967 = SURFACE_CURVE('',#1968,(#1972,#1979),.PCURVE_S1.);
#1968 = LINE('',#1969,#1970);
#1969 = CARTESIAN_POINT('',(11.46175,3.429,5.6896));
#1970 = VECTOR('',#1971,1.);
#1971 = DIRECTION('',(-1.,0.,0.));
#1972 = PCURVE('',#204,#1973);
#1973 = DEFINITIONAL_REPRESENTATION('',(#1974),#1978);
#1974 = LINE('',#1975,#1976);
#1975 = CARTESIAN_POINT('',(0.614488261367,-11.46175));
#1976 = VECTOR('',#1977,1.);
#1977 = DIRECTION('',(0.,1.));
#1978 = ( GEOMETRIC_REPRESENTATION_CONTEXT(2) 
PARAMETRIC_REPRESENTATION_CONTEXT() REPRESENTATION_CONTEXT('2D SPACE',''
  ) );
#1979 = PCURVE('',#1785,#1980);
#1980 = DEFINITIONAL_REPRESENTATION('',(#1981),#1985);
#1981 = LINE('',#1982,#1983);
#1982 = CARTESIAN_POINT('',(5.6896,11.46175));
#1983 = VECTOR('',#1984,1.);
#1984 = DIRECTION('',(0.,-1.));
#1985 = ( GEOMETRIC_REPRESENTATION_CONTEXT(2) 
PARAMETRIC_REPRESENTATION_CONTEXT() REPRESENTATION_CONTEXT('2D SPACE',''
  ) );
#1986 = ORIENTED_EDGE('',*,*,#1987,.F.);
#1987 = EDGE_CURVE('',#1988,#1965,#1990,.T.);
#1988 = VERTEX_POINT('',#1989);
#1989 = CARTESIAN_POINT('',(1.989447961947,5.572018485686,5.6896));
#1990 = SURFACE_CURVE('',#1991,(#1995,#2002),.PCURVE_S1.);
#1991 = LINE('',#1992,#1993);
#1992 = CARTESIAN_POINT('',(5.541561596372,4.687456726994,5.6896));
#1993 = VECTOR('',#1994,1.);
#1994 = DIRECTION('',(0.970364918461,-0.24164421164,0.));
#1995 = PCURVE('',#204,#1996);
#1996 = DEFINITIONAL_REPRESENTATION('',(#1997),#2001);
#1997 = LINE('',#1998,#1999);
#1998 = CARTESIAN_POINT('',(1.872944988361,-5.541561596372));
#1999 = VECTOR('',#2000,1.);
#2000 = DIRECTION('',(-0.24164421164,-0.970364918461));
#2001 = ( GEOMETRIC_REPRESENTATION_CONTEXT(2) 
PARAMETRIC_REPRESENTATION_CONTEXT() REPRESENTATION_CONTEXT('2D SPACE',''
  ) );
#2002 = PCURVE('',#1758,#2003);
#2003 = DEFINITIONAL_REPRESENTATION('',(#2004),#2007);
#2004 = B_SPLINE_CURVE_WITH_KNOTS('',1,(#2005,#2006),.UNSPECIFIED.,.F.,
  .F.,(2,2),(-3.660595686062,6.66654342351),.PIECEWISE_BEZIER_KNOTS.);
#2005 = CARTESIAN_POINT('',(10.327139109572,-13.4112));
#2006 = CARTESIAN_POINT('',(0.,-13.4112));
#2007 = ( GEOMETRIC_REPRESENTATION_CONTEXT(2) 
PARAMETRIC_REPRESENTATION_CONTEXT() REPRESENTATION_CONTEXT('2D SPACE',''
  ) );
#2008 = ORIENTED_EDGE('',*,*,#2009,.F.);
#2009 = EDGE_CURVE('',#2010,#1988,#2012,.T.);
#2010 = VERTEX_POINT('',#2011);
#2011 = CARTESIAN_POINT('',(0.451882415521,7.426069505761,5.6896));
#2012 = SURFACE_CURVE('',#2013,(#2018,#2025),.PCURVE_S1.);
#2013 = CIRCLE('',#2014,2.032);
#2014 = AXIS2_PLACEMENT_3D('',#2015,#2016,#2017);
#2015 = CARTESIAN_POINT('',(2.480469,7.5438,5.6896));
#2016 = DIRECTION('',(-0.,0.,1.));
#2017 = DIRECTION('',(0.970364918461,-0.24164421164,0.));
#2018 = PCURVE('',#204,#2019);
#2019 = DEFINITIONAL_REPRESENTATION('',(#2020),#2024);
#2020 = CIRCLE('',#2021,2.032);
#2021 = AXIS2_PLACEMENT_2D('',#2022,#2023);
#2022 = CARTESIAN_POINT('',(4.729288261367,-2.480469));
#2023 = DIRECTION('',(-0.24164421164,-0.970364918461));
#2024 = ( GEOMETRIC_REPRESENTATION_CONTEXT(2) 
PARAMETRIC_REPRESENTATION_CONTEXT() REPRESENTATION_CONTEXT('2D SPACE',''
  ) );
#2025 = PCURVE('',#1730,#2026);
#2026 = DEFINITIONAL_REPRESENTATION('',(#2027),#2031);
#2027 = LINE('',#2028,#2029);
#2028 = CARTESIAN_POINT('',(-6.28318530718,13.4112));
#2029 = VECTOR('',#2030,1.);
#2030 = DIRECTION('',(1.,-0.));
#2031 = ( GEOMETRIC_REPRESENTATION_CONTEXT(2) 
PARAMETRIC_REPRESENTATION_CONTEXT() REPRESENTATION_CONTEXT('2D SPACE',''
  ) );
#2032 = ORIENTED_EDGE('',*,*,#2033,.T.);
#2033 = EDGE_CURVE('',#2010,#2034,#2036,.T.);
#2034 = VERTEX_POINT('',#2035);
#2035 = CARTESIAN_POINT('',(0.,15.212349617902,5.6896));
#2036 = SURFACE_CURVE('',#2037,(#2041,#2048),.PCURVE_S1.);
#2037 = LINE('',#2038,#2039);
#2038 = CARTESIAN_POINT('',(0.376031129283,8.733045261475,5.6896));
#2039 = VECTOR('',#2040,1.);
#2040 = DIRECTION('',(-5.793823535402E-02,0.998320169527,0.));
#2041 = PCURVE('',#204,#2042);
#2042 = DEFINITIONAL_REPRESENTATION('',(#2043),#2047);
#2043 = LINE('',#2044,#2045);
#2044 = CARTESIAN_POINT('',(5.918533522843,-0.376031129283));
#2045 = VECTOR('',#2046,1.);
#2046 = DIRECTION('',(0.998320169527,5.793823535402E-02));
#2047 = ( GEOMETRIC_REPRESENTATION_CONTEXT(2) 
PARAMETRIC_REPRESENTATION_CONTEXT() REPRESENTATION_CONTEXT('2D SPACE',''
  ) );
#2048 = PCURVE('',#1698,#2049);
#2049 = DEFINITIONAL_REPRESENTATION('',(#2050),#2053);
#2050 = B_SPLINE_CURVE_WITH_KNOTS('',1,(#2051,#2052),.UNSPECIFIED.,.F.,
  .F.,(2,2),(-1.309174947686,20.953222105289),.PIECEWISE_BEZIER_KNOTS.);
#2051 = CARTESIAN_POINT('',(0.,-13.4112));
#2052 = CARTESIAN_POINT('',(22.262397052976,-13.4112));
#2053 = ( GEOMETRIC_REPRESENTATION_CONTEXT(2) 
PARAMETRIC_REPRESENTATION_CONTEXT() REPRESENTATION_CONTEXT('2D SPACE',''
  ) );
#2054 = ORIENTED_EDGE('',*,*,#2055,.F.);
#2055 = EDGE_CURVE('',#2056,#2034,#2058,.T.);
#2056 = VERTEX_POINT('',#2057);
#2057 = CARTESIAN_POINT('',(-0.451882415521,7.426069505761,5.6896));
#2058 = SURFACE_CURVE('',#2059,(#2063,#2070),.PCURVE_S1.);
#2059 = LINE('',#2060,#2061);
#2060 = CARTESIAN_POINT('',(0.268890870717,19.845545261475,5.6896));
#2061 = VECTOR('',#2062,1.);
#2062 = DIRECTION('',(5.793823535402E-02,0.998320169527,0.));
#2063 = PCURVE('',#204,#2064);
#2064 = DEFINITIONAL_REPRESENTATION('',(#2065),#2069);
#2065 = LINE('',#2066,#2067);
#2066 = CARTESIAN_POINT('',(17.031033522843,-0.268890870717));
#2067 = VECTOR('',#2068,1.);
#2068 = DIRECTION('',(0.998320169527,-5.793823535402E-02));
#2069 = ( GEOMETRIC_REPRESENTATION_CONTEXT(2) 
PARAMETRIC_REPRESENTATION_CONTEXT() REPRESENTATION_CONTEXT('2D SPACE',''
  ) );
#2070 = PCURVE('',#1671,#2071);
#2071 = DEFINITIONAL_REPRESENTATION('',(#2072),#2075);
#2072 = B_SPLINE_CURVE_WITH_KNOTS('',1,(#2073,#2074),.UNSPECIFIED.,.F.,
  .F.,(2,2),(-12.44037347417,9.822023578801),.PIECEWISE_BEZIER_KNOTS.);
#2073 = CARTESIAN_POINT('',(22.262397052976,-13.4112));
#2074 = CARTESIAN_POINT('',(0.,-13.4112));
#2075 = ( GEOMETRIC_REPRESENTATION_CONTEXT(2) 
PARAMETRIC_REPRESENTATION_CONTEXT() REPRESENTATION_CONTEXT('2D SPACE',''
  ) );
#2076 = ORIENTED_EDGE('',*,*,#2077,.F.);
#2077 = EDGE_CURVE('',#2078,#2056,#2080,.T.);
#2078 = VERTEX_POINT('',#2079);
#2079 = CARTESIAN_POINT('',(-1.989447961947,5.572018485686,5.6896));
#2080 = SURFACE_CURVE('',#2081,(#2086,#2093),.PCURVE_S1.);
#2081 = CIRCLE('',#2082,2.032);
#2082 = AXIS2_PLACEMENT_3D('',#2083,#2084,#2085);
#2083 = CARTESIAN_POINT('',(-2.480469,7.5438,5.6896));
#2084 = DIRECTION('',(0.,-0.,1.));
#2085 = DIRECTION('',(5.793823535402E-02,0.998320169527,0.));
#2086 = PCURVE('',#204,#2087);
#2087 = DEFINITIONAL_REPRESENTATION('',(#2088),#2092);
#2088 = CIRCLE('',#2089,2.032);
#2089 = AXIS2_PLACEMENT_2D('',#2090,#2091);
#2090 = CARTESIAN_POINT('',(4.729288261367,2.480469));
#2091 = DIRECTION('',(0.998320169527,-5.793823535402E-02));
#2092 = ( GEOMETRIC_REPRESENTATION_CONTEXT(2) 
PARAMETRIC_REPRESENTATION_CONTEXT() REPRESENTATION_CONTEXT('2D SPACE',''
  ) );
#2093 = PCURVE('',#1643,#2094);
#2094 = DEFINITIONAL_REPRESENTATION('',(#2095),#2099);
#2095 = LINE('',#2096,#2097);
#2096 = CARTESIAN_POINT('',(-6.28318530718,13.4112));
#2097 = VECTOR('',#2098,1.);
#2098 = DIRECTION('',(1.,-0.));
#2099 = ( GEOMETRIC_REPRESENTATION_CONTEXT(2) 
PARAMETRIC_REPRESENTATION_CONTEXT() REPRESENTATION_CONTEXT('2D SPACE',''
  ) );
#2100 = ORIENTED_EDGE('',*,*,#2101,.F.);
#2101 = EDGE_CURVE('',#2102,#2078,#2104,.T.);
#2102 = VERTEX_POINT('',#2103);
#2103 = CARTESIAN_POINT('',(-10.59511637009,3.429,5.6896));
#2104 = SURFACE_CURVE('',#2105,(#2109,#2116),.PCURVE_S1.);
#2105 = LINE('',#2106,#2107);
#2106 = CARTESIAN_POINT('',(-0.531014846372,5.93520342131,5.6896));
#2107 = VECTOR('',#2108,1.);
#2108 = DIRECTION('',(0.970364918461,0.24164421164,0.));
#2109 = PCURVE('',#204,#2110);
#2110 = DEFINITIONAL_REPRESENTATION('',(#2111),#2115);
#2111 = LINE('',#2112,#2113);
#2112 = CARTESIAN_POINT('',(3.120691682678,0.531014846372));
#2113 = VECTOR('',#2114,1.);
#2114 = DIRECTION('',(0.24164421164,-0.970364918461));
#2115 = ( GEOMETRIC_REPRESENTATION_CONTEXT(2) 
PARAMETRIC_REPRESENTATION_CONTEXT() REPRESENTATION_CONTEXT('2D SPACE',''
  ) );
#2116 = PCURVE('',#1611,#2117);
#2117 = DEFINITIONAL_REPRESENTATION('',(#2118),#2121);
#2118 = B_SPLINE_CURVE_WITH_KNOTS('',1,(#2119,#2120),.UNSPECIFIED.,.F.,
  .F.,(2,2),(-11.83011297829,-1.502973868724),.PIECEWISE_BEZIER_KNOTS.);
#2119 = CARTESIAN_POINT('',(10.327139109572,-13.4112));
#2120 = CARTESIAN_POINT('',(0.,-13.4112));
#2121 = ( GEOMETRIC_REPRESENTATION_CONTEXT(2) 
PARAMETRIC_REPRESENTATION_CONTEXT() REPRESENTATION_CONTEXT('2D SPACE',''
  ) );
#2122 = ORIENTED_EDGE('',*,*,#2123,.T.);
#2123 = EDGE_CURVE('',#2102,#2124,#2126,.T.);
#2124 = VERTEX_POINT('',#2125);
#2125 = CARTESIAN_POINT('',(-11.46175,3.429,5.6896));
#2126 = SURFACE_CURVE('',#2127,(#2131,#2138),.PCURVE_S1.);
#2127 = LINE('',#2128,#2129);
#2128 = CARTESIAN_POINT('',(11.46175,3.429,5.6896));
#2129 = VECTOR('',#2130,1.);
#2130 = DIRECTION('',(-1.,0.,0.));
#2131 = PCURVE('',#204,#2132);
#2132 = DEFINITIONAL_REPRESENTATION('',(#2133),#2137);
#2133 = LINE('',#2134,#2135);
#2134 = CARTESIAN_POINT('',(0.614488261367,-11.46175));
#2135 = VECTOR('',#2136,1.);
#2136 = DIRECTION('',(0.,1.));
#2137 = ( GEOMETRIC_REPRESENTATION_CONTEXT(2) 
PARAMETRIC_REPRESENTATION_CONTEXT() REPRESENTATION_CONTEXT('2D SPACE',''
  ) );
#2138 = PCURVE('',#1583,#2139);
#2139 = DEFINITIONAL_REPRESENTATION('',(#2140),#2144);
#2140 = LINE('',#2141,#2142);
#2141 = CARTESIAN_POINT('',(5.6896,11.46175));
#2142 = VECTOR('',#2143,1.);
#2143 = DIRECTION('',(0.,-1.));
#2144 = ( GEOMETRIC_REPRESENTATION_CONTEXT(2) 
PARAMETRIC_REPRESENTATION_CONTEXT() REPRESENTATION_CONTEXT('2D SPACE',''
  ) );
#2145 = ORIENTED_EDGE('',*,*,#2146,.T.);
#2146 = EDGE_CURVE('',#2124,#1202,#2147,.T.);
#2147 = SURFACE_CURVE('',#2148,(#2152,#2159),.PCURVE_S1.);
#2148 = LINE('',#2149,#2150);
#2149 = CARTESIAN_POINT('',(-11.46175,3.429,5.6896));
#2150 = VECTOR('',#2151,1.);
#2151 = DIRECTION('',(0.,-1.,2.2E-16));
#2152 = PCURVE('',#204,#2153);
#2153 = DEFINITIONAL_REPRESENTATION('',(#2154),#2158);
#2154 = LINE('',#2155,#2156);
#2155 = CARTESIAN_POINT('',(0.614488261367,11.46175));
#2156 = VECTOR('',#2157,1.);
#2157 = DIRECTION('',(-1.,0.));
#2158 = ( GEOMETRIC_REPRESENTATION_CONTEXT(2) 
PARAMETRIC_REPRESENTATION_CONTEXT() REPRESENTATION_CONTEXT('2D SPACE',''
  ) );
#2159 = PCURVE('',#1237,#2160);
#2160 = DEFINITIONAL_REPRESENTATION('',(#2161),#2165);
#2161 = LINE('',#2162,#2163);
#2162 = CARTESIAN_POINT('',(0.,0.));
#2163 = VECTOR('',#2164,1.);
#2164 = DIRECTION('',(-4.4E-16,-1.));
#2165 = ( GEOMETRIC_REPRESENTATION_CONTEXT(2) 
PARAMETRIC_REPRESENTATION_CONTEXT() REPRESENTATION_CONTEXT('2D SPACE',''
  ) );
#2166 = ORIENTED_EDGE('',*,*,#1201,.T.);
#2167 = ORIENTED_EDGE('',*,*,#189,.T.);
#2168 = ADVANCED_FACE('',(#2169),#727,.T.);
#2169 = FACE_BOUND('',#2170,.F.);
#2170 = EDGE_LOOP('',(#2171,#2198,#2219,#2220));
#2171 = ORIENTED_EDGE('',*,*,#2172,.T.);
#2172 = EDGE_CURVE('',#686,#2173,#2175,.T.);
#2173 = VERTEX_POINT('',#2174);
#2174 = CARTESIAN_POINT('',(-12.60743881874,4.594641719809,-6.9596));
#2175 = SURFACE_CURVE('',#2176,(#2181,#2187),.PCURVE_S1.);
#2176 = CIRCLE('',#2177,0.762);
#2177 = AXIS2_PLACEMENT_3D('',#2178,#2179,#2180);
#2178 = CARTESIAN_POINT('',(-11.86537948294,4.421459901627,-6.9596));
#2179 = DIRECTION('',(0.227272727273,0.973831149347,-0.));
#2180 = DIRECTION('',(-0.973831149347,0.227272727273,0.));
#2181 = PCURVE('',#727,#2182);
#2182 = DEFINITIONAL_REPRESENTATION('',(#2183),#2186);
#2183 = B_SPLINE_CURVE_WITH_KNOTS('',1,(#2184,#2185),.UNSPECIFIED.,.F.,
  .F.,(2,2),(4.712388980385,6.28318530718),.PIECEWISE_BEZIER_KNOTS.);
#2184 = CARTESIAN_POINT('',(0.,0.465855802479));
#2185 = CARTESIAN_POINT('',(-1.570796326795,0.465855802479));
#2186 = ( GEOMETRIC_REPRESENTATION_CONTEXT(2) 
PARAMETRIC_REPRESENTATION_CONTEXT() REPRESENTATION_CONTEXT('2D SPACE',''
  ) );
#2187 = PCURVE('',#2188,#2193);
#2188 = SPHERICAL_SURFACE('',#2189,0.762);
#2189 = AXIS2_PLACEMENT_3D('',#2190,#2191,#2192);
#2190 = CARTESIAN_POINT('',(-11.86537948294,4.421459901627,-6.9596));
#2191 = DIRECTION('',(0.,0.,1.));
#2192 = DIRECTION('',(-0.973831149347,0.227272727273,0.));
#2193 = DEFINITIONAL_REPRESENTATION('',(#2194),#2197);
#2194 = B_SPLINE_CURVE_WITH_KNOTS('',1,(#2195,#2196),.UNSPECIFIED.,.F.,
  .F.,(2,2),(4.712388980385,6.28318530718),.PIECEWISE_BEZIER_KNOTS.);
#2195 = CARTESIAN_POINT('',(0.,-1.570796326795));
#2196 = CARTESIAN_POINT('',(0.,0.));
#2197 = ( GEOMETRIC_REPRESENTATION_CONTEXT(2) 
PARAMETRIC_REPRESENTATION_CONTEXT() REPRESENTATION_CONTEXT('2D SPACE',''
  ) );
#2198 = ORIENTED_EDGE('',*,*,#2199,.T.);
#2199 = EDGE_CURVE('',#2173,#1046,#2200,.T.);
#2200 = SURFACE_CURVE('',#2201,(#2205,#2212),.PCURVE_S1.);
#2201 = LINE('',#2202,#2203);
#2202 = CARTESIAN_POINT('',(-12.5015625,5.048306611367,-6.9596));
#2203 = VECTOR('',#2204,1.);
#2204 = DIRECTION('',(-0.227272727273,-0.973831149347,0.));
#2205 = PCURVE('',#727,#2206);
#2206 = DEFINITIONAL_REPRESENTATION('',(#2207),#2211);
#2207 = LINE('',#2208,#2209);
#2208 = CARTESIAN_POINT('',(-1.570796326795,0.));
#2209 = VECTOR('',#2210,1.);
#2210 = DIRECTION('',(-0.,1.));
#2211 = ( GEOMETRIC_REPRESENTATION_CONTEXT(2) 
PARAMETRIC_REPRESENTATION_CONTEXT() REPRESENTATION_CONTEXT('2D SPACE',''
  ) );
#2212 = PCURVE('',#1088,#2213);
#2213 = DEFINITIONAL_REPRESENTATION('',(#2214),#2218);
#2214 = LINE('',#2215,#2216);
#2215 = CARTESIAN_POINT('',(0.,-0.762));
#2216 = VECTOR('',#2217,1.);
#2217 = DIRECTION('',(1.,-0.));
#2218 = ( GEOMETRIC_REPRESENTATION_CONTEXT(2) 
PARAMETRIC_REPRESENTATION_CONTEXT() REPRESENTATION_CONTEXT('2D SPACE',''
  ) );
#2219 = ORIENTED_EDGE('',*,*,#1045,.F.);
#2220 = ORIENTED_EDGE('',*,*,#713,.F.);
#2221 = ADVANCED_FACE('',(#2222),#701,.T.);
#2222 = FACE_BOUND('',#2223,.F.);
#2223 = EDGE_LOOP('',(#2224,#2246,#2274,#2294));
#2224 = ORIENTED_EDGE('',*,*,#2225,.T.);
#2225 = EDGE_CURVE('',#657,#2226,#2228,.T.);
#2226 = VERTEX_POINT('',#2227);
#2227 = CARTESIAN_POINT('',(-3.024569125246,7.408305977785,-6.9596));
#2228 = SURFACE_CURVE('',#2229,(#2234,#2240),.PCURVE_S1.);
#2229 = CIRCLE('',#2230,0.762);
#2230 = AXIS2_PLACEMENT_3D('',#2231,#2232,#2233);
#2231 = CARTESIAN_POINT('',(-2.840436235976,6.668887909917,-6.9596));
#2232 = DIRECTION('',(0.970364918461,0.24164421164,0.));
#2233 = DIRECTION('',(0.24164421164,-0.970364918461,0.));
#2234 = PCURVE('',#701,#2235);
#2235 = DEFINITIONAL_REPRESENTATION('',(#2236),#2239);
#2236 = B_SPLINE_CURVE_WITH_KNOTS('',1,(#2237,#2238),.UNSPECIFIED.,.F.,
  .F.,(2,2),(1.570796326795,3.14159265359),.PIECEWISE_BEZIER_KNOTS.);
#2237 = CARTESIAN_POINT('',(0.,0.56071701985));
#2238 = CARTESIAN_POINT('',(-1.570796326795,0.56071701985));
#2239 = ( GEOMETRIC_REPRESENTATION_CONTEXT(2) 
PARAMETRIC_REPRESENTATION_CONTEXT() REPRESENTATION_CONTEXT('2D SPACE',''
  ) );
#2240 = PCURVE('',#673,#2241);
#2241 = DEFINITIONAL_REPRESENTATION('',(#2242),#2245);
#2242 = B_SPLINE_CURVE_WITH_KNOTS('',1,(#2243,#2244),.UNSPECIFIED.,.F.,
  .F.,(2,2),(1.570796326795,3.14159265359),.PIECEWISE_BEZIER_KNOTS.);
#2243 = CARTESIAN_POINT('',(0.,1.570796326795));
#2244 = CARTESIAN_POINT('',(0.,3.14159265359));
#2245 = ( GEOMETRIC_REPRESENTATION_CONTEXT(2) 
PARAMETRIC_REPRESENTATION_CONTEXT() REPRESENTATION_CONTEXT('2D SPACE',''
  ) );
#2246 = ORIENTED_EDGE('',*,*,#2247,.T.);
#2247 = EDGE_CURVE('',#2226,#2248,#2250,.T.);
#2248 = VERTEX_POINT('',#2249);
#2249 = CARTESIAN_POINT('',(-12.04951237221,5.160877969495,-6.9596));
#2250 = SURFACE_CURVE('',#2251,(#2255,#2262),.PCURVE_S1.);
#2251 = LINE('',#2252,#2253);
#2252 = CARTESIAN_POINT('',(-2.480469,7.5438,-6.9596));
#2253 = VECTOR('',#2254,1.);
#2254 = DIRECTION('',(-0.970364918461,-0.24164421164,0.));
#2255 = PCURVE('',#701,#2256);
#2256 = DEFINITIONAL_REPRESENTATION('',(#2257),#2261);
#2257 = LINE('',#2258,#2259);
#2258 = CARTESIAN_POINT('',(-1.570796326795,0.));
#2259 = VECTOR('',#2260,1.);
#2260 = DIRECTION('',(-0.,1.));
#2261 = ( GEOMETRIC_REPRESENTATION_CONTEXT(2) 
PARAMETRIC_REPRESENTATION_CONTEXT() REPRESENTATION_CONTEXT('2D SPACE',''
  ) );
#2262 = PCURVE('',#2263,#2268);
#2263 = PLANE('',#2264);
#2264 = AXIS2_PLACEMENT_3D('',#2265,#2266,#2267);
#2265 = CARTESIAN_POINT('',(-2.480469,7.5438,-7.7216));
#2266 = DIRECTION('',(0.24164421164,-0.970364918461,0.));
#2267 = DIRECTION('',(-0.970364918461,-0.24164421164,0.));
#2268 = DEFINITIONAL_REPRESENTATION('',(#2269),#2273);
#2269 = LINE('',#2270,#2271);
#2270 = CARTESIAN_POINT('',(2.22044604925E-16,-0.762));
#2271 = VECTOR('',#2272,1.);
#2272 = DIRECTION('',(1.,-0.));
#2273 = ( GEOMETRIC_REPRESENTATION_CONTEXT(2) 
PARAMETRIC_REPRESENTATION_CONTEXT() REPRESENTATION_CONTEXT('2D SPACE',''
  ) );
#2274 = ORIENTED_EDGE('',*,*,#2275,.F.);
#2275 = EDGE_CURVE('',#686,#2248,#2276,.T.);
#2276 = SURFACE_CURVE('',#2277,(#2282,#2288),.PCURVE_S1.);
#2277 = CIRCLE('',#2278,0.762);
#2278 = AXIS2_PLACEMENT_3D('',#2279,#2280,#2281);
#2279 = CARTESIAN_POINT('',(-11.86537948294,4.421459901627,-6.9596));
#2280 = DIRECTION('',(0.970364918461,0.24164421164,-0.));
#2281 = DIRECTION('',(-0.24164421164,0.970364918461,0.));
#2282 = PCURVE('',#701,#2283);
#2283 = DEFINITIONAL_REPRESENTATION('',(#2284),#2287);
#2284 = B_SPLINE_CURVE_WITH_KNOTS('',1,(#2285,#2286),.UNSPECIFIED.,.F.,
  .F.,(2,2),(4.712388980385,6.28318530718),.PIECEWISE_BEZIER_KNOTS.);
#2285 = CARTESIAN_POINT('',(0.,9.861283307093));
#2286 = CARTESIAN_POINT('',(-1.570796326795,9.861283307093));
#2287 = ( GEOMETRIC_REPRESENTATION_CONTEXT(2) 
PARAMETRIC_REPRESENTATION_CONTEXT() REPRESENTATION_CONTEXT('2D SPACE',''
  ) );
#2288 = PCURVE('',#2188,#2289);
#2289 = DEFINITIONAL_REPRESENTATION('',(#2290),#2293);
#2290 = B_SPLINE_CURVE_WITH_KNOTS('',1,(#2291,#2292),.UNSPECIFIED.,.F.,
  .F.,(2,2),(4.712388980385,6.28318530718),.PIECEWISE_BEZIER_KNOTS.);
#2291 = CARTESIAN_POINT('',(-1.097460202969,-1.570796326795));
#2292 = CARTESIAN_POINT('',(-1.097460202969,0.));
#2293 = ( GEOMETRIC_REPRESENTATION_CONTEXT(2) 
PARAMETRIC_REPRESENTATION_CONTEXT() REPRESENTATION_CONTEXT('2D SPACE',''
  ) );
#2294 = ORIENTED_EDGE('',*,*,#685,.F.);
#2295 = ADVANCED_FACE('',(#2296),#673,.T.);
#2296 = FACE_BOUND('',#2297,.F.);
#2297 = EDGE_LOOP('',(#2298,#2299,#2300,#2322));
#2298 = ORIENTED_EDGE('',*,*,#2225,.F.);
#2299 = ORIENTED_EDGE('',*,*,#656,.T.);
#2300 = ORIENTED_EDGE('',*,*,#2301,.T.);
#2301 = EDGE_CURVE('',#629,#2302,#2304,.T.);
#2302 = VERTEX_POINT('',#2303);
#2303 = CARTESIAN_POINT('',(-2.447982045337,8.103575110313,-6.9596));
#2304 = SURFACE_CURVE('',#2305,(#2310,#2316),.PCURVE_S1.);
#2305 = CIRCLE('',#2306,0.762);
#2306 = AXIS2_PLACEMENT_3D('',#2307,#2308,#2309);
#2307 = CARTESIAN_POINT('',(-1.687262076158,8.059426174973,-6.9596));
#2308 = DIRECTION('',(5.793823535402E-02,0.998320169527,0.));
#2309 = DIRECTION('',(0.998320169527,-5.793823535402E-02,0.));
#2310 = PCURVE('',#673,#2311);
#2311 = DEFINITIONAL_REPRESENTATION('',(#2312),#2315);
#2312 = B_SPLINE_CURVE_WITH_KNOTS('',1,(#2313,#2314),.UNSPECIFIED.,.F.,
  .F.,(2,2),(1.570796326795,3.14159265359),.PIECEWISE_BEZIER_KNOTS.);
#2313 = CARTESIAN_POINT('',(-1.268765706877,1.570796326795));
#2314 = CARTESIAN_POINT('',(-1.268765706877,3.14159265359));
#2315 = ( GEOMETRIC_REPRESENTATION_CONTEXT(2) 
PARAMETRIC_REPRESENTATION_CONTEXT() REPRESENTATION_CONTEXT('2D SPACE',''
  ) );
#2316 = PCURVE('',#644,#2317);
#2317 = DEFINITIONAL_REPRESENTATION('',(#2318),#2321);
#2318 = B_SPLINE_CURVE_WITH_KNOTS('',1,(#2319,#2320),.UNSPECIFIED.,.F.,
  .F.,(2,2),(1.570796326795,3.14159265359),.PIECEWISE_BEZIER_KNOTS.);
#2319 = CARTESIAN_POINT('',(0.,21.701680033126));
#2320 = CARTESIAN_POINT('',(-1.570796326795,21.701680033126));
#2321 = ( GEOMETRIC_REPRESENTATION_CONTEXT(2) 
PARAMETRIC_REPRESENTATION_CONTEXT() REPRESENTATION_CONTEXT('2D SPACE',''
  ) );
#2322 = ORIENTED_EDGE('',*,*,#2323,.F.);
#2323 = EDGE_CURVE('',#2226,#2302,#2324,.T.);
#2324 = SURFACE_CURVE('',#2325,(#2330,#2337),.PCURVE_S1.);
#2325 = CIRCLE('',#2326,0.762);
#2326 = AXIS2_PLACEMENT_3D('',#2327,#2328,#2329);
#2327 = CARTESIAN_POINT('',(-3.208702014516,8.147724045653,-6.9596));
#2328 = DIRECTION('',(0.,0.,1.));
#2329 = DIRECTION('',(0.24164421164,-0.970364918461,0.));
#2330 = PCURVE('',#673,#2331);
#2331 = DEFINITIONAL_REPRESENTATION('',(#2332),#2336);
#2332 = LINE('',#2333,#2334);
#2333 = CARTESIAN_POINT('',(-0.,3.14159265359));
#2334 = VECTOR('',#2335,1.);
#2335 = DIRECTION('',(-1.,0.));
#2336 = ( GEOMETRIC_REPRESENTATION_CONTEXT(2) 
PARAMETRIC_REPRESENTATION_CONTEXT() REPRESENTATION_CONTEXT('2D SPACE',''
  ) );
#2337 = PCURVE('',#2338,#2343);
#2338 = CYLINDRICAL_SURFACE('',#2339,0.762);
#2339 = AXIS2_PLACEMENT_3D('',#2340,#2341,#2342);
#2340 = CARTESIAN_POINT('',(-3.208702014516,8.147724045653,-7.7216));
#2341 = DIRECTION('',(0.,0.,1.));
#2342 = DIRECTION('',(0.24164421164,-0.970364918461,0.));
#2343 = DEFINITIONAL_REPRESENTATION('',(#2344),#2348);
#2344 = LINE('',#2345,#2346);
#2345 = CARTESIAN_POINT('',(5.827942386484E-16,0.762));
#2346 = VECTOR('',#2347,1.);
#2347 = DIRECTION('',(1.,0.));
#2348 = ( GEOMETRIC_REPRESENTATION_CONTEXT(2) 
PARAMETRIC_REPRESENTATION_CONTEXT() REPRESENTATION_CONTEXT('2D SPACE',''
  ) );
#2349 = ADVANCED_FACE('',(#2350),#644,.T.);
#2350 = FACE_BOUND('',#2351,.F.);
#2351 = EDGE_LOOP('',(#2352,#2379,#2405,#2406));
#2352 = ORIENTED_EDGE('',*,*,#2353,.T.);
#2353 = EDGE_CURVE('',#601,#2354,#2356,.T.);
#2354 = VERTEX_POINT('',#2355);
#2355 = CARTESIAN_POINT('',(-1.232286007363,29.05094893534,-6.9596));
#2356 = SURFACE_CURVE('',#2357,(#2362,#2368),.PCURVE_S1.);
#2357 = CIRCLE('',#2358,0.762);
#2358 = AXIS2_PLACEMENT_3D('',#2359,#2360,#2361);
#2359 = CARTESIAN_POINT('',(-0.471566038184,29.0068,-6.9596));
#2360 = DIRECTION('',(5.793823535402E-02,0.998320169527,-0.));
#2361 = DIRECTION('',(-0.998320169527,5.793823535402E-02,0.));
#2362 = PCURVE('',#644,#2363);
#2363 = DEFINITIONAL_REPRESENTATION('',(#2364),#2367);
#2364 = B_SPLINE_CURVE_WITH_KNOTS('',1,(#2365,#2366),.UNSPECIFIED.,.F.,
  .F.,(2,2),(4.712388980385,6.28318530718),.PIECEWISE_BEZIER_KNOTS.);
#2365 = CARTESIAN_POINT('',(0.,0.719058961816));
#2366 = CARTESIAN_POINT('',(-1.570796326795,0.719058961816));
#2367 = ( GEOMETRIC_REPRESENTATION_CONTEXT(2) 
PARAMETRIC_REPRESENTATION_CONTEXT() REPRESENTATION_CONTEXT('2D SPACE',''
  ) );
#2368 = PCURVE('',#2369,#2374);
#2369 = SPHERICAL_SURFACE('',#2370,0.762);
#2370 = AXIS2_PLACEMENT_3D('',#2371,#2372,#2373);
#2371 = CARTESIAN_POINT('',(-0.471566038184,29.0068,-6.9596));
#2372 = DIRECTION('',(0.,0.,1.));
#2373 = DIRECTION('',(-0.998320169527,5.793823535402E-02,0.));
#2374 = DEFINITIONAL_REPRESENTATION('',(#2375),#2378);
#2375 = B_SPLINE_CURVE_WITH_KNOTS('',1,(#2376,#2377),.UNSPECIFIED.,.F.,
  .F.,(2,2),(4.712388980385,6.28318530718),.PIECEWISE_BEZIER_KNOTS.);
#2376 = CARTESIAN_POINT('',(0.,-1.570796326795));
#2377 = CARTESIAN_POINT('',(0.,0.));
#2378 = ( GEOMETRIC_REPRESENTATION_CONTEXT(2) 
PARAMETRIC_REPRESENTATION_CONTEXT() REPRESENTATION_CONTEXT('2D SPACE',''
  ) );
#2379 = ORIENTED_EDGE('',*,*,#2380,.T.);
#2380 = EDGE_CURVE('',#2354,#2302,#2381,.T.);
#2381 = SURFACE_CURVE('',#2382,(#2386,#2393),.PCURVE_S1.);
#2382 = LINE('',#2383,#2384);
#2383 = CARTESIAN_POINT('',(-1.190625,29.7688,-6.9596));
#2384 = VECTOR('',#2385,1.);
#2385 = DIRECTION('',(-5.793823535402E-02,-0.998320169527,0.));
#2386 = PCURVE('',#644,#2387);
#2387 = DEFINITIONAL_REPRESENTATION('',(#2388),#2392);
#2388 = LINE('',#2389,#2390);
#2389 = CARTESIAN_POINT('',(-1.570796326795,0.));
#2390 = VECTOR('',#2391,1.);
#2391 = DIRECTION('',(-0.,1.));
#2392 = ( GEOMETRIC_REPRESENTATION_CONTEXT(2) 
PARAMETRIC_REPRESENTATION_CONTEXT() REPRESENTATION_CONTEXT('2D SPACE',''
  ) );
#2393 = PCURVE('',#2394,#2399);
#2394 = PLANE('',#2395);
#2395 = AXIS2_PLACEMENT_3D('',#2396,#2397,#2398);
#2396 = CARTESIAN_POINT('',(-1.190625,29.7688,-7.7216));
#2397 = DIRECTION('',(0.998320169527,-5.793823535402E-02,0.));
#2398 = DIRECTION('',(-5.793823535402E-02,-0.998320169527,0.));
#2399 = DEFINITIONAL_REPRESENTATION('',(#2400),#2404);
#2400 = LINE('',#2401,#2402);
#2401 = CARTESIAN_POINT('',(0.,-0.762));
#2402 = VECTOR('',#2403,1.);
#2403 = DIRECTION('',(1.,-0.));
#2404 = ( GEOMETRIC_REPRESENTATION_CONTEXT(2) 
PARAMETRIC_REPRESENTATION_CONTEXT() REPRESENTATION_CONTEXT('2D SPACE',''
  ) );
#2405 = ORIENTED_EDGE('',*,*,#2301,.F.);
#2406 = ORIENTED_EDGE('',*,*,#628,.F.);
#2407 = ADVANCED_FACE('',(#2408),#616,.T.);
#2408 = FACE_BOUND('',#2409,.F.);
#2409 = EDGE_LOOP('',(#2410,#2437,#2465,#2485));
#2410 = ORIENTED_EDGE('',*,*,#2411,.T.);
#2411 = EDGE_CURVE('',#573,#2412,#2414,.T.);
#2412 = VERTEX_POINT('',#2413);
#2413 = CARTESIAN_POINT('',(0.471566038184,29.7688,-6.9596));
#2414 = SURFACE_CURVE('',#2415,(#2420,#2426),.PCURVE_S1.);
#2415 = CIRCLE('',#2416,0.762);
#2416 = AXIS2_PLACEMENT_3D('',#2417,#2418,#2419);
#2417 = CARTESIAN_POINT('',(0.471566038184,29.0068,-6.9596));
#2418 = DIRECTION('',(1.,-0.,0.));
#2419 = DIRECTION('',(0.,1.,0.));
#2420 = PCURVE('',#616,#2421);
#2421 = DEFINITIONAL_REPRESENTATION('',(#2422),#2425);
#2422 = B_SPLINE_CURVE_WITH_KNOTS('',1,(#2423,#2424),.UNSPECIFIED.,.F.,
  .F.,(2,2),(4.712388980385,6.28318530718),.PIECEWISE_BEZIER_KNOTS.);
#2423 = CARTESIAN_POINT('',(0.,0.719058961816));
#2424 = CARTESIAN_POINT('',(-1.570796326795,0.719058961816));
#2425 = ( GEOMETRIC_REPRESENTATION_CONTEXT(2) 
PARAMETRIC_REPRESENTATION_CONTEXT() REPRESENTATION_CONTEXT('2D SPACE',''
  ) );
#2426 = PCURVE('',#2427,#2432);
#2427 = SPHERICAL_SURFACE('',#2428,0.762);
#2428 = AXIS2_PLACEMENT_3D('',#2429,#2430,#2431);
#2429 = CARTESIAN_POINT('',(0.471566038184,29.0068,-6.9596));
#2430 = DIRECTION('',(0.,0.,1.));
#2431 = DIRECTION('',(0.,1.,-0.));
#2432 = DEFINITIONAL_REPRESENTATION('',(#2433),#2436);
#2433 = B_SPLINE_CURVE_WITH_KNOTS('',1,(#2434,#2435),.UNSPECIFIED.,.F.,
  .F.,(2,2),(4.712388980385,6.28318530718),.PIECEWISE_BEZIER_KNOTS.);
#2434 = CARTESIAN_POINT('',(0.,-1.570796326795));
#2435 = CARTESIAN_POINT('',(0.,0.));
#2436 = ( GEOMETRIC_REPRESENTATION_CONTEXT(2) 
PARAMETRIC_REPRESENTATION_CONTEXT() REPRESENTATION_CONTEXT('2D SPACE',''
  ) );
#2437 = ORIENTED_EDGE('',*,*,#2438,.T.);
#2438 = EDGE_CURVE('',#2412,#2439,#2441,.T.);
#2439 = VERTEX_POINT('',#2440);
#2440 = CARTESIAN_POINT('',(-0.471566038184,29.7688,-6.9596));
#2441 = SURFACE_CURVE('',#2442,(#2446,#2453),.PCURVE_S1.);
#2442 = LINE('',#2443,#2444);
#2443 = CARTESIAN_POINT('',(1.190625,29.7688,-6.9596));
#2444 = VECTOR('',#2445,1.);
#2445 = DIRECTION('',(-1.,0.,0.));
#2446 = PCURVE('',#616,#2447);
#2447 = DEFINITIONAL_REPRESENTATION('',(#2448),#2452);
#2448 = LINE('',#2449,#2450);
#2449 = CARTESIAN_POINT('',(-1.570796326795,0.));
#2450 = VECTOR('',#2451,1.);
#2451 = DIRECTION('',(-0.,1.));
#2452 = ( GEOMETRIC_REPRESENTATION_CONTEXT(2) 
PARAMETRIC_REPRESENTATION_CONTEXT() REPRESENTATION_CONTEXT('2D SPACE',''
  ) );
#2453 = PCURVE('',#2454,#2459);
#2454 = PLANE('',#2455);
#2455 = AXIS2_PLACEMENT_3D('',#2456,#2457,#2458);
#2456 = CARTESIAN_POINT('',(1.190625,29.7688,-7.7216));
#2457 = DIRECTION('',(0.,-1.,0.));
#2458 = DIRECTION('',(-1.,0.,0.));
#2459 = DEFINITIONAL_REPRESENTATION('',(#2460),#2464);
#2460 = LINE('',#2461,#2462);
#2461 = CARTESIAN_POINT('',(0.,-0.762));
#2462 = VECTOR('',#2463,1.);
#2463 = DIRECTION('',(1.,0.));
#2464 = ( GEOMETRIC_REPRESENTATION_CONTEXT(2) 
PARAMETRIC_REPRESENTATION_CONTEXT() REPRESENTATION_CONTEXT('2D SPACE',''
  ) );
#2465 = ORIENTED_EDGE('',*,*,#2466,.F.);
#2466 = EDGE_CURVE('',#601,#2439,#2467,.T.);
#2467 = SURFACE_CURVE('',#2468,(#2473,#2479),.PCURVE_S1.);
#2468 = CIRCLE('',#2469,0.762);
#2469 = AXIS2_PLACEMENT_3D('',#2470,#2471,#2472);
#2470 = CARTESIAN_POINT('',(-0.471566038184,29.0068,-6.9596));
#2471 = DIRECTION('',(1.,-2.775557561563E-16,0.));
#2472 = DIRECTION('',(2.775557561563E-16,1.,0.));
#2473 = PCURVE('',#616,#2474);
#2474 = DEFINITIONAL_REPRESENTATION('',(#2475),#2478);
#2475 = B_SPLINE_CURVE_WITH_KNOTS('',1,(#2476,#2477),.UNSPECIFIED.,.F.,
  .F.,(2,2),(4.712388980385,6.28318530718),.PIECEWISE_BEZIER_KNOTS.);
#2476 = CARTESIAN_POINT('',(0.,1.662191038184));
#2477 = CARTESIAN_POINT('',(-1.570796326795,1.662191038184));
#2478 = ( GEOMETRIC_REPRESENTATION_CONTEXT(2) 
PARAMETRIC_REPRESENTATION_CONTEXT() REPRESENTATION_CONTEXT('2D SPACE',''
  ) );
#2479 = PCURVE('',#2369,#2480);
#2480 = DEFINITIONAL_REPRESENTATION('',(#2481),#2484);
#2481 = B_SPLINE_CURVE_WITH_KNOTS('',1,(#2482,#2483),.UNSPECIFIED.,.F.,
  .F.,(2,2),(4.712388980385,6.28318530718),.PIECEWISE_BEZIER_KNOTS.);
#2482 = CARTESIAN_POINT('',(-1.512825627488,-1.570796326795));
#2483 = CARTESIAN_POINT('',(-1.512825627488,0.));
#2484 = ( GEOMETRIC_REPRESENTATION_CONTEXT(2) 
PARAMETRIC_REPRESENTATION_CONTEXT() REPRESENTATION_CONTEXT('2D SPACE',''
  ) );
#2485 = ORIENTED_EDGE('',*,*,#600,.F.);
#2486 = ADVANCED_FACE('',(#2487),#531,.T.);
#2487 = FACE_BOUND('',#2488,.F.);
#2488 = EDGE_LOOP('',(#2489,#2511,#2539,#2559));
#2489 = ORIENTED_EDGE('',*,*,#2490,.T.);
#2490 = EDGE_CURVE('',#493,#2491,#2493,.T.);
#2491 = VERTEX_POINT('',#2492);
#2492 = CARTESIAN_POINT('',(12.049512372213,5.160877969495,-6.9596));
#2493 = SURFACE_CURVE('',#2494,(#2499,#2505),.PCURVE_S1.);
#2494 = CIRCLE('',#2495,0.762);
#2495 = AXIS2_PLACEMENT_3D('',#2496,#2497,#2498);
#2496 = CARTESIAN_POINT('',(11.865379482943,4.421459901627,-6.9596));
#2497 = DIRECTION('',(0.970364918461,-0.24164421164,0.));
#2498 = DIRECTION('',(0.24164421164,0.970364918461,0.));
#2499 = PCURVE('',#531,#2500);
#2500 = DEFINITIONAL_REPRESENTATION('',(#2501),#2504);
#2501 = B_SPLINE_CURVE_WITH_KNOTS('',1,(#2502,#2503),.UNSPECIFIED.,.F.,
  .F.,(2,2),(4.712388980385,6.28318530718),.PIECEWISE_BEZIER_KNOTS.);
#2502 = CARTESIAN_POINT('',(0.,0.465855802479));
#2503 = CARTESIAN_POINT('',(-1.570796326795,0.465855802479));
#2504 = ( GEOMETRIC_REPRESENTATION_CONTEXT(2) 
PARAMETRIC_REPRESENTATION_CONTEXT() REPRESENTATION_CONTEXT('2D SPACE',''
  ) );
#2505 = PCURVE('',#780,#2506);
#2506 = DEFINITIONAL_REPRESENTATION('',(#2507),#2510);
#2507 = B_SPLINE_CURVE_WITH_KNOTS('',1,(#2508,#2509),.UNSPECIFIED.,.F.,
  .F.,(2,2),(4.712388980385,6.28318530718),.PIECEWISE_BEZIER_KNOTS.);
#2508 = CARTESIAN_POINT('',(0.,-1.570796326795));
#2509 = CARTESIAN_POINT('',(0.,0.));
#2510 = ( GEOMETRIC_REPRESENTATION_CONTEXT(2) 
PARAMETRIC_REPRESENTATION_CONTEXT() REPRESENTATION_CONTEXT('2D SPACE',''
  ) );
#2511 = ORIENTED_EDGE('',*,*,#2512,.T.);
#2512 = EDGE_CURVE('',#2491,#2513,#2515,.T.);
#2513 = VERTEX_POINT('',#2514);
#2514 = CARTESIAN_POINT('',(3.024569125246,7.408305977785,-6.9596));
#2515 = SURFACE_CURVE('',#2516,(#2520,#2527),.PCURVE_S1.);
#2516 = LINE('',#2517,#2518);
#2517 = CARTESIAN_POINT('',(12.5015625,5.048306611367,-6.9596));
#2518 = VECTOR('',#2519,1.);
#2519 = DIRECTION('',(-0.970364918461,0.24164421164,0.));
#2520 = PCURVE('',#531,#2521);
#2521 = DEFINITIONAL_REPRESENTATION('',(#2522),#2526);
#2522 = LINE('',#2523,#2524);
#2523 = CARTESIAN_POINT('',(-1.570796326795,0.));
#2524 = VECTOR('',#2525,1.);
#2525 = DIRECTION('',(-0.,1.));
#2526 = ( GEOMETRIC_REPRESENTATION_CONTEXT(2) 
PARAMETRIC_REPRESENTATION_CONTEXT() REPRESENTATION_CONTEXT('2D SPACE',''
  ) );
#2527 = PCURVE('',#2528,#2533);
#2528 = PLANE('',#2529);
#2529 = AXIS2_PLACEMENT_3D('',#2530,#2531,#2532);
#2530 = CARTESIAN_POINT('',(12.5015625,5.048306611367,-7.7216));
#2531 = DIRECTION('',(-0.24164421164,-0.970364918461,0.));
#2532 = DIRECTION('',(-0.970364918461,0.24164421164,0.));
#2533 = DEFINITIONAL_REPRESENTATION('',(#2534),#2538);
#2534 = LINE('',#2535,#2536);
#2535 = CARTESIAN_POINT('',(-1.7763568394E-15,-0.762));
#2536 = VECTOR('',#2537,1.);
#2537 = DIRECTION('',(1.,0.));
#2538 = ( GEOMETRIC_REPRESENTATION_CONTEXT(2) 
PARAMETRIC_REPRESENTATION_CONTEXT() REPRESENTATION_CONTEXT('2D SPACE',''
  ) );
#2539 = ORIENTED_EDGE('',*,*,#2540,.F.);
#2540 = EDGE_CURVE('',#516,#2513,#2541,.T.);
#2541 = SURFACE_CURVE('',#2542,(#2547,#2553),.PCURVE_S1.);
#2542 = CIRCLE('',#2543,0.762);
#2543 = AXIS2_PLACEMENT_3D('',#2544,#2545,#2546);
#2544 = CARTESIAN_POINT('',(2.840436235976,6.668887909917,-6.9596));
#2545 = DIRECTION('',(0.970364918461,-0.24164421164,0.));
#2546 = DIRECTION('',(-0.24164421164,-0.970364918461,0.));
#2547 = PCURVE('',#531,#2548);
#2548 = DEFINITIONAL_REPRESENTATION('',(#2549),#2552);
#2549 = B_SPLINE_CURVE_WITH_KNOTS('',1,(#2550,#2551),.UNSPECIFIED.,.F.,
  .F.,(2,2),(1.570796326795,3.14159265359),.PIECEWISE_BEZIER_KNOTS.);
#2550 = CARTESIAN_POINT('',(0.,9.766422089722));
#2551 = CARTESIAN_POINT('',(-1.570796326795,9.766422089722));
#2552 = ( GEOMETRIC_REPRESENTATION_CONTEXT(2) 
PARAMETRIC_REPRESENTATION_CONTEXT() REPRESENTATION_CONTEXT('2D SPACE',''
  ) );
#2553 = PCURVE('',#560,#2554);
#2554 = DEFINITIONAL_REPRESENTATION('',(#2555),#2558);
#2555 = B_SPLINE_CURVE_WITH_KNOTS('',1,(#2556,#2557),.UNSPECIFIED.,.F.,
  .F.,(2,2),(1.570796326795,3.14159265359),.PIECEWISE_BEZIER_KNOTS.);
#2556 = CARTESIAN_POINT('',(-1.268765706877,1.570796326795));
#2557 = CARTESIAN_POINT('',(-1.268765706877,3.14159265359));
#2558 = ( GEOMETRIC_REPRESENTATION_CONTEXT(2) 
PARAMETRIC_REPRESENTATION_CONTEXT() REPRESENTATION_CONTEXT('2D SPACE',''
  ) );
#2559 = ORIENTED_EDGE('',*,*,#515,.F.);
#2560 = ADVANCED_FACE('',(#2561),#588,.T.);
#2561 = FACE_BOUND('',#2562,.F.);
#2562 = EDGE_LOOP('',(#2563,#2585,#2613,#2633));
#2563 = ORIENTED_EDGE('',*,*,#2564,.T.);
#2564 = EDGE_CURVE('',#544,#2565,#2567,.T.);
#2565 = VERTEX_POINT('',#2566);
#2566 = CARTESIAN_POINT('',(2.447982045337,8.103575110313,-6.9596));
#2567 = SURFACE_CURVE('',#2568,(#2573,#2579),.PCURVE_S1.);
#2568 = CIRCLE('',#2569,0.762);
#2569 = AXIS2_PLACEMENT_3D('',#2570,#2571,#2572);
#2570 = CARTESIAN_POINT('',(1.687262076158,8.059426174973,-6.9596));
#2571 = DIRECTION('',(5.793823535403E-02,-0.998320169527,0.));
#2572 = DIRECTION('',(-0.998320169527,-5.793823535403E-02,0.));
#2573 = PCURVE('',#588,#2574);
#2574 = DEFINITIONAL_REPRESENTATION('',(#2575),#2578);
#2575 = B_SPLINE_CURVE_WITH_KNOTS('',1,(#2576,#2577),.UNSPECIFIED.,.F.,
  .F.,(2,2),(1.570796326795,3.14159265359),.PIECEWISE_BEZIER_KNOTS.);
#2576 = CARTESIAN_POINT('',(0.,0.56071701985));
#2577 = CARTESIAN_POINT('',(-1.570796326795,0.56071701985));
#2578 = ( GEOMETRIC_REPRESENTATION_CONTEXT(2) 
PARAMETRIC_REPRESENTATION_CONTEXT() REPRESENTATION_CONTEXT('2D SPACE',''
  ) );
#2579 = PCURVE('',#560,#2580);
#2580 = DEFINITIONAL_REPRESENTATION('',(#2581),#2584);
#2581 = B_SPLINE_CURVE_WITH_KNOTS('',1,(#2582,#2583),.UNSPECIFIED.,.F.,
  .F.,(2,2),(1.570796326795,3.14159265359),.PIECEWISE_BEZIER_KNOTS.);
#2582 = CARTESIAN_POINT('',(0.,1.570796326795));
#2583 = CARTESIAN_POINT('',(0.,3.14159265359));
#2584 = ( GEOMETRIC_REPRESENTATION_CONTEXT(2) 
PARAMETRIC_REPRESENTATION_CONTEXT() REPRESENTATION_CONTEXT('2D SPACE',''
  ) );
#2585 = ORIENTED_EDGE('',*,*,#2586,.T.);
#2586 = EDGE_CURVE('',#2565,#2587,#2589,.T.);
#2587 = VERTEX_POINT('',#2588);
#2588 = CARTESIAN_POINT('',(1.232286007363,29.05094893534,-6.9596));
#2589 = SURFACE_CURVE('',#2590,(#2594,#2601),.PCURVE_S1.);
#2590 = LINE('',#2591,#2592);
#2591 = CARTESIAN_POINT('',(2.480469,7.5438,-6.9596));
#2592 = VECTOR('',#2593,1.);
#2593 = DIRECTION('',(-5.793823535402E-02,0.998320169527,0.));
#2594 = PCURVE('',#588,#2595);
#2595 = DEFINITIONAL_REPRESENTATION('',(#2596),#2600);
#2596 = LINE('',#2597,#2598);
#2597 = CARTESIAN_POINT('',(-1.570796326795,0.));
#2598 = VECTOR('',#2599,1.);
#2599 = DIRECTION('',(-0.,1.));
#2600 = ( GEOMETRIC_REPRESENTATION_CONTEXT(2) 
PARAMETRIC_REPRESENTATION_CONTEXT() REPRESENTATION_CONTEXT('2D SPACE',''
  ) );
#2601 = PCURVE('',#2602,#2607);
#2602 = PLANE('',#2603);
#2603 = AXIS2_PLACEMENT_3D('',#2604,#2605,#2606);
#2604 = CARTESIAN_POINT('',(2.480469,7.5438,-7.7216));
#2605 = DIRECTION('',(-0.998320169527,-5.793823535402E-02,0.));
#2606 = DIRECTION('',(-5.793823535402E-02,0.998320169527,0.));
#2607 = DEFINITIONAL_REPRESENTATION('',(#2608),#2612);
#2608 = LINE('',#2609,#2610);
#2609 = CARTESIAN_POINT('',(0.,-0.762));
#2610 = VECTOR('',#2611,1.);
#2611 = DIRECTION('',(1.,0.));
#2612 = ( GEOMETRIC_REPRESENTATION_CONTEXT(2) 
PARAMETRIC_REPRESENTATION_CONTEXT() REPRESENTATION_CONTEXT('2D SPACE',''
  ) );
#2613 = ORIENTED_EDGE('',*,*,#2614,.F.);
#2614 = EDGE_CURVE('',#573,#2587,#2615,.T.);
#2615 = SURFACE_CURVE('',#2616,(#2621,#2627),.PCURVE_S1.);
#2616 = CIRCLE('',#2617,0.762);
#2617 = AXIS2_PLACEMENT_3D('',#2618,#2619,#2620);
#2618 = CARTESIAN_POINT('',(0.471566038184,29.0068,-6.9596));
#2619 = DIRECTION('',(5.793823535402E-02,-0.998320169527,0.));
#2620 = DIRECTION('',(0.998320169527,5.793823535402E-02,0.));
#2621 = PCURVE('',#588,#2622);
#2622 = DEFINITIONAL_REPRESENTATION('',(#2623),#2626);
#2623 = B_SPLINE_CURVE_WITH_KNOTS('',1,(#2624,#2625),.UNSPECIFIED.,.F.,
  .F.,(2,2),(4.712388980385,6.28318530718),.PIECEWISE_BEZIER_KNOTS.);
#2624 = CARTESIAN_POINT('',(0.,21.543338091159));
#2625 = CARTESIAN_POINT('',(-1.570796326795,21.543338091159));
#2626 = ( GEOMETRIC_REPRESENTATION_CONTEXT(2) 
PARAMETRIC_REPRESENTATION_CONTEXT() REPRESENTATION_CONTEXT('2D SPACE',''
  ) );
#2627 = PCURVE('',#2427,#2628);
#2628 = DEFINITIONAL_REPRESENTATION('',(#2629),#2632);
#2629 = B_SPLINE_CURVE_WITH_KNOTS('',1,(#2630,#2631),.UNSPECIFIED.,.F.,
  .F.,(2,2),(4.712388980385,6.28318530718),.PIECEWISE_BEZIER_KNOTS.);
#2630 = CARTESIAN_POINT('',(-1.512825627488,-1.570796326795));
#2631 = CARTESIAN_POINT('',(-1.512825627488,0.));
#2632 = ( GEOMETRIC_REPRESENTATION_CONTEXT(2) 
PARAMETRIC_REPRESENTATION_CONTEXT() REPRESENTATION_CONTEXT('2D SPACE',''
  ) );
#2633 = ORIENTED_EDGE('',*,*,#572,.F.);
#2634 = ADVANCED_FACE('',(#2635),#560,.T.);
#2635 = FACE_BOUND('',#2636,.F.);
#2636 = EDGE_LOOP('',(#2637,#2638,#2639,#2640));
#2637 = ORIENTED_EDGE('',*,*,#2564,.F.);
#2638 = ORIENTED_EDGE('',*,*,#543,.T.);
#2639 = ORIENTED_EDGE('',*,*,#2540,.T.);
#2640 = ORIENTED_EDGE('',*,*,#2641,.F.);
#2641 = EDGE_CURVE('',#2565,#2513,#2642,.T.);
#2642 = SURFACE_CURVE('',#2643,(#2648,#2655),.PCURVE_S1.);
#2643 = CIRCLE('',#2644,0.762);
#2644 = AXIS2_PLACEMENT_3D('',#2645,#2646,#2647);
#2645 = CARTESIAN_POINT('',(3.208702014516,8.147724045653,-6.9596));
#2646 = DIRECTION('',(0.,0.,1.));
#2647 = DIRECTION('',(-0.998320169527,-5.793823535403E-02,0.));
#2648 = PCURVE('',#560,#2649);
#2649 = DEFINITIONAL_REPRESENTATION('',(#2650),#2654);
#2650 = LINE('',#2651,#2652);
#2651 = CARTESIAN_POINT('',(-0.,3.14159265359));
#2652 = VECTOR('',#2653,1.);
#2653 = DIRECTION('',(-1.,0.));
#2654 = ( GEOMETRIC_REPRESENTATION_CONTEXT(2) 
PARAMETRIC_REPRESENTATION_CONTEXT() REPRESENTATION_CONTEXT('2D SPACE',''
  ) );
#2655 = PCURVE('',#2656,#2661);
#2656 = CYLINDRICAL_SURFACE('',#2657,0.762);
#2657 = AXIS2_PLACEMENT_3D('',#2658,#2659,#2660);
#2658 = CARTESIAN_POINT('',(3.208702014516,8.147724045653,-7.7216));
#2659 = DIRECTION('',(0.,0.,1.));
#2660 = DIRECTION('',(-0.998320169527,-5.793823535402E-02,0.));
#2661 = DEFINITIONAL_REPRESENTATION('',(#2662),#2666);
#2662 = LINE('',#2663,#2664);
#2663 = CARTESIAN_POINT('',(2.331176954594E-15,0.762));
#2664 = VECTOR('',#2665,1.);
#2665 = DIRECTION('',(1.,0.));
#2666 = ( GEOMETRIC_REPRESENTATION_CONTEXT(2) 
PARAMETRIC_REPRESENTATION_CONTEXT() REPRESENTATION_CONTEXT('2D SPACE',''
  ) );
#2667 = ADVANCED_FACE('',(#2668),#780,.T.);
#2668 = FACE_BOUND('',#2669,.F.);
#2669 = EDGE_LOOP('',(#2670,#2671,#2672));
#2670 = ORIENTED_EDGE('',*,*,#2490,.F.);
#2671 = ORIENTED_EDGE('',*,*,#766,.T.);
#2672 = ORIENTED_EDGE('',*,*,#2673,.F.);
#2673 = EDGE_CURVE('',#2491,#744,#2674,.T.);
#2674 = SURFACE_CURVE('',#2675,(#2680,#2687),.PCURVE_S1.);
#2675 = CIRCLE('',#2676,0.762);
#2676 = AXIS2_PLACEMENT_3D('',#2677,#2678,#2679);
#2677 = CARTESIAN_POINT('',(11.865379482943,4.421459901627,-6.9596));
#2678 = DIRECTION('',(0.,-0.,-1.));
#2679 = DIRECTION('',(0.24164421164,0.970364918461,-0.));
#2680 = PCURVE('',#780,#2681);
#2681 = DEFINITIONAL_REPRESENTATION('',(#2682),#2686);
#2682 = LINE('',#2683,#2684);
#2683 = CARTESIAN_POINT('',(-0.,0.));
#2684 = VECTOR('',#2685,1.);
#2685 = DIRECTION('',(-1.,0.));
#2686 = ( GEOMETRIC_REPRESENTATION_CONTEXT(2) 
PARAMETRIC_REPRESENTATION_CONTEXT() REPRESENTATION_CONTEXT('2D SPACE',''
  ) );
#2687 = PCURVE('',#915,#2688);
#2688 = DEFINITIONAL_REPRESENTATION('',(#2689),#2693);
#2689 = LINE('',#2690,#2691);
#2690 = CARTESIAN_POINT('',(1.097460202969,0.762));
#2691 = VECTOR('',#2692,1.);
#2692 = DIRECTION('',(-1.,-0.));
#2693 = ( GEOMETRIC_REPRESENTATION_CONTEXT(2) 
PARAMETRIC_REPRESENTATION_CONTEXT() REPRESENTATION_CONTEXT('2D SPACE',''
  ) );
#2694 = ADVANCED_FACE('',(#2695),#915,.T.);
#2695 = FACE_BOUND('',#2696,.T.);
#2696 = EDGE_LOOP('',(#2697,#2698,#2699,#2722));
#2697 = ORIENTED_EDGE('',*,*,#901,.F.);
#2698 = ORIENTED_EDGE('',*,*,#2673,.F.);
#2699 = ORIENTED_EDGE('',*,*,#2700,.T.);
#2700 = EDGE_CURVE('',#2491,#2701,#2703,.T.);
#2701 = VERTEX_POINT('',#2702);
#2702 = CARTESIAN_POINT('',(12.049512372213,5.160877969495,6.9596));
#2703 = SURFACE_CURVE('',#2704,(#2708,#2715),.PCURVE_S1.);
#2704 = LINE('',#2705,#2706);
#2705 = CARTESIAN_POINT('',(12.049512372213,5.160877969495,-7.7216));
#2706 = VECTOR('',#2707,1.);
#2707 = DIRECTION('',(0.,0.,1.));
#2708 = PCURVE('',#915,#2709);
#2709 = DEFINITIONAL_REPRESENTATION('',(#2710),#2714);
#2710 = LINE('',#2711,#2712);
#2711 = CARTESIAN_POINT('',(1.097460202969,0.));
#2712 = VECTOR('',#2713,1.);
#2713 = DIRECTION('',(0.,1.));
#2714 = ( GEOMETRIC_REPRESENTATION_CONTEXT(2) 
PARAMETRIC_REPRESENTATION_CONTEXT() REPRESENTATION_CONTEXT('2D SPACE',''
  ) );
#2715 = PCURVE('',#2528,#2716);
#2716 = DEFINITIONAL_REPRESENTATION('',(#2717),#2721);
#2717 = LINE('',#2718,#2719);
#2718 = CARTESIAN_POINT('',(0.465855802479,0.));
#2719 = VECTOR('',#2720,1.);
#2720 = DIRECTION('',(0.,-1.));
#2721 = ( GEOMETRIC_REPRESENTATION_CONTEXT(2) 
PARAMETRIC_REPRESENTATION_CONTEXT() REPRESENTATION_CONTEXT('2D SPACE',''
  ) );
#2722 = ORIENTED_EDGE('',*,*,#2723,.F.);
#2723 = EDGE_CURVE('',#879,#2701,#2724,.T.);
#2724 = SURFACE_CURVE('',#2725,(#2730,#2737),.PCURVE_S1.);
#2725 = CIRCLE('',#2726,0.762);
#2726 = AXIS2_PLACEMENT_3D('',#2727,#2728,#2729);
#2727 = CARTESIAN_POINT('',(11.865379482943,4.421459901627,6.9596));
#2728 = DIRECTION('',(0.,0.,1.));
#2729 = DIRECTION('',(0.973831149347,0.227272727273,-0.));
#2730 = PCURVE('',#915,#2731);
#2731 = DEFINITIONAL_REPRESENTATION('',(#2732),#2736);
#2732 = LINE('',#2733,#2734);
#2733 = CARTESIAN_POINT('',(5.827942386484E-16,14.6812));
#2734 = VECTOR('',#2735,1.);
#2735 = DIRECTION('',(1.,0.));
#2736 = ( GEOMETRIC_REPRESENTATION_CONTEXT(2) 
PARAMETRIC_REPRESENTATION_CONTEXT() REPRESENTATION_CONTEXT('2D SPACE',''
  ) );
#2737 = PCURVE('',#1029,#2738);
#2738 = DEFINITIONAL_REPRESENTATION('',(#2739),#2743);
#2739 = LINE('',#2740,#2741);
#2740 = CARTESIAN_POINT('',(-0.,0.));
#2741 = VECTOR('',#2742,1.);
#2742 = DIRECTION('',(-1.,0.));
#2743 = ( GEOMETRIC_REPRESENTATION_CONTEXT(2) 
PARAMETRIC_REPRESENTATION_CONTEXT() REPRESENTATION_CONTEXT('2D SPACE',''
  ) );
#2744 = ADVANCED_FACE('',(#2745),#976,.T.);
#2745 = FACE_BOUND('',#2746,.T.);
#2746 = EDGE_LOOP('',(#2747,#2770,#2797,#2798));
#2747 = ORIENTED_EDGE('',*,*,#2748,.T.);
#2748 = EDGE_CURVE('',#956,#2749,#2751,.T.);
#2749 = VERTEX_POINT('',#2750);
#2750 = CARTESIAN_POINT('',(1.091406,0.,-7.7216));
#2751 = SEAM_CURVE('',#2752,(#2756,#2763),.PCURVE_S1.);
#2752 = LINE('',#2753,#2754);
#2753 = CARTESIAN_POINT('',(1.091406,0.,-6.5484375));
#2754 = VECTOR('',#2755,1.);
#2755 = DIRECTION('',(-0.,-0.,-1.));
#2756 = PCURVE('',#976,#2757);
#2757 = DEFINITIONAL_REPRESENTATION('',(#2758),#2762);
#2758 = LINE('',#2759,#2760);
#2759 = CARTESIAN_POINT('',(0.,0.));
#2760 = VECTOR('',#2761,1.);
#2761 = DIRECTION('',(0.,-1.));
#2762 = ( GEOMETRIC_REPRESENTATION_CONTEXT(2) 
PARAMETRIC_REPRESENTATION_CONTEXT() REPRESENTATION_CONTEXT('2D SPACE',''
  ) );
#2763 = PCURVE('',#976,#2764);
#2764 = DEFINITIONAL_REPRESENTATION('',(#2765),#2769);
#2765 = LINE('',#2766,#2767);
#2766 = CARTESIAN_POINT('',(6.28318530718,0.));
#2767 = VECTOR('',#2768,1.);
#2768 = DIRECTION('',(0.,-1.));
#2769 = ( GEOMETRIC_REPRESENTATION_CONTEXT(2) 
PARAMETRIC_REPRESENTATION_CONTEXT() REPRESENTATION_CONTEXT('2D SPACE',''
  ) );
#2770 = ORIENTED_EDGE('',*,*,#2771,.T.);
#2771 = EDGE_CURVE('',#2749,#2749,#2772,.T.);
#2772 = SURFACE_CURVE('',#2773,(#2778,#2785),.PCURVE_S1.);
#2773 = CIRCLE('',#2774,1.091406);
#2774 = AXIS2_PLACEMENT_3D('',#2775,#2776,#2777);
#2775 = CARTESIAN_POINT('',(0.,0.,-7.7216));
#2776 = DIRECTION('',(0.,0.,1.));
#2777 = DIRECTION('',(1.,0.,0.));
#2778 = PCURVE('',#976,#2779);
#2779 = DEFINITIONAL_REPRESENTATION('',(#2780),#2784);
#2780 = LINE('',#2781,#2782);
#2781 = CARTESIAN_POINT('',(0.,-1.1731625));
#2782 = VECTOR('',#2783,1.);
#2783 = DIRECTION('',(1.,0.));
#2784 = ( GEOMETRIC_REPRESENTATION_CONTEXT(2) 
PARAMETRIC_REPRESENTATION_CONTEXT() REPRESENTATION_CONTEXT('2D SPACE',''
  ) );
#2785 = PCURVE('',#2786,#2791);
#2786 = PLANE('',#2787);
#2787 = AXIS2_PLACEMENT_3D('',#2788,#2789,#2790);
#2788 = CARTESIAN_POINT('',(-1.4E-16,10.022599862208,-7.7216));
#2789 = DIRECTION('',(0.,0.,1.));
#2790 = DIRECTION('',(1.,0.,0.));
#2791 = DEFINITIONAL_REPRESENTATION('',(#2792),#2796);
#2792 = CIRCLE('',#2793,1.091406);
#2793 = AXIS2_PLACEMENT_2D('',#2794,#2795);
#2794 = CARTESIAN_POINT('',(1.4E-16,-10.0225998622));
#2795 = DIRECTION('',(1.,0.));
#2796 = ( GEOMETRIC_REPRESENTATION_CONTEXT(2) 
PARAMETRIC_REPRESENTATION_CONTEXT() REPRESENTATION_CONTEXT('2D SPACE',''
  ) );
#2797 = ORIENTED_EDGE('',*,*,#2748,.F.);
#2798 = ORIENTED_EDGE('',*,*,#955,.F.);
#2799 = ADVANCED_FACE('',(#2800),#1029,.T.);
#2800 = FACE_BOUND('',#2801,.F.);
#2801 = EDGE_LOOP('',(#2802,#2803,#2823));
#2802 = ORIENTED_EDGE('',*,*,#1015,.F.);
#2803 = ORIENTED_EDGE('',*,*,#2804,.T.);
#2804 = EDGE_CURVE('',#993,#2701,#2805,.T.);
#2805 = SURFACE_CURVE('',#2806,(#2811,#2817),.PCURVE_S1.);
#2806 = CIRCLE('',#2807,0.762);
#2807 = AXIS2_PLACEMENT_3D('',#2808,#2809,#2810);
#2808 = CARTESIAN_POINT('',(11.865379482943,4.421459901627,6.9596));
#2809 = DIRECTION('',(-0.970364918461,0.24164421164,0.));
#2810 = DIRECTION('',(0.24164421164,0.970364918461,-0.));
#2811 = PCURVE('',#1029,#2812);
#2812 = DEFINITIONAL_REPRESENTATION('',(#2813),#2816);
#2813 = B_SPLINE_CURVE_WITH_KNOTS('',1,(#2814,#2815),.UNSPECIFIED.,.F.,
  .F.,(2,2),(4.712388980385,6.28318530718),.PIECEWISE_BEZIER_KNOTS.);
#2814 = CARTESIAN_POINT('',(-1.097460202969,-1.570796326795));
#2815 = CARTESIAN_POINT('',(-1.097460202969,0.));
#2816 = ( GEOMETRIC_REPRESENTATION_CONTEXT(2) 
PARAMETRIC_REPRESENTATION_CONTEXT() REPRESENTATION_CONTEXT('2D SPACE',''
  ) );
#2817 = PCURVE('',#1338,#2818);
#2818 = DEFINITIONAL_REPRESENTATION('',(#2819),#2822);
#2819 = B_SPLINE_CURVE_WITH_KNOTS('',1,(#2820,#2821),.UNSPECIFIED.,.F.,
  .F.,(2,2),(4.712388980385,6.28318530718),.PIECEWISE_BEZIER_KNOTS.);
#2820 = CARTESIAN_POINT('',(0.,0.465855802479));
#2821 = CARTESIAN_POINT('',(1.570796326795,0.465855802479));
#2822 = ( GEOMETRIC_REPRESENTATION_CONTEXT(2) 
PARAMETRIC_REPRESENTATION_CONTEXT() REPRESENTATION_CONTEXT('2D SPACE',''
  ) );
#2823 = ORIENTED_EDGE('',*,*,#2723,.F.);
#2824 = ADVANCED_FACE('',(#2825),#1088,.F.);
#2825 = FACE_BOUND('',#2826,.F.);
#2826 = EDGE_LOOP('',(#2827,#2828,#2829,#2857));
#2827 = ORIENTED_EDGE('',*,*,#1072,.F.);
#2828 = ORIENTED_EDGE('',*,*,#2199,.F.);
#2829 = ORIENTED_EDGE('',*,*,#2830,.T.);
#2830 = EDGE_CURVE('',#2173,#2831,#2833,.T.);
#2831 = VERTEX_POINT('',#2832);
#2832 = CARTESIAN_POINT('',(-12.60743881874,4.594641719809,6.9596));
#2833 = SURFACE_CURVE('',#2834,(#2838,#2845),.PCURVE_S1.);
#2834 = LINE('',#2835,#2836);
#2835 = CARTESIAN_POINT('',(-12.60743881874,4.594641719809,-7.7216));
#2836 = VECTOR('',#2837,1.);
#2837 = DIRECTION('',(0.,0.,1.));
#2838 = PCURVE('',#1088,#2839);
#2839 = DEFINITIONAL_REPRESENTATION('',(#2840),#2844);
#2840 = LINE('',#2841,#2842);
#2841 = CARTESIAN_POINT('',(0.465855802479,0.));
#2842 = VECTOR('',#2843,1.);
#2843 = DIRECTION('',(0.,-1.));
#2844 = ( GEOMETRIC_REPRESENTATION_CONTEXT(2) 
PARAMETRIC_REPRESENTATION_CONTEXT() REPRESENTATION_CONTEXT('2D SPACE',''
  ) );
#2845 = PCURVE('',#2846,#2851);
#2846 = CYLINDRICAL_SURFACE('',#2847,0.762);
#2847 = AXIS2_PLACEMENT_3D('',#2848,#2849,#2850);
#2848 = CARTESIAN_POINT('',(-11.86537948294,4.421459901627,-7.7216));
#2849 = DIRECTION('',(0.,0.,1.));
#2850 = DIRECTION('',(-0.973831149347,0.227272727273,0.));
#2851 = DEFINITIONAL_REPRESENTATION('',(#2852),#2856);
#2852 = LINE('',#2853,#2854);
#2853 = CARTESIAN_POINT('',(-0.,0.));
#2854 = VECTOR('',#2855,1.);
#2855 = DIRECTION('',(-0.,1.));
#2856 = ( GEOMETRIC_REPRESENTATION_CONTEXT(2) 
PARAMETRIC_REPRESENTATION_CONTEXT() REPRESENTATION_CONTEXT('2D SPACE',''
  ) );
#2857 = ORIENTED_EDGE('',*,*,#2858,.T.);
#2858 = EDGE_CURVE('',#2831,#1073,#2859,.T.);
#2859 = SURFACE_CURVE('',#2860,(#2864,#2871),.PCURVE_S1.);
#2860 = LINE('',#2861,#2862);
#2861 = CARTESIAN_POINT('',(-12.5015625,5.048306611367,6.9596));
#2862 = VECTOR('',#2863,1.);
#2863 = DIRECTION('',(-0.227272727273,-0.973831149347,0.));
#2864 = PCURVE('',#1088,#2865);
#2865 = DEFINITIONAL_REPRESENTATION('',(#2866),#2870);
#2866 = LINE('',#2867,#2868);
#2867 = CARTESIAN_POINT('',(0.,-14.6812));
#2868 = VECTOR('',#2869,1.);
#2869 = DIRECTION('',(1.,-0.));
#2870 = ( GEOMETRIC_REPRESENTATION_CONTEXT(2) 
PARAMETRIC_REPRESENTATION_CONTEXT() REPRESENTATION_CONTEXT('2D SPACE',''
  ) );
#2871 = PCURVE('',#1121,#2872);
#2872 = DEFINITIONAL_REPRESENTATION('',(#2873),#2877);
#2873 = LINE('',#2874,#2875);
#2874 = CARTESIAN_POINT('',(1.570796326795,0.));
#2875 = VECTOR('',#2876,1.);
#2876 = DIRECTION('',(0.,1.));
#2877 = ( GEOMETRIC_REPRESENTATION_CONTEXT(2) 
PARAMETRIC_REPRESENTATION_CONTEXT() REPRESENTATION_CONTEXT('2D SPACE',''
  ) );
#2878 = ADVANCED_FACE('',(#2879),#1121,.T.);
#2879 = FACE_BOUND('',#2880,.T.);
#2880 = EDGE_LOOP('',(#2881,#2906,#2907,#2908));
#2881 = ORIENTED_EDGE('',*,*,#2882,.T.);
#2882 = EDGE_CURVE('',#1493,#2831,#2883,.T.);
#2883 = SURFACE_CURVE('',#2884,(#2889,#2895),.PCURVE_S1.);
#2884 = CIRCLE('',#2885,0.762);
#2885 = AXIS2_PLACEMENT_3D('',#2886,#2887,#2888);
#2886 = CARTESIAN_POINT('',(-11.86537948294,4.421459901627,6.9596));
#2887 = DIRECTION('',(-0.227272727273,-0.973831149347,0.));
#2888 = DIRECTION('',(-0.973831149347,0.227272727273,0.));
#2889 = PCURVE('',#1121,#2890);
#2890 = DEFINITIONAL_REPRESENTATION('',(#2891),#2894);
#2891 = B_SPLINE_CURVE_WITH_KNOTS('',1,(#2892,#2893),.UNSPECIFIED.,.F.,
  .F.,(2,2),(4.712388980385,6.28318530718),.PIECEWISE_BEZIER_KNOTS.);
#2892 = CARTESIAN_POINT('',(0.,0.465855802479));
#2893 = CARTESIAN_POINT('',(1.570796326795,0.465855802479));
#2894 = ( GEOMETRIC_REPRESENTATION_CONTEXT(2) 
PARAMETRIC_REPRESENTATION_CONTEXT() REPRESENTATION_CONTEXT('2D SPACE',''
  ) );
#2895 = PCURVE('',#2896,#2901);
#2896 = SPHERICAL_SURFACE('',#2897,0.762);
#2897 = AXIS2_PLACEMENT_3D('',#2898,#2899,#2900);
#2898 = CARTESIAN_POINT('',(-11.86537948294,4.421459901627,6.9596));
#2899 = DIRECTION('',(-0.,-0.,-1.));
#2900 = DIRECTION('',(-0.973831149347,0.227272727273,0.));
#2901 = DEFINITIONAL_REPRESENTATION('',(#2902),#2905);
#2902 = B_SPLINE_CURVE_WITH_KNOTS('',1,(#2903,#2904),.UNSPECIFIED.,.F.,
  .F.,(2,2),(4.712388980385,6.28318530718),.PIECEWISE_BEZIER_KNOTS.);
#2903 = CARTESIAN_POINT('',(0.,-1.570796326795));
#2904 = CARTESIAN_POINT('',(0.,0.));
#2905 = ( GEOMETRIC_REPRESENTATION_CONTEXT(2) 
PARAMETRIC_REPRESENTATION_CONTEXT() REPRESENTATION_CONTEXT('2D SPACE',''
  ) );
#2906 = ORIENTED_EDGE('',*,*,#2858,.T.);
#2907 = ORIENTED_EDGE('',*,*,#1100,.F.);
#2908 = ORIENTED_EDGE('',*,*,#1520,.F.);
#2909 = ADVANCED_FACE('',(#2910),#1237,.T.);
#2910 = FACE_BOUND('',#2911,.T.);
#2911 = EDGE_LOOP('',(#2912,#2933,#2934,#2935));
#2912 = ORIENTED_EDGE('',*,*,#2913,.F.);
#2913 = EDGE_CURVE('',#2124,#1545,#2914,.T.);
#2914 = SURFACE_CURVE('',#2915,(#2919,#2926),.PCURVE_S1.);
#2915 = LINE('',#2916,#2917);
#2916 = CARTESIAN_POINT('',(-11.46175,3.429,5.6896));
#2917 = VECTOR('',#2918,1.);
#2918 = DIRECTION('',(0.,0.,-1.));
#2919 = PCURVE('',#1237,#2920);
#2920 = DEFINITIONAL_REPRESENTATION('',(#2921),#2925);
#2921 = LINE('',#2922,#2923);
#2922 = CARTESIAN_POINT('',(8.881784197001E-16,1.33226762955E-15));
#2923 = VECTOR('',#2924,1.);
#2924 = DIRECTION('',(1.,-2.2E-16));
#2925 = ( GEOMETRIC_REPRESENTATION_CONTEXT(2) 
PARAMETRIC_REPRESENTATION_CONTEXT() REPRESENTATION_CONTEXT('2D SPACE',''
  ) );
#2926 = PCURVE('',#1583,#2927);
#2927 = DEFINITIONAL_REPRESENTATION('',(#2928),#2932);
#2928 = LINE('',#2929,#2930);
#2929 = CARTESIAN_POINT('',(5.6896,-11.46175));
#2930 = VECTOR('',#2931,1.);
#2931 = DIRECTION('',(-1.,0.));
#2932 = ( GEOMETRIC_REPRESENTATION_CONTEXT(2) 
PARAMETRIC_REPRESENTATION_CONTEXT() REPRESENTATION_CONTEXT('2D SPACE',''
  ) );
#2933 = ORIENTED_EDGE('',*,*,#2146,.T.);
#2934 = ORIENTED_EDGE('',*,*,#1222,.T.);
#2935 = ORIENTED_EDGE('',*,*,#1544,.F.);
#2936 = ADVANCED_FACE('',(#2937),#1508,.T.);
#2937 = FACE_BOUND('',#2938,.T.);
#2938 = EDGE_LOOP('',(#2939,#2961,#2984,#3004));
#2939 = ORIENTED_EDGE('',*,*,#2940,.T.);
#2940 = EDGE_CURVE('',#1464,#2941,#2943,.T.);
#2941 = VERTEX_POINT('',#2942);
#2942 = CARTESIAN_POINT('',(-3.024569125246,7.408305977785,6.9596));
#2943 = SURFACE_CURVE('',#2944,(#2949,#2955),.PCURVE_S1.);
#2944 = CIRCLE('',#2945,0.762);
#2945 = AXIS2_PLACEMENT_3D('',#2946,#2947,#2948);
#2946 = CARTESIAN_POINT('',(-2.840436235976,6.668887909917,6.9596));
#2947 = DIRECTION('',(-0.970364918461,-0.24164421164,0.));
#2948 = DIRECTION('',(0.24164421164,-0.970364918461,0.));
#2949 = PCURVE('',#1508,#2950);
#2950 = DEFINITIONAL_REPRESENTATION('',(#2951),#2954);
#2951 = B_SPLINE_CURVE_WITH_KNOTS('',1,(#2952,#2953),.UNSPECIFIED.,.F.,
  .F.,(2,2),(1.570796326795,3.14159265359),.PIECEWISE_BEZIER_KNOTS.);
#2952 = CARTESIAN_POINT('',(0.,0.56071701985));
#2953 = CARTESIAN_POINT('',(1.570796326795,0.56071701985));
#2954 = ( GEOMETRIC_REPRESENTATION_CONTEXT(2) 
PARAMETRIC_REPRESENTATION_CONTEXT() REPRESENTATION_CONTEXT('2D SPACE',''
  ) );
#2955 = PCURVE('',#1480,#2956);
#2956 = DEFINITIONAL_REPRESENTATION('',(#2957),#2960);
#2957 = B_SPLINE_CURVE_WITH_KNOTS('',1,(#2958,#2959),.UNSPECIFIED.,.F.,
  .F.,(2,2),(1.570796326795,3.14159265359),.PIECEWISE_BEZIER_KNOTS.);
#2958 = CARTESIAN_POINT('',(0.,1.570796326795));
#2959 = CARTESIAN_POINT('',(0.,3.14159265359));
#2960 = ( GEOMETRIC_REPRESENTATION_CONTEXT(2) 
PARAMETRIC_REPRESENTATION_CONTEXT() REPRESENTATION_CONTEXT('2D SPACE',''
  ) );
#2961 = ORIENTED_EDGE('',*,*,#2962,.T.);
#2962 = EDGE_CURVE('',#2941,#2963,#2965,.T.);
#2963 = VERTEX_POINT('',#2964);
#2964 = CARTESIAN_POINT('',(-12.04951237221,5.160877969495,6.9596));
#2965 = SURFACE_CURVE('',#2966,(#2970,#2977),.PCURVE_S1.);
#2966 = LINE('',#2967,#2968);
#2967 = CARTESIAN_POINT('',(-2.480469,7.5438,6.9596));
#2968 = VECTOR('',#2969,1.);
#2969 = DIRECTION('',(-0.970364918461,-0.24164421164,0.));
#2970 = PCURVE('',#1508,#2971);
#2971 = DEFINITIONAL_REPRESENTATION('',(#2972),#2976);
#2972 = LINE('',#2973,#2974);
#2973 = CARTESIAN_POINT('',(1.570796326795,0.));
#2974 = VECTOR('',#2975,1.);
#2975 = DIRECTION('',(0.,1.));
#2976 = ( GEOMETRIC_REPRESENTATION_CONTEXT(2) 
PARAMETRIC_REPRESENTATION_CONTEXT() REPRESENTATION_CONTEXT('2D SPACE',''
  ) );
#2977 = PCURVE('',#2263,#2978);
#2978 = DEFINITIONAL_REPRESENTATION('',(#2979),#2983);
#2979 = LINE('',#2980,#2981);
#2980 = CARTESIAN_POINT('',(2.22044604925E-16,-14.6812));
#2981 = VECTOR('',#2982,1.);
#2982 = DIRECTION('',(1.,-0.));
#2983 = ( GEOMETRIC_REPRESENTATION_CONTEXT(2) 
PARAMETRIC_REPRESENTATION_CONTEXT() REPRESENTATION_CONTEXT('2D SPACE',''
  ) );
#2984 = ORIENTED_EDGE('',*,*,#2985,.F.);
#2985 = EDGE_CURVE('',#1493,#2963,#2986,.T.);
#2986 = SURFACE_CURVE('',#2987,(#2992,#2998),.PCURVE_S1.);
#2987 = CIRCLE('',#2988,0.762);
#2988 = AXIS2_PLACEMENT_3D('',#2989,#2990,#2991);
#2989 = CARTESIAN_POINT('',(-11.86537948294,4.421459901627,6.9596));
#2990 = DIRECTION('',(-0.970364918461,-0.24164421164,0.));
#2991 = DIRECTION('',(-0.24164421164,0.970364918461,0.));
#2992 = PCURVE('',#1508,#2993);
#2993 = DEFINITIONAL_REPRESENTATION('',(#2994),#2997);
#2994 = B_SPLINE_CURVE_WITH_KNOTS('',1,(#2995,#2996),.UNSPECIFIED.,.F.,
  .F.,(2,2),(4.712388980385,6.28318530718),.PIECEWISE_BEZIER_KNOTS.);
#2995 = CARTESIAN_POINT('',(0.,9.861283307093));
#2996 = CARTESIAN_POINT('',(1.570796326795,9.861283307093));
#2997 = ( GEOMETRIC_REPRESENTATION_CONTEXT(2) 
PARAMETRIC_REPRESENTATION_CONTEXT() REPRESENTATION_CONTEXT('2D SPACE',''
  ) );
#2998 = PCURVE('',#2896,#2999);
#2999 = DEFINITIONAL_REPRESENTATION('',(#3000),#3003);
#3000 = B_SPLINE_CURVE_WITH_KNOTS('',1,(#3001,#3002),.UNSPECIFIED.,.F.,
  .F.,(2,2),(4.712388980385,6.28318530718),.PIECEWISE_BEZIER_KNOTS.);
#3001 = CARTESIAN_POINT('',(1.097460202969,-1.570796326795));
#3002 = CARTESIAN_POINT('',(1.097460202969,0.));
#3003 = ( GEOMETRIC_REPRESENTATION_CONTEXT(2) 
PARAMETRIC_REPRESENTATION_CONTEXT() REPRESENTATION_CONTEXT('2D SPACE',''
  ) );
#3004 = ORIENTED_EDGE('',*,*,#1492,.F.);
#3005 = ADVANCED_FACE('',(#3006),#1480,.T.);
#3006 = FACE_BOUND('',#3007,.T.);
#3007 = EDGE_LOOP('',(#3008,#3009,#3010,#3032));
#3008 = ORIENTED_EDGE('',*,*,#2940,.F.);
#3009 = ORIENTED_EDGE('',*,*,#1463,.T.);
#3010 = ORIENTED_EDGE('',*,*,#3011,.T.);
#3011 = EDGE_CURVE('',#1436,#3012,#3014,.T.);
#3012 = VERTEX_POINT('',#3013);
#3013 = CARTESIAN_POINT('',(-2.447982045337,8.103575110313,6.9596));
#3014 = SURFACE_CURVE('',#3015,(#3020,#3026),.PCURVE_S1.);
#3015 = CIRCLE('',#3016,0.762);
#3016 = AXIS2_PLACEMENT_3D('',#3017,#3018,#3019);
#3017 = CARTESIAN_POINT('',(-1.687262076158,8.059426174973,6.9596));
#3018 = DIRECTION('',(-5.793823535402E-02,-0.998320169527,0.));
#3019 = DIRECTION('',(0.998320169527,-5.793823535402E-02,0.));
#3020 = PCURVE('',#1480,#3021);
#3021 = DEFINITIONAL_REPRESENTATION('',(#3022),#3025);
#3022 = B_SPLINE_CURVE_WITH_KNOTS('',1,(#3023,#3024),.UNSPECIFIED.,.F.,
  .F.,(2,2),(1.570796326795,3.14159265359),.PIECEWISE_BEZIER_KNOTS.);
#3023 = CARTESIAN_POINT('',(1.268765706877,1.570796326795));
#3024 = CARTESIAN_POINT('',(1.268765706877,3.14159265359));
#3025 = ( GEOMETRIC_REPRESENTATION_CONTEXT(2) 
PARAMETRIC_REPRESENTATION_CONTEXT() REPRESENTATION_CONTEXT('2D SPACE',''
  ) );
#3026 = PCURVE('',#1451,#3027);
#3027 = DEFINITIONAL_REPRESENTATION('',(#3028),#3031);
#3028 = B_SPLINE_CURVE_WITH_KNOTS('',1,(#3029,#3030),.UNSPECIFIED.,.F.,
  .F.,(2,2),(1.570796326795,3.14159265359),.PIECEWISE_BEZIER_KNOTS.);
#3029 = CARTESIAN_POINT('',(0.,21.701680033126));
#3030 = CARTESIAN_POINT('',(1.570796326795,21.701680033126));
#3031 = ( GEOMETRIC_REPRESENTATION_CONTEXT(2) 
PARAMETRIC_REPRESENTATION_CONTEXT() REPRESENTATION_CONTEXT('2D SPACE',''
  ) );
#3032 = ORIENTED_EDGE('',*,*,#3033,.F.);
#3033 = EDGE_CURVE('',#2941,#3012,#3034,.T.);
#3034 = SURFACE_CURVE('',#3035,(#3040,#3047),.PCURVE_S1.);
#3035 = CIRCLE('',#3036,0.762);
#3036 = AXIS2_PLACEMENT_3D('',#3037,#3038,#3039);
#3037 = CARTESIAN_POINT('',(-3.208702014516,8.147724045653,6.9596));
#3038 = DIRECTION('',(0.,0.,1.));
#3039 = DIRECTION('',(0.24164421164,-0.970364918461,0.));
#3040 = PCURVE('',#1480,#3041);
#3041 = DEFINITIONAL_REPRESENTATION('',(#3042),#3046);
#3042 = LINE('',#3043,#3044);
#3043 = CARTESIAN_POINT('',(0.,3.14159265359));
#3044 = VECTOR('',#3045,1.);
#3045 = DIRECTION('',(1.,0.));
#3046 = ( GEOMETRIC_REPRESENTATION_CONTEXT(2) 
PARAMETRIC_REPRESENTATION_CONTEXT() REPRESENTATION_CONTEXT('2D SPACE',''
  ) );
#3047 = PCURVE('',#2338,#3048);
#3048 = DEFINITIONAL_REPRESENTATION('',(#3049),#3053);
#3049 = LINE('',#3050,#3051);
#3050 = CARTESIAN_POINT('',(5.827942386484E-16,14.6812));
#3051 = VECTOR('',#3052,1.);
#3052 = DIRECTION('',(1.,0.));
#3053 = ( GEOMETRIC_REPRESENTATION_CONTEXT(2) 
PARAMETRIC_REPRESENTATION_CONTEXT() REPRESENTATION_CONTEXT('2D SPACE',''
  ) );
#3054 = ADVANCED_FACE('',(#3055),#1451,.T.);
#3055 = FACE_BOUND('',#3056,.T.);
#3056 = EDGE_LOOP('',(#3057,#3084,#3105,#3106));
#3057 = ORIENTED_EDGE('',*,*,#3058,.T.);
#3058 = EDGE_CURVE('',#1408,#3059,#3061,.T.);
#3059 = VERTEX_POINT('',#3060);
#3060 = CARTESIAN_POINT('',(-1.232286007363,29.05094893534,6.9596));
#3061 = SURFACE_CURVE('',#3062,(#3067,#3073),.PCURVE_S1.);
#3062 = CIRCLE('',#3063,0.762);
#3063 = AXIS2_PLACEMENT_3D('',#3064,#3065,#3066);
#3064 = CARTESIAN_POINT('',(-0.471566038184,29.0068,6.9596));
#3065 = DIRECTION('',(-5.793823535402E-02,-0.998320169527,0.));
#3066 = DIRECTION('',(-0.998320169527,5.793823535402E-02,0.));
#3067 = PCURVE('',#1451,#3068);
#3068 = DEFINITIONAL_REPRESENTATION('',(#3069),#3072);
#3069 = B_SPLINE_CURVE_WITH_KNOTS('',1,(#3070,#3071),.UNSPECIFIED.,.F.,
  .F.,(2,2),(4.712388980385,6.28318530718),.PIECEWISE_BEZIER_KNOTS.);
#3070 = CARTESIAN_POINT('',(0.,0.719058961816));
#3071 = CARTESIAN_POINT('',(1.570796326795,0.719058961816));
#3072 = ( GEOMETRIC_REPRESENTATION_CONTEXT(2) 
PARAMETRIC_REPRESENTATION_CONTEXT() REPRESENTATION_CONTEXT('2D SPACE',''
  ) );
#3073 = PCURVE('',#3074,#3079);
#3074 = SPHERICAL_SURFACE('',#3075,0.762);
#3075 = AXIS2_PLACEMENT_3D('',#3076,#3077,#3078);
#3076 = CARTESIAN_POINT('',(-0.471566038184,29.0068,6.9596));
#3077 = DIRECTION('',(-0.,-0.,-1.));
#3078 = DIRECTION('',(-0.998320169527,5.793823535402E-02,0.));
#3079 = DEFINITIONAL_REPRESENTATION('',(#3080),#3083);
#3080 = B_SPLINE_CURVE_WITH_KNOTS('',1,(#3081,#3082),.UNSPECIFIED.,.F.,
  .F.,(2,2),(4.712388980385,6.28318530718),.PIECEWISE_BEZIER_KNOTS.);
#3081 = CARTESIAN_POINT('',(0.,-1.570796326795));
#3082 = CARTESIAN_POINT('',(0.,0.));
#3083 = ( GEOMETRIC_REPRESENTATION_CONTEXT(2) 
PARAMETRIC_REPRESENTATION_CONTEXT() REPRESENTATION_CONTEXT('2D SPACE',''
  ) );
#3084 = ORIENTED_EDGE('',*,*,#3085,.T.);
#3085 = EDGE_CURVE('',#3059,#3012,#3086,.T.);
#3086 = SURFACE_CURVE('',#3087,(#3091,#3098),.PCURVE_S1.);
#3087 = LINE('',#3088,#3089);
#3088 = CARTESIAN_POINT('',(-1.190625,29.7688,6.9596));
#3089 = VECTOR('',#3090,1.);
#3090 = DIRECTION('',(-5.793823535402E-02,-0.998320169527,0.));
#3091 = PCURVE('',#1451,#3092);
#3092 = DEFINITIONAL_REPRESENTATION('',(#3093),#3097);
#3093 = LINE('',#3094,#3095);
#3094 = CARTESIAN_POINT('',(1.570796326795,0.));
#3095 = VECTOR('',#3096,1.);
#3096 = DIRECTION('',(0.,1.));
#3097 = ( GEOMETRIC_REPRESENTATION_CONTEXT(2) 
PARAMETRIC_REPRESENTATION_CONTEXT() REPRESENTATION_CONTEXT('2D SPACE',''
  ) );
#3098 = PCURVE('',#2394,#3099);
#3099 = DEFINITIONAL_REPRESENTATION('',(#3100),#3104);
#3100 = LINE('',#3101,#3102);
#3101 = CARTESIAN_POINT('',(0.,-14.6812));
#3102 = VECTOR('',#3103,1.);
#3103 = DIRECTION('',(1.,-0.));
#3104 = ( GEOMETRIC_REPRESENTATION_CONTEXT(2) 
PARAMETRIC_REPRESENTATION_CONTEXT() REPRESENTATION_CONTEXT('2D SPACE',''
  ) );
#3105 = ORIENTED_EDGE('',*,*,#3011,.F.);
#3106 = ORIENTED_EDGE('',*,*,#1435,.F.);
#3107 = ADVANCED_FACE('',(#3108),#1423,.T.);
#3108 = FACE_BOUND('',#3109,.T.);
#3109 = EDGE_LOOP('',(#3110,#3137,#3160,#3180));
#3110 = ORIENTED_EDGE('',*,*,#3111,.T.);
#3111 = EDGE_CURVE('',#1380,#3112,#3114,.T.);
#3112 = VERTEX_POINT('',#3113);
#3113 = CARTESIAN_POINT('',(0.471566038184,29.7688,6.9596));
#3114 = SURFACE_CURVE('',#3115,(#3120,#3126),.PCURVE_S1.);
#3115 = CIRCLE('',#3116,0.762);
#3116 = AXIS2_PLACEMENT_3D('',#3117,#3118,#3119);
#3117 = CARTESIAN_POINT('',(0.471566038184,29.0068,6.9596));
#3118 = DIRECTION('',(-1.,0.,0.));
#3119 = DIRECTION('',(0.,1.,0.));
#3120 = PCURVE('',#1423,#3121);
#3121 = DEFINITIONAL_REPRESENTATION('',(#3122),#3125);
#3122 = B_SPLINE_CURVE_WITH_KNOTS('',1,(#3123,#3124),.UNSPECIFIED.,.F.,
  .F.,(2,2),(4.712388980385,6.28318530718),.PIECEWISE_BEZIER_KNOTS.);
#3123 = CARTESIAN_POINT('',(0.,0.719058961816));
#3124 = CARTESIAN_POINT('',(1.570796326795,0.719058961816));
#3125 = ( GEOMETRIC_REPRESENTATION_CONTEXT(2) 
PARAMETRIC_REPRESENTATION_CONTEXT() REPRESENTATION_CONTEXT('2D SPACE',''
  ) );
#3126 = PCURVE('',#3127,#3132);
#3127 = SPHERICAL_SURFACE('',#3128,0.762);
#3128 = AXIS2_PLACEMENT_3D('',#3129,#3130,#3131);
#3129 = CARTESIAN_POINT('',(0.471566038184,29.0068,6.9596));
#3130 = DIRECTION('',(-0.,-0.,-1.));
#3131 = DIRECTION('',(0.,1.,-0.));
#3132 = DEFINITIONAL_REPRESENTATION('',(#3133),#3136);
#3133 = B_SPLINE_CURVE_WITH_KNOTS('',1,(#3134,#3135),.UNSPECIFIED.,.F.,
  .F.,(2,2),(4.712388980385,6.28318530718),.PIECEWISE_BEZIER_KNOTS.);
#3134 = CARTESIAN_POINT('',(0.,-1.570796326795));
#3135 = CARTESIAN_POINT('',(0.,0.));
#3136 = ( GEOMETRIC_REPRESENTATION_CONTEXT(2) 
PARAMETRIC_REPRESENTATION_CONTEXT() REPRESENTATION_CONTEXT('2D SPACE',''
  ) );
#3137 = ORIENTED_EDGE('',*,*,#3138,.T.);
#3138 = EDGE_CURVE('',#3112,#3139,#3141,.T.);
#3139 = VERTEX_POINT('',#3140);
#3140 = CARTESIAN_POINT('',(-0.471566038184,29.7688,6.9596));
#3141 = SURFACE_CURVE('',#3142,(#3146,#3153),.PCURVE_S1.);
#3142 = LINE('',#3143,#3144);
#3143 = CARTESIAN_POINT('',(1.190625,29.7688,6.9596));
#3144 = VECTOR('',#3145,1.);
#3145 = DIRECTION('',(-1.,0.,0.));
#3146 = PCURVE('',#1423,#3147);
#3147 = DEFINITIONAL_REPRESENTATION('',(#3148),#3152);
#3148 = LINE('',#3149,#3150);
#3149 = CARTESIAN_POINT('',(1.570796326795,0.));
#3150 = VECTOR('',#3151,1.);
#3151 = DIRECTION('',(0.,1.));
#3152 = ( GEOMETRIC_REPRESENTATION_CONTEXT(2) 
PARAMETRIC_REPRESENTATION_CONTEXT() REPRESENTATION_CONTEXT('2D SPACE',''
  ) );
#3153 = PCURVE('',#2454,#3154);
#3154 = DEFINITIONAL_REPRESENTATION('',(#3155),#3159);
#3155 = LINE('',#3156,#3157);
#3156 = CARTESIAN_POINT('',(0.,-14.6812));
#3157 = VECTOR('',#3158,1.);
#3158 = DIRECTION('',(1.,0.));
#3159 = ( GEOMETRIC_REPRESENTATION_CONTEXT(2) 
PARAMETRIC_REPRESENTATION_CONTEXT() REPRESENTATION_CONTEXT('2D SPACE',''
  ) );
#3160 = ORIENTED_EDGE('',*,*,#3161,.F.);
#3161 = EDGE_CURVE('',#1408,#3139,#3162,.T.);
#3162 = SURFACE_CURVE('',#3163,(#3168,#3174),.PCURVE_S1.);
#3163 = CIRCLE('',#3164,0.762);
#3164 = AXIS2_PLACEMENT_3D('',#3165,#3166,#3167);
#3165 = CARTESIAN_POINT('',(-0.471566038184,29.0068,6.9596));
#3166 = DIRECTION('',(-1.,2.775557561563E-16,0.));
#3167 = DIRECTION('',(2.775557561563E-16,1.,0.));
#3168 = PCURVE('',#1423,#3169);
#3169 = DEFINITIONAL_REPRESENTATION('',(#3170),#3173);
#3170 = B_SPLINE_CURVE_WITH_KNOTS('',1,(#3171,#3172),.UNSPECIFIED.,.F.,
  .F.,(2,2),(4.712388980385,6.28318530718),.PIECEWISE_BEZIER_KNOTS.);
#3171 = CARTESIAN_POINT('',(0.,1.662191038184));
#3172 = CARTESIAN_POINT('',(1.570796326795,1.662191038184));
#3173 = ( GEOMETRIC_REPRESENTATION_CONTEXT(2) 
PARAMETRIC_REPRESENTATION_CONTEXT() REPRESENTATION_CONTEXT('2D SPACE',''
  ) );
#3174 = PCURVE('',#3074,#3175);
#3175 = DEFINITIONAL_REPRESENTATION('',(#3176),#3179);
#3176 = B_SPLINE_CURVE_WITH_KNOTS('',1,(#3177,#3178),.UNSPECIFIED.,.F.,
  .F.,(2,2),(4.712388980385,6.28318530718),.PIECEWISE_BEZIER_KNOTS.);
#3177 = CARTESIAN_POINT('',(1.512825627488,-1.570796326795));
#3178 = CARTESIAN_POINT('',(1.512825627488,0.));
#3179 = ( GEOMETRIC_REPRESENTATION_CONTEXT(2) 
PARAMETRIC_REPRESENTATION_CONTEXT() REPRESENTATION_CONTEXT('2D SPACE',''
  ) );
#3180 = ORIENTED_EDGE('',*,*,#1407,.F.);
#3181 = ADVANCED_FACE('',(#3182),#1338,.T.);
#3182 = FACE_BOUND('',#3183,.T.);
#3183 = EDGE_LOOP('',(#3184,#3185,#3208,#3228));
#3184 = ORIENTED_EDGE('',*,*,#2804,.T.);
#3185 = ORIENTED_EDGE('',*,*,#3186,.T.);
#3186 = EDGE_CURVE('',#2701,#3187,#3189,.T.);
#3187 = VERTEX_POINT('',#3188);
#3188 = CARTESIAN_POINT('',(3.024569125246,7.408305977785,6.9596));
#3189 = SURFACE_CURVE('',#3190,(#3194,#3201),.PCURVE_S1.);
#3190 = LINE('',#3191,#3192);
#3191 = CARTESIAN_POINT('',(12.5015625,5.048306611367,6.9596));
#3192 = VECTOR('',#3193,1.);
#3193 = DIRECTION('',(-0.970364918461,0.24164421164,0.));
#3194 = PCURVE('',#1338,#3195);
#3195 = DEFINITIONAL_REPRESENTATION('',(#3196),#3200);
#3196 = LINE('',#3197,#3198);
#3197 = CARTESIAN_POINT('',(1.570796326795,0.));
#3198 = VECTOR('',#3199,1.);
#3199 = DIRECTION('',(0.,1.));
#3200 = ( GEOMETRIC_REPRESENTATION_CONTEXT(2) 
PARAMETRIC_REPRESENTATION_CONTEXT() REPRESENTATION_CONTEXT('2D SPACE',''
  ) );
#3201 = PCURVE('',#2528,#3202);
#3202 = DEFINITIONAL_REPRESENTATION('',(#3203),#3207);
#3203 = LINE('',#3204,#3205);
#3204 = CARTESIAN_POINT('',(-1.7763568394E-15,-14.6812));
#3205 = VECTOR('',#3206,1.);
#3206 = DIRECTION('',(1.,0.));
#3207 = ( GEOMETRIC_REPRESENTATION_CONTEXT(2) 
PARAMETRIC_REPRESENTATION_CONTEXT() REPRESENTATION_CONTEXT('2D SPACE',''
  ) );
#3208 = ORIENTED_EDGE('',*,*,#3209,.F.);
#3209 = EDGE_CURVE('',#1323,#3187,#3210,.T.);
#3210 = SURFACE_CURVE('',#3211,(#3216,#3222),.PCURVE_S1.);
#3211 = CIRCLE('',#3212,0.762);
#3212 = AXIS2_PLACEMENT_3D('',#3213,#3214,#3215);
#3213 = CARTESIAN_POINT('',(2.840436235976,6.668887909917,6.9596));
#3214 = DIRECTION('',(-0.970364918461,0.24164421164,0.));
#3215 = DIRECTION('',(-0.24164421164,-0.970364918461,0.));
#3216 = PCURVE('',#1338,#3217);
#3217 = DEFINITIONAL_REPRESENTATION('',(#3218),#3221);
#3218 = B_SPLINE_CURVE_WITH_KNOTS('',1,(#3219,#3220),.UNSPECIFIED.,.F.,
  .F.,(2,2),(1.570796326795,3.14159265359),.PIECEWISE_BEZIER_KNOTS.);
#3219 = CARTESIAN_POINT('',(0.,9.766422089722));
#3220 = CARTESIAN_POINT('',(1.570796326795,9.766422089722));
#3221 = ( GEOMETRIC_REPRESENTATION_CONTEXT(2) 
PARAMETRIC_REPRESENTATION_CONTEXT() REPRESENTATION_CONTEXT('2D SPACE',''
  ) );
#3222 = PCURVE('',#1367,#3223);
#3223 = DEFINITIONAL_REPRESENTATION('',(#3224),#3227);
#3224 = B_SPLINE_CURVE_WITH_KNOTS('',1,(#3225,#3226),.UNSPECIFIED.,.F.,
  .F.,(2,2),(1.570796326795,3.14159265359),.PIECEWISE_BEZIER_KNOTS.);
#3225 = CARTESIAN_POINT('',(1.268765706877,1.570796326795));
#3226 = CARTESIAN_POINT('',(1.268765706877,3.14159265359));
#3227 = ( GEOMETRIC_REPRESENTATION_CONTEXT(2) 
PARAMETRIC_REPRESENTATION_CONTEXT() REPRESENTATION_CONTEXT('2D SPACE',''
  ) );
#3228 = ORIENTED_EDGE('',*,*,#1322,.F.);
#3229 = ADVANCED_FACE('',(#3230),#1395,.T.);
#3230 = FACE_BOUND('',#3231,.T.);
#3231 = EDGE_LOOP('',(#3232,#3254,#3277,#3297));
#3232 = ORIENTED_EDGE('',*,*,#3233,.T.);
#3233 = EDGE_CURVE('',#1351,#3234,#3236,.T.);
#3234 = VERTEX_POINT('',#3235);
#3235 = CARTESIAN_POINT('',(2.447982045337,8.103575110313,6.9596));
#3236 = SURFACE_CURVE('',#3237,(#3242,#3248),.PCURVE_S1.);
#3237 = CIRCLE('',#3238,0.762);
#3238 = AXIS2_PLACEMENT_3D('',#3239,#3240,#3241);
#3239 = CARTESIAN_POINT('',(1.687262076158,8.059426174973,6.9596));
#3240 = DIRECTION('',(-5.793823535403E-02,0.998320169527,0.));
#3241 = DIRECTION('',(-0.998320169527,-5.793823535403E-02,0.));
#3242 = PCURVE('',#1395,#3243);
#3243 = DEFINITIONAL_REPRESENTATION('',(#3244),#3247);
#3244 = B_SPLINE_CURVE_WITH_KNOTS('',1,(#3245,#3246),.UNSPECIFIED.,.F.,
  .F.,(2,2),(1.570796326795,3.14159265359),.PIECEWISE_BEZIER_KNOTS.);
#3245 = CARTESIAN_POINT('',(0.,0.56071701985));
#3246 = CARTESIAN_POINT('',(1.570796326795,0.56071701985));
#3247 = ( GEOMETRIC_REPRESENTATION_CONTEXT(2) 
PARAMETRIC_REPRESENTATION_CONTEXT() REPRESENTATION_CONTEXT('2D SPACE',''
  ) );
#3248 = PCURVE('',#1367,#3249);
#3249 = DEFINITIONAL_REPRESENTATION('',(#3250),#3253);
#3250 = B_SPLINE_CURVE_WITH_KNOTS('',1,(#3251,#3252),.UNSPECIFIED.,.F.,
  .F.,(2,2),(1.570796326795,3.14159265359),.PIECEWISE_BEZIER_KNOTS.);
#3251 = CARTESIAN_POINT('',(0.,1.570796326795));
#3252 = CARTESIAN_POINT('',(0.,3.14159265359));
#3253 = ( GEOMETRIC_REPRESENTATION_CONTEXT(2) 
PARAMETRIC_REPRESENTATION_CONTEXT() REPRESENTATION_CONTEXT('2D SPACE',''
  ) );
#3254 = ORIENTED_EDGE('',*,*,#3255,.T.);
#3255 = EDGE_CURVE('',#3234,#3256,#3258,.T.);
#3256 = VERTEX_POINT('',#3257);
#3257 = CARTESIAN_POINT('',(1.232286007363,29.05094893534,6.9596));
#3258 = SURFACE_CURVE('',#3259,(#3263,#3270),.PCURVE_S1.);
#3259 = LINE('',#3260,#3261);
#3260 = CARTESIAN_POINT('',(2.480469,7.5438,6.9596));
#3261 = VECTOR('',#3262,1.);
#3262 = DIRECTION('',(-5.793823535402E-02,0.998320169527,0.));
#3263 = PCURVE('',#1395,#3264);
#3264 = DEFINITIONAL_REPRESENTATION('',(#3265),#3269);
#3265 = LINE('',#3266,#3267);
#3266 = CARTESIAN_POINT('',(1.570796326795,0.));
#3267 = VECTOR('',#3268,1.);
#3268 = DIRECTION('',(0.,1.));
#3269 = ( GEOMETRIC_REPRESENTATION_CONTEXT(2) 
PARAMETRIC_REPRESENTATION_CONTEXT() REPRESENTATION_CONTEXT('2D SPACE',''
  ) );
#3270 = PCURVE('',#2602,#3271);
#3271 = DEFINITIONAL_REPRESENTATION('',(#3272),#3276);
#3272 = LINE('',#3273,#3274);
#3273 = CARTESIAN_POINT('',(0.,-14.6812));
#3274 = VECTOR('',#3275,1.);
#3275 = DIRECTION('',(1.,0.));
#3276 = ( GEOMETRIC_REPRESENTATION_CONTEXT(2) 
PARAMETRIC_REPRESENTATION_CONTEXT() REPRESENTATION_CONTEXT('2D SPACE',''
  ) );
#3277 = ORIENTED_EDGE('',*,*,#3278,.F.);
#3278 = EDGE_CURVE('',#1380,#3256,#3279,.T.);
#3279 = SURFACE_CURVE('',#3280,(#3285,#3291),.PCURVE_S1.);
#3280 = CIRCLE('',#3281,0.762);
#3281 = AXIS2_PLACEMENT_3D('',#3282,#3283,#3284);
#3282 = CARTESIAN_POINT('',(0.471566038184,29.0068,6.9596));
#3283 = DIRECTION('',(-5.793823535402E-02,0.998320169527,0.));
#3284 = DIRECTION('',(0.998320169527,5.793823535402E-02,0.));
#3285 = PCURVE('',#1395,#3286);
#3286 = DEFINITIONAL_REPRESENTATION('',(#3287),#3290);
#3287 = B_SPLINE_CURVE_WITH_KNOTS('',1,(#3288,#3289),.UNSPECIFIED.,.F.,
  .F.,(2,2),(4.712388980385,6.28318530718),.PIECEWISE_BEZIER_KNOTS.);
#3288 = CARTESIAN_POINT('',(0.,21.543338091159));
#3289 = CARTESIAN_POINT('',(1.570796326795,21.543338091159));
#3290 = ( GEOMETRIC_REPRESENTATION_CONTEXT(2) 
PARAMETRIC_REPRESENTATION_CONTEXT() REPRESENTATION_CONTEXT('2D SPACE',''
  ) );
#3291 = PCURVE('',#3127,#3292);
#3292 = DEFINITIONAL_REPRESENTATION('',(#3293),#3296);
#3293 = B_SPLINE_CURVE_WITH_KNOTS('',1,(#3294,#3295),.UNSPECIFIED.,.F.,
  .F.,(2,2),(4.712388980385,6.28318530718),.PIECEWISE_BEZIER_KNOTS.);
#3294 = CARTESIAN_POINT('',(1.512825627488,-1.570796326795));
#3295 = CARTESIAN_POINT('',(1.512825627488,0.));
#3296 = ( GEOMETRIC_REPRESENTATION_CONTEXT(2) 
PARAMETRIC_REPRESENTATION_CONTEXT() REPRESENTATION_CONTEXT('2D SPACE',''
  ) );
#3297 = ORIENTED_EDGE('',*,*,#1379,.F.);
#3298 = ADVANCED_FACE('',(#3299),#1367,.T.);
#3299 = FACE_BOUND('',#3300,.T.);
#3300 = EDGE_LOOP('',(#3301,#3302,#3303,#3304));
#3301 = ORIENTED_EDGE('',*,*,#3233,.F.);
#3302 = ORIENTED_EDGE('',*,*,#1350,.T.);
#3303 = ORIENTED_EDGE('',*,*,#3209,.T.);
#3304 = ORIENTED_EDGE('',*,*,#3305,.F.);
#3305 = EDGE_CURVE('',#3234,#3187,#3306,.T.);
#3306 = SURFACE_CURVE('',#3307,(#3312,#3319),.PCURVE_S1.);
#3307 = CIRCLE('',#3308,0.762);
#3308 = AXIS2_PLACEMENT_3D('',#3309,#3310,#3311);
#3309 = CARTESIAN_POINT('',(3.208702014516,8.147724045653,6.9596));
#3310 = DIRECTION('',(0.,0.,1.));
#3311 = DIRECTION('',(-0.998320169527,-5.793823535403E-02,0.));
#3312 = PCURVE('',#1367,#3313);
#3313 = DEFINITIONAL_REPRESENTATION('',(#3314),#3318);
#3314 = LINE('',#3315,#3316);
#3315 = CARTESIAN_POINT('',(0.,3.14159265359));
#3316 = VECTOR('',#3317,1.);
#3317 = DIRECTION('',(1.,0.));
#3318 = ( GEOMETRIC_REPRESENTATION_CONTEXT(2) 
PARAMETRIC_REPRESENTATION_CONTEXT() REPRESENTATION_CONTEXT('2D SPACE',''
  ) );
#3319 = PCURVE('',#2656,#3320);
#3320 = DEFINITIONAL_REPRESENTATION('',(#3321),#3325);
#3321 = LINE('',#3322,#3323);
#3322 = CARTESIAN_POINT('',(2.331176954594E-15,14.6812));
#3323 = VECTOR('',#3324,1.);
#3324 = DIRECTION('',(1.,0.));
#3325 = ( GEOMETRIC_REPRESENTATION_CONTEXT(2) 
PARAMETRIC_REPRESENTATION_CONTEXT() REPRESENTATION_CONTEXT('2D SPACE',''
  ) );
#3326 = ADVANCED_FACE('',(#3327),#1785,.F.);
#3327 = FACE_BOUND('',#3328,.F.);
#3328 = EDGE_LOOP('',(#3329,#3330,#3349,#3350));
#3329 = ORIENTED_EDGE('',*,*,#1769,.F.);
#3330 = ORIENTED_EDGE('',*,*,#3331,.T.);
#3331 = EDGE_CURVE('',#1743,#1965,#3332,.T.);
#3332 = SURFACE_CURVE('',#3333,(#3337,#3343),.PCURVE_S1.);
#3333 = LINE('',#3334,#3335);
#3334 = CARTESIAN_POINT('',(10.59511637009,3.429,-3.8608));
#3335 = VECTOR('',#3336,1.);
#3336 = DIRECTION('',(9.4E-16,-2.3E-16,1.));
#3337 = PCURVE('',#1785,#3338);
#3338 = DEFINITIONAL_REPRESENTATION('',(#3339),#3342);
#3339 = B_SPLINE_CURVE_WITH_KNOTS('',1,(#3340,#3341),.UNSPECIFIED.,.F.,
  .F.,(2,2),(-1.8288,9.5504),.PIECEWISE_BEZIER_KNOTS.);
#3340 = CARTESIAN_POINT('',(-5.6896,10.59511637009));
#3341 = CARTESIAN_POINT('',(5.6896,10.59511637009));
#3342 = ( GEOMETRIC_REPRESENTATION_CONTEXT(2) 
PARAMETRIC_REPRESENTATION_CONTEXT() REPRESENTATION_CONTEXT('2D SPACE',''
  ) );
#3343 = PCURVE('',#1758,#3344);
#3344 = DEFINITIONAL_REPRESENTATION('',(#3345),#3348);
#3345 = B_SPLINE_CURVE_WITH_KNOTS('',1,(#3346,#3347),.UNSPECIFIED.,.F.,
  .F.,(2,2),(-1.8288,9.5504),.PIECEWISE_BEZIER_KNOTS.);
#3346 = CARTESIAN_POINT('',(1.458652373893,-2.032));
#3347 = CARTESIAN_POINT('',(1.458652373893,-13.4112));
#3348 = ( GEOMETRIC_REPRESENTATION_CONTEXT(2) 
PARAMETRIC_REPRESENTATION_CONTEXT() REPRESENTATION_CONTEXT('2D SPACE',''
  ) );
#3349 = ORIENTED_EDGE('',*,*,#1964,.F.);
#3350 = ORIENTED_EDGE('',*,*,#1876,.F.);
#3351 = ADVANCED_FACE('',(#3352),#1758,.T.);
#3352 = FACE_BOUND('',#3353,.T.);
#3353 = EDGE_LOOP('',(#3354,#3355,#3356,#3377));
#3354 = ORIENTED_EDGE('',*,*,#3331,.T.);
#3355 = ORIENTED_EDGE('',*,*,#1987,.F.);
#3356 = ORIENTED_EDGE('',*,*,#3357,.F.);
#3357 = EDGE_CURVE('',#1710,#1988,#3358,.T.);
#3358 = SURFACE_CURVE('',#3359,(#3363,#3370),.PCURVE_S1.);
#3359 = LINE('',#3360,#3361);
#3360 = CARTESIAN_POINT('',(1.989447961947,5.572018485686,-7.7216));
#3361 = VECTOR('',#3362,1.);
#3362 = DIRECTION('',(0.,0.,1.));
#3363 = PCURVE('',#1758,#3364);
#3364 = DEFINITIONAL_REPRESENTATION('',(#3365),#3369);
#3365 = LINE('',#3366,#3367);
#3366 = CARTESIAN_POINT('',(10.327139109572,0.));
#3367 = VECTOR('',#3368,1.);
#3368 = DIRECTION('',(0.,-1.));
#3369 = ( GEOMETRIC_REPRESENTATION_CONTEXT(2) 
PARAMETRIC_REPRESENTATION_CONTEXT() REPRESENTATION_CONTEXT('2D SPACE',''
  ) );
#3370 = PCURVE('',#1730,#3371);
#3371 = DEFINITIONAL_REPRESENTATION('',(#3372),#3376);
#3372 = LINE('',#3373,#3374);
#3373 = CARTESIAN_POINT('',(-1.570796326795,0.));
#3374 = VECTOR('',#3375,1.);
#3375 = DIRECTION('',(-0.,1.));
#3376 = ( GEOMETRIC_REPRESENTATION_CONTEXT(2) 
PARAMETRIC_REPRESENTATION_CONTEXT() REPRESENTATION_CONTEXT('2D SPACE',''
  ) );
#3377 = ORIENTED_EDGE('',*,*,#1742,.F.);
#3378 = ADVANCED_FACE('',(#3379),#1730,.T.);
#3379 = FACE_BOUND('',#3380,.F.);
#3380 = EDGE_LOOP('',(#3381,#3382,#3383,#3406,#3570,#3729,#3750));
#3381 = ORIENTED_EDGE('',*,*,#3357,.F.);
#3382 = ORIENTED_EDGE('',*,*,#1709,.F.);
#3383 = ORIENTED_EDGE('',*,*,#3384,.T.);
#3384 = EDGE_CURVE('',#1683,#3385,#3387,.T.);
#3385 = VERTEX_POINT('',#3386);
#3386 = CARTESIAN_POINT('',(0.451882415521,7.426069505761,
    -1.521827366209));
#3387 = SURFACE_CURVE('',#3388,(#3392,#3399),.PCURVE_S1.);
#3388 = LINE('',#3389,#3390);
#3389 = CARTESIAN_POINT('',(0.451882415521,7.426069505761,-7.7216));
#3390 = VECTOR('',#3391,1.);
#3391 = DIRECTION('',(0.,0.,1.));
#3392 = PCURVE('',#1730,#3393);
#3393 = DEFINITIONAL_REPRESENTATION('',(#3394),#3398);
#3394 = LINE('',#3395,#3396);
#3395 = CARTESIAN_POINT('',(-2.839562033672,0.));
#3396 = VECTOR('',#3397,1.);
#3397 = DIRECTION('',(-0.,1.));
#3398 = ( GEOMETRIC_REPRESENTATION_CONTEXT(2) 
PARAMETRIC_REPRESENTATION_CONTEXT() REPRESENTATION_CONTEXT('2D SPACE',''
  ) );
#3399 = PCURVE('',#1698,#3400);
#3400 = DEFINITIONAL_REPRESENTATION('',(#3401),#3405);
#3401 = LINE('',#3402,#3403);
#3402 = CARTESIAN_POINT('',(0.,0.));
#3403 = VECTOR('',#3404,1.);
#3404 = DIRECTION('',(0.,-1.));
#3405 = ( GEOMETRIC_REPRESENTATION_CONTEXT(2) 
PARAMETRIC_REPRESENTATION_CONTEXT() REPRESENTATION_CONTEXT('2D SPACE',''
  ) );
#3406 = ORIENTED_EDGE('',*,*,#3407,.T.);
#3407 = EDGE_CURVE('',#3385,#3408,#3410,.T.);
#3408 = VERTEX_POINT('',#3409);
#3409 = CARTESIAN_POINT('',(1.5875,5.718524578306,-1.E-15));
#3410 = SURFACE_CURVE('',#3411,(#3450,#3492),.PCURVE_S1.);
#3411 = B_SPLINE_CURVE_WITH_KNOTS('',7,(#3412,#3413,#3414,#3415,#3416,
    #3417,#3418,#3419,#3420,#3421,#3422,#3423,#3424,#3425,#3426,#3427,
    #3428,#3429,#3430,#3431,#3432,#3433,#3434,#3435,#3436,#3437,#3438,
    #3439,#3440,#3441,#3442,#3443,#3444,#3445,#3446,#3447,#3448,#3449),
  .UNSPECIFIED.,.F.,.F.,(8,6,6,6,6,6,8),(0.,0.322771129875,
    0.405560966209,0.544071230914,0.671847609071,0.740642431489,1.),
  .UNSPECIFIED.);
#3412 = CARTESIAN_POINT('',(0.451882415521,7.426069505761,
    -1.521827366209));
#3413 = CARTESIAN_POINT('',(0.459695595224,7.291442435447,
    -1.519507366848));
#3414 = CARTESIAN_POINT('',(0.477959264614,7.156958702292,
    -1.514033433592));
#3415 = CARTESIAN_POINT('',(0.506739712482,7.023689134694,
    -1.505139620794));
#3416 = CARTESIAN_POINT('',(0.54594712148,6.892749434995,-1.492111193163
    ));
#3417 = CARTESIAN_POINT('',(0.595299117061,6.765282626506,
    -1.473748510596));
#3418 = CARTESIAN_POINT('',(0.654301740299,6.642464241262,
    -1.448388793412));
#3419 = CARTESIAN_POINT('',(0.739410009598,6.495496836117,
    -1.404923365056));
#3420 = CARTESIAN_POINT('',(0.757341476298,6.465909560024,
    -1.395451758894));
#3421 = CARTESIAN_POINT('',(0.775801048412,6.436775753086,
    -1.385351574198));
#3422 = CARTESIAN_POINT('',(0.794756389066,6.408131489258,
    -1.374593124062));
#3423 = CARTESIAN_POINT('',(0.814172473163,6.380009597457,-1.36314689177
    ));
#3424 = CARTESIAN_POINT('',(0.83401158738,6.352439661563,-1.350983530793
    ));
#3425 = CARTESIAN_POINT('',(0.888065006488,6.28029006957,-1.316475546274
    ));
#3426 = CARTESIAN_POINT('',(0.922990427254,6.236720731522,
    -1.292774541033));
#3427 = CARTESIAN_POINT('',(0.958755332134,6.194960537194,
    -1.266873492867));
#3428 = CARTESIAN_POINT('',(0.995077863198,6.155177515479,
    -1.238702357458));
#3429 = CARTESIAN_POINT('',(1.031659931601,6.117490685169,
    -1.208223195258));
#3430 = CARTESIAN_POINT('',(1.068198584283,6.081973546892,
    -1.175434964363));
#3431 = CARTESIAN_POINT('',(1.137790923309,6.017923432498,
    -1.108038386109));
#3432 = CARTESIAN_POINT('',(1.170847694759,5.989106343648,
    -1.073813906941));
#3433 = CARTESIAN_POINT('',(1.203337689883,5.962221330694,
    -1.037744139146));
#3434 = CARTESIAN_POINT('',(1.235032814388,5.937258492225,
    -0.999902204166));
#3435 = CARTESIAN_POINT('',(1.265714530067,5.914186571793,-0.9603963877)
  );
#3436 = CARTESIAN_POINT('',(1.295181510052,5.892956526504,
    -0.919371445778));
#3437 = CARTESIAN_POINT('',(1.338373300678,5.863032442091,
    -0.854202453632));
#3438 = CARTESIAN_POINT('',(1.353091154834,5.853071929135,
    -0.830999889934));
#3439 = CARTESIAN_POINT('',(1.367389363794,5.84360961511,-0.807420097942
    ));
#3440 = CARTESIAN_POINT('',(1.381247916294,5.83463163621,-0.783482560875
    ));
#3441 = CARTESIAN_POINT('',(1.394648282551,5.826124206438,
    -0.759208366959));
#3442 = CARTESIAN_POINT('',(1.407573414267,5.818073617606,
    -0.734620209424));
#3443 = CARTESIAN_POINT('',(1.466885366731,5.781786302955,
    -0.615952600656));
#3444 = CARTESIAN_POINT('',(1.506661553304,5.759483412376,
    -0.518298717978));
#3445 = CARTESIAN_POINT('',(1.538862593441,5.742599689716,
    -0.417555724237));
#3446 = CARTESIAN_POINT('',(1.563173469472,5.730425061426,
    -0.314530189335));
#3447 = CARTESIAN_POINT('',(1.579408736095,5.722483298011,
    -0.210045473457));
#3448 = CARTESIAN_POINT('',(1.5875,5.718524578306,-0.104928772102));
#3449 = CARTESIAN_POINT('',(1.5875,5.718524578306,-4.66E-15));
#3450 = PCURVE('',#1730,#3451);
#3451 = DEFINITIONAL_REPRESENTATION('',(#3452),#3491);
#3452 = B_SPLINE_CURVE_WITH_KNOTS('',7,(#3453,#3454,#3455,#3456,#3457,
    #3458,#3459,#3460,#3461,#3462,#3463,#3464,#3465,#3466,#3467,#3468,
    #3469,#3470,#3471,#3472,#3473,#3474,#3475,#3476,#3477,#3478,#3479,
    #3480,#3481,#3482,#3483,#3484,#3485,#3486,#3487,#3488,#3489,#3490),
  .UNSPECIFIED.,.F.,.F.,(8,6,6,6,6,6,8),(0.,0.322771129875,
    0.405560966209,0.544071230914,0.671847609071,0.740642431489,1.),
  .UNSPECIFIED.);
#3453 = CARTESIAN_POINT('',(-2.839562033672,6.199772633791));
#3454 = CARTESIAN_POINT('',(-2.773197072302,6.202092633152));
#3455 = CARTESIAN_POINT('',(-2.706604501372,6.207566566408));
#3456 = CARTESIAN_POINT('',(-2.639831529337,6.216460379206));
#3457 = CARTESIAN_POINT('',(-2.572935283165,6.229488806837));
#3458 = CARTESIAN_POINT('',(-2.505998696782,6.247851489404));
#3459 = CARTESIAN_POINT('',(-2.43914265836,6.273211206588));
#3460 = CARTESIAN_POINT('',(-2.355564023312,6.316676634944));
#3461 = CARTESIAN_POINT('',(-2.338541473077,6.326148241106));
#3462 = CARTESIAN_POINT('',(-2.321573563768,6.336248425802));
#3463 = CARTESIAN_POINT('',(-2.304675748107,6.347006875938));
#3464 = CARTESIAN_POINT('',(-2.287863198687,6.35845310823));
#3465 = CARTESIAN_POINT('',(-2.271150807973,6.370616469207));
#3466 = CARTESIAN_POINT('',(-2.226784795512,6.405124453726));
#3467 = CARTESIAN_POINT('',(-2.199319505393,6.428825458967));
#3468 = CARTESIAN_POINT('',(-2.172283648181,6.454726507133));
#3469 = CARTESIAN_POINT('',(-2.145795721783,6.482897642542));
#3470 = CARTESIAN_POINT('',(-2.119966427866,6.513376804742));
#3471 = CARTESIAN_POINT('',(-2.094898707934,6.546165035637));
#3472 = CARTESIAN_POINT('',(-2.048353082671,6.613561613891));
#3473 = CARTESIAN_POINT('',(-2.026779307205,6.647786093059));
#3474 = CARTESIAN_POINT('',(-2.006036244527,6.683855860854));
#3475 = CARTESIAN_POINT('',(-1.986190937107,6.721697795834));
#3476 = CARTESIAN_POINT('',(-1.967305571621,6.7612036123));
#3477 = CARTESIAN_POINT('',(-1.949435372219,6.802228554222));
#3478 = CARTESIAN_POINT('',(-1.923576590927,6.867397546368));
#3479 = CARTESIAN_POINT('',(-1.914831258843,6.890600110066));
#3480 = CARTESIAN_POINT('',(-1.906394135817,6.914179902058));
#3481 = CARTESIAN_POINT('',(-1.898268572822,6.938117439125));
#3482 = CARTESIAN_POINT('',(-1.890457633499,6.962391633041));
#3483 = CARTESIAN_POINT('',(-1.882964094164,6.986979790576));
#3484 = CARTESIAN_POINT('',(-1.848745668486,7.105647399344));
#3485 = CARTESIAN_POINT('',(-1.826319801931,7.203301282022));
#3486 = CARTESIAN_POINT('',(-1.808433648478,7.304044275763));
#3487 = CARTESIAN_POINT('',(-1.795053679685,7.407069810665));
#3488 = CARTESIAN_POINT('',(-1.786159313284,7.511554526543));
#3489 = CARTESIAN_POINT('',(-1.781726313625,7.616671227898));
#3490 = CARTESIAN_POINT('',(-1.781726313625,7.7216));
#3491 = ( GEOMETRIC_REPRESENTATION_CONTEXT(2) 
PARAMETRIC_REPRESENTATION_CONTEXT() REPRESENTATION_CONTEXT('2D SPACE',''
  ) );
#3492 = PCURVE('',#3493,#3498);
#3493 = CYLINDRICAL_SURFACE('',#3494,1.5875);
#3494 = AXIS2_PLACEMENT_3D('',#3495,#3496,#3497);
#3495 = CARTESIAN_POINT('',(0.,13.208,-2.93E-15));
#3496 = DIRECTION('',(0.,1.,2.2E-16));
#3497 = DIRECTION('',(1.,0.,0.));
#3498 = DEFINITIONAL_REPRESENTATION('',(#3499),#3569);
#3499 = B_SPLINE_CURVE_WITH_KNOTS('',3,(#3500,#3501,#3502,#3503,#3504,
    #3505,#3506,#3507,#3508,#3509,#3510,#3511,#3512,#3513,#3514,#3515,
    #3516,#3517,#3518,#3519,#3520,#3521,#3522,#3523,#3524,#3525,#3526,
    #3527,#3528,#3529,#3530,#3531,#3532,#3533,#3534,#3535,#3536,#3537,
    #3538,#3539,#3540,#3541,#3542,#3543,#3544,#3545,#3546,#3547,#3548,
    #3549,#3550,#3551,#3552,#3553,#3554,#3555,#3556,#3557,#3558,#3559,
    #3560,#3561,#3562,#3563,#3564,#3565,#3566,#3567,#3568),
  .UNSPECIFIED.,.F.,.F.,(4,1,1,1,1,1,1,1,1,1,1,1,1,1,1,1,1,1,1,1,1,1,1,1
    ,1,1,1,1,1,1,1,1,1,1,1,1,1,1,1,1,1,1,1,1,1,1,1,1,1,1,1,1,1,1,1,1,1,1
    ,1,1,1,1,1,1,1,1,4),(0.,1.515151515152E-02,3.030303030303E-02,
    4.545454545455E-02,6.060606060606E-02,7.575757575758E-02,
    9.090909090909E-02,0.106060606061,0.121212121212,0.136363636364,
    0.151515151515,0.166666666667,0.181818181818,0.19696969697,
    0.212121212121,0.227272727273,0.242424242424,0.257575757576,
    0.272727272727,0.287878787879,0.30303030303,0.318181818182,
    0.333333333333,0.348484848485,0.363636363636,0.378787878788,
    0.393939393939,0.409090909091,0.424242424242,0.439393939394,
    0.454545454545,0.469696969697,0.484848484848,0.5,0.515151515152,
    0.530303030303,0.545454545455,0.560606060606,0.575757575758,
    0.590909090909,0.606060606061,0.621212121212,0.636363636364,
    0.651515151515,0.666666666667,0.681818181818,0.69696969697,
    0.712121212121,0.727272727273,0.742424242424,0.757575757576,
    0.772727272727,0.787878787879,0.80303030303,0.818181818182,
    0.833333333333,0.848484848485,0.863636363636,0.878787878788,
    0.893939393939,0.909090909091,0.924242424242,0.939393939394,
    0.954545454545,0.969696969697,0.984848484848,1.),.UNSPECIFIED.);
#3500 = CARTESIAN_POINT('',(1.282154667035,-5.781930494239));
#3501 = CARTESIAN_POINT('',(1.281592328317,-5.796676355394));
#3502 = CARTESIAN_POINT('',(1.280255509919,-5.826163710442));
#3503 = CARTESIAN_POINT('',(1.277612016265,-5.870358101297));
#3504 = CARTESIAN_POINT('',(1.274328399105,-5.914492376004));
#3505 = CARTESIAN_POINT('',(1.270402850949,-5.958542830868));
#3506 = CARTESIAN_POINT('',(1.2658335843,-6.002485621422));
#3507 = CARTESIAN_POINT('',(1.26061882242,-6.046296746954));
#3508 = CARTESIAN_POINT('',(1.254756780248,-6.089952061724));
#3509 = CARTESIAN_POINT('',(1.248245643858,-6.133427277969));
#3510 = CARTESIAN_POINT('',(1.241083546395,-6.176697970144));
#3511 = CARTESIAN_POINT('',(1.233268541224,-6.219739577979));
#3512 = CARTESIAN_POINT('',(1.224798572224,-6.262527409094));
#3513 = CARTESIAN_POINT('',(1.215671441339,-6.305036641076));
#3514 = CARTESIAN_POINT('',(1.205884773426,-6.347242323173));
#3515 = CARTESIAN_POINT('',(1.195435978377,-6.389119377564));
#3516 = CARTESIAN_POINT('',(1.184322210422,-6.430642600683));
#3517 = CARTESIAN_POINT('',(1.172540324668,-6.471786663232));
#3518 = CARTESIAN_POINT('',(1.160086829961,-6.51252611434));
#3519 = CARTESIAN_POINT('',(1.146957840542,-6.552835369885));
#3520 = CARTESIAN_POINT('',(1.133149015946,-6.592688759955));
#3521 = CARTESIAN_POINT('',(1.118655526803,-6.632060356009));
#3522 = CARTESIAN_POINT('',(1.103471903946,-6.670924620986));
#3523 = CARTESIAN_POINT('',(1.087592300414,-6.70925398932));
#3524 = CARTESIAN_POINT('',(1.071038065003,-6.746960096063));
#3525 = CARTESIAN_POINT('',(1.053813329846,-6.784003467888));
#3526 = CARTESIAN_POINT('',(1.035926221442,-6.820338063954));
#3527 = CARTESIAN_POINT('',(1.017383683054,-6.855924155664));
#3528 = CARTESIAN_POINT('',(0.998194691035,-6.890721680015));
#3529 = CARTESIAN_POINT('',(0.978360795706,-6.924706071015));
#3530 = CARTESIAN_POINT('',(0.957903282648,-6.957821644926));
#3531 = CARTESIAN_POINT('',(0.936845209622,-6.990018435602));
#3532 = CARTESIAN_POINT('',(0.915210466391,-7.021252589472));
#3533 = CARTESIAN_POINT('',(0.893023780674,-7.051486126599));
#3534 = CARTESIAN_POINT('',(0.870310685066,-7.080686674494));
#3535 = CARTESIAN_POINT('',(0.847096812599,-7.108827944818));
#3536 = CARTESIAN_POINT('',(0.823410046916,-7.135887265819));
#3537 = CARTESIAN_POINT('',(0.799272067552,-7.161854148898));
#3538 = CARTESIAN_POINT('',(0.774730229772,-7.186697018278));
#3539 = CARTESIAN_POINT('',(0.74982411849,-7.21040172597));
#3540 = CARTESIAN_POINT('',(0.724580303544,-7.232972370333));
#3541 = CARTESIAN_POINT('',(0.699029927072,-7.254412907256));
#3542 = CARTESIAN_POINT('',(0.673204006523,-7.274731805722));
#3543 = CARTESIAN_POINT('',(0.647134689771,-7.293940549429));
#3544 = CARTESIAN_POINT('',(0.620855123158,-7.312053709767));
#3545 = CARTESIAN_POINT('',(0.59439905836,-7.32908888735));
#3546 = CARTESIAN_POINT('',(0.567803038235,-7.34506560795));
#3547 = CARTESIAN_POINT('',(0.541078348987,-7.360020107585));
#3548 = CARTESIAN_POINT('',(0.514245026752,-7.373982854653));
#3549 = CARTESIAN_POINT('',(0.487323677414,-7.386984417593));
#3550 = CARTESIAN_POINT('',(0.460329128309,-7.39905772856));
#3551 = CARTESIAN_POINT('',(0.433302481906,-7.410224795486));
#3552 = CARTESIAN_POINT('',(0.406256806046,-7.420520511854));
#3553 = CARTESIAN_POINT('',(0.379193267547,-7.429982086763));
#3554 = CARTESIAN_POINT('',(0.352115844307,-7.438643089448));
#3555 = CARTESIAN_POINT('',(0.325027427287,-7.446535071412));
#3556 = CARTESIAN_POINT('',(0.29793090553,-7.453687156481));
#3557 = CARTESIAN_POINT('',(0.270828912611,-7.460126173698));
#3558 = CARTESIAN_POINT('',(0.243723928605,-7.46587664311));
#3559 = CARTESIAN_POINT('',(0.216618283893,-7.470960799286));
#3560 = CARTESIAN_POINT('',(0.189514186641,-7.47539860319));
#3561 = CARTESIAN_POINT('',(0.162413741633,-7.479207755053));
#3562 = CARTESIAN_POINT('',(0.135318969445,-7.482403707034));
#3563 = CARTESIAN_POINT('',(0.108231823951,-7.484999667926));
#3564 = CARTESIAN_POINT('',(8.115420894721E-02,-7.487006632005));
#3565 = CARTESIAN_POINT('',(5.408799460191E-02,-7.488433311444));
#3566 = CARTESIAN_POINT('',(2.703503196848E-02,-7.489286422469));
#3567 = CARTESIAN_POINT('',(9.009793229906E-03,-7.489475237595));
#3568 = CARTESIAN_POINT('',(8.9E-16,-7.489475421694));
#3569 = ( GEOMETRIC_REPRESENTATION_CONTEXT(2) 
PARAMETRIC_REPRESENTATION_CONTEXT() REPRESENTATION_CONTEXT('2D SPACE',''
  ) );
#3570 = ORIENTED_EDGE('',*,*,#3571,.T.);
#3571 = EDGE_CURVE('',#3408,#3572,#3574,.T.);
#3572 = VERTEX_POINT('',#3573);
#3573 = CARTESIAN_POINT('',(0.451882415521,7.426069505761,1.521827366209
    ));
#3574 = SURFACE_CURVE('',#3575,(#3614,#3656),.PCURVE_S1.);
#3575 = B_SPLINE_CURVE_WITH_KNOTS('',7,(#3576,#3577,#3578,#3579,#3580,
    #3581,#3582,#3583,#3584,#3585,#3586,#3587,#3588,#3589,#3590,#3591,
    #3592,#3593,#3594,#3595,#3596,#3597,#3598,#3599,#3600,#3601,#3602,
    #3603,#3604,#3605,#3606,#3607,#3608,#3609,#3610,#3611,#3612,#3613),
  .UNSPECIFIED.,.F.,.F.,(8,6,6,6,6,6,8),(0.,0.260842649431,
    0.329286688872,0.455797976594,0.596415878744,0.677518937215,1.),
  .UNSPECIFIED.);
#3576 = CARTESIAN_POINT('',(1.5875,5.718524578306,-4.71E-15));
#3577 = CARTESIAN_POINT('',(1.5875,5.718524578306,0.105525773088));
#3578 = CARTESIAN_POINT('',(1.579316405451,5.72252848306,0.211245572412)
  );
#3579 = CARTESIAN_POINT('',(1.562894456055,5.730561527412,0.31632320019)
  );
#3580 = CARTESIAN_POINT('',(1.53830435343,5.742879247254,0.419915009689)
  );
#3581 = CARTESIAN_POINT('',(1.505736911631,5.759968431064,0.521181670781
    ));
#3582 = CARTESIAN_POINT('',(1.465516275771,5.782554687511,0.619301803053
    ));
#3583 = CARTESIAN_POINT('',(1.405695668289,5.819242363206,0.738201410211
    ));
#3584 = CARTESIAN_POINT('',(1.392777266455,5.827308368638,0.762626410069
    ));
#3585 = CARTESIAN_POINT('',(1.379390030325,5.835828062123,0.786738507912
    ));
#3586 = CARTESIAN_POINT('',(1.365550943436,5.84481491745,0.810515326279)
  );
#3587 = CARTESIAN_POINT('',(1.351278445794,5.854282465511,0.833936078407
    ));
#3588 = CARTESIAN_POINT('',(1.336592433883,5.864244294298,0.85698156823)
  );
#3589 = CARTESIAN_POINT('',(1.293643913917,5.894066240093,0.921505073829
    ));
#3590 = CARTESIAN_POINT('',(1.264416891648,5.915165095673,0.962058787448
    ));
#3591 = CARTESIAN_POINT('',(1.234005423296,5.938071520816,1.001119009584
    ));
#3592 = CARTESIAN_POINT('',(1.202605513777,5.962832598145,1.038545779235
    ));
#3593 = CARTESIAN_POINT('',(1.170429635343,5.98947818739,1.074234244451)
  );
#3594 = CARTESIAN_POINT('',(1.137699419444,6.018017525053,1.108113410724
    ));
#3595 = CARTESIAN_POINT('',(1.06789081003,6.082245909088,1.175748031323)
  );
#3596 = CARTESIAN_POINT('',(1.030792463773,6.118323937928,1.209012511188
    ));
#3597 = CARTESIAN_POINT('',(0.993652972188,6.156637446514,1.239896325437
    ));
#3598 = CARTESIAN_POINT('',(0.95678889412,6.197109466439,1.268401578576)
  );
#3599 = CARTESIAN_POINT('',(0.920511494643,6.239614784462,1.294569312629
    ));
#3600 = CARTESIAN_POINT('',(0.885114554799,6.283976201994,1.318474336603
    ));
#3601 = CARTESIAN_POINT('',(0.831106714897,6.356482958881,1.352762159908
    ));
#3602 = CARTESIAN_POINT('',(0.81172341105,6.383556515639,1.364591152004)
  );
#3603 = CARTESIAN_POINT('',(0.792749869249,6.411156548828,1.375734621651
    ));
#3604 = CARTESIAN_POINT('',(0.774221214401,6.439255187908,1.38622028331)
  );
#3605 = CARTESIAN_POINT('',(0.756170096872,6.467821607841,1.396075976484
    ));
#3606 = CARTESIAN_POINT('',(0.738626692486,6.496822029091,1.405329665723
    ));
#3607 = CARTESIAN_POINT('',(0.653991725438,6.643110473892,1.448521863282
    ));
#3608 = CARTESIAN_POINT('',(0.595083279029,6.765840505668,1.473828850876
    ));
#3609 = CARTESIAN_POINT('',(0.54580962592,6.893208264642,1.492156906447)
  );
#3610 = CARTESIAN_POINT('',(0.506663542205,7.024040684771,1.505163177603
    ));
#3611 = CARTESIAN_POINT('',(0.477926720982,7.157196877619,1.514043185905
    ));
#3612 = CARTESIAN_POINT('',(0.45968859912,7.291562983666,1.51950944423)
  );
#3613 = CARTESIAN_POINT('',(0.451882415521,7.426069505761,1.521827366209
    ));
#3614 = PCURVE('',#1730,#3615);
#3615 = DEFINITIONAL_REPRESENTATION('',(#3616),#3655);
#3616 = B_SPLINE_CURVE_WITH_KNOTS('',7,(#3617,#3618,#3619,#3620,#3621,
    #3622,#3623,#3624,#3625,#3626,#3627,#3628,#3629,#3630,#3631,#3632,
    #3633,#3634,#3635,#3636,#3637,#3638,#3639,#3640,#3641,#3642,#3643,
    #3644,#3645,#3646,#3647,#3648,#3649,#3650,#3651,#3652,#3653,#3654),
  .UNSPECIFIED.,.F.,.F.,(8,6,6,6,6,6,8),(0.,0.260842649431,
    0.329286688872,0.455797976594,0.596415878744,0.677518937215,1.),
  .UNSPECIFIED.);
#3617 = CARTESIAN_POINT('',(-1.781726313625,7.7216));
#3618 = CARTESIAN_POINT('',(-1.781726313625,7.827125773088));
#3619 = CARTESIAN_POINT('',(-1.786209902335,7.932845572412));
#3620 = CARTESIAN_POINT('',(-1.795206530303,8.03792320019));
#3621 = CARTESIAN_POINT('',(-1.808740884588,8.141515009689));
#3622 = CARTESIAN_POINT('',(-1.82683344309,8.242781670781));
#3623 = CARTESIAN_POINT('',(-1.849517731851,8.340901803053));
#3624 = CARTESIAN_POINT('',(-1.884052532547,8.459801410211));
#3625 = CARTESIAN_POINT('',(-1.891547275049,8.484226410069));
#3626 = CARTESIAN_POINT('',(-1.899355998804,8.508338507912));
#3627 = CARTESIAN_POINT('',(-1.907475903902,8.532115326279));
#3628 = CARTESIAN_POINT('',(-1.91590390454,8.555536078407));
#3629 = CARTESIAN_POINT('',(-1.924636629026,8.57858156823));
#3630 = CARTESIAN_POINT('',(-1.950368389536,8.643105073829));
#3631 = CARTESIAN_POINT('',(-1.968105098095,8.683658787448));
#3632 = CARTESIAN_POINT('',(-1.986835378841,8.722719009584));
#3633 = CARTESIAN_POINT('',(-2.006505369527,8.760145779235));
#3634 = CARTESIAN_POINT('',(-2.027054515757,8.795834244451));
#3635 = CARTESIAN_POINT('',(-2.048417574478,8.829713410724));
#3636 = CARTESIAN_POINT('',(-2.095100924619,8.897348031323));
#3637 = CARTESIAN_POINT('',(-2.120558138109,8.930612511188));
#3638 = CARTESIAN_POINT('',(-2.146798923981,8.961496325437));
#3639 = CARTESIAN_POINT('',(-2.173715821781,8.990001578576));
#3640 = CARTESIAN_POINT('',(-2.201193178371,9.016169312629));
#3641 = CARTESIAN_POINT('',(-2.229107081764,9.040074336603));
#3642 = CARTESIAN_POINT('',(-2.273600487202,9.074362159908));
#3643 = CARTESIAN_POINT('',(-2.28998380943,9.086191152004));
#3644 = CARTESIAN_POINT('',(-2.306461608337,9.097334621651));
#3645 = CARTESIAN_POINT('',(-2.323019979521,9.10782028331));
#3646 = CARTESIAN_POINT('',(-2.339644767468,9.117675976484));
#3647 = CARTESIAN_POINT('',(-2.356321565549,9.126929665723));
#3648 = CARTESIAN_POINT('',(-2.439494331879,9.170121863282));
#3649 = CARTESIAN_POINT('',(-2.506291636647,9.195428850876));
#3650 = CARTESIAN_POINT('',(-2.573169722309,9.213756906447));
#3651 = CARTESIAN_POINT('',(-2.640007698073,9.226763177603));
#3652 = CARTESIAN_POINT('',(-2.706722444585,9.235643185905));
#3653 = CARTESIAN_POINT('',(-2.773256497037,9.24110944423));
#3654 = CARTESIAN_POINT('',(-2.839562033672,9.243427366209));
#3655 = ( GEOMETRIC_REPRESENTATION_CONTEXT(2) 
PARAMETRIC_REPRESENTATION_CONTEXT() REPRESENTATION_CONTEXT('2D SPACE',''
  ) );
#3656 = PCURVE('',#3493,#3657);
#3657 = DEFINITIONAL_REPRESENTATION('',(#3658),#3728);
#3658 = B_SPLINE_CURVE_WITH_KNOTS('',3,(#3659,#3660,#3661,#3662,#3663,
    #3664,#3665,#3666,#3667,#3668,#3669,#3670,#3671,#3672,#3673,#3674,
    #3675,#3676,#3677,#3678,#3679,#3680,#3681,#3682,#3683,#3684,#3685,
    #3686,#3687,#3688,#3689,#3690,#3691,#3692,#3693,#3694,#3695,#3696,
    #3697,#3698,#3699,#3700,#3701,#3702,#3703,#3704,#3705,#3706,#3707,
    #3708,#3709,#3710,#3711,#3712,#3713,#3714,#3715,#3716,#3717,#3718,
    #3719,#3720,#3721,#3722,#3723,#3724,#3725,#3726,#3727),
  .UNSPECIFIED.,.F.,.F.,(4,1,1,1,1,1,1,1,1,1,1,1,1,1,1,1,1,1,1,1,1,1,1,1
    ,1,1,1,1,1,1,1,1,1,1,1,1,1,1,1,1,1,1,1,1,1,1,1,1,1,1,1,1,1,1,1,1,1,1
    ,1,1,1,1,1,1,1,1,4),(0.,1.515151515152E-02,3.030303030303E-02,
    4.545454545455E-02,6.060606060606E-02,7.575757575758E-02,
    9.090909090909E-02,0.106060606061,0.121212121212,0.136363636364,
    0.151515151515,0.166666666667,0.181818181818,0.19696969697,
    0.212121212121,0.227272727273,0.242424242424,0.257575757576,
    0.272727272727,0.287878787879,0.30303030303,0.318181818182,
    0.333333333333,0.348484848485,0.363636363636,0.378787878788,
    0.393939393939,0.409090909091,0.424242424242,0.439393939394,
    0.454545454545,0.469696969697,0.484848484848,0.5,0.515151515152,
    0.530303030303,0.545454545455,0.560606060606,0.575757575758,
    0.590909090909,0.606060606061,0.621212121212,0.636363636364,
    0.651515151515,0.666666666667,0.681818181818,0.69696969697,
    0.712121212121,0.727272727273,0.742424242424,0.757575757576,
    0.772727272727,0.787878787879,0.80303030303,0.818181818182,
    0.833333333333,0.848484848485,0.863636363636,0.878787878788,
    0.893939393939,0.909090909091,0.924242424242,0.939393939394,
    0.954545454545,0.969696969697,0.984848484848,1.),.UNSPECIFIED.);
#3659 = CARTESIAN_POINT('',(0.,-7.489475421694));
#3660 = CARTESIAN_POINT('',(-9.009467131771E-03,-7.489475237918));
#3661 = CARTESIAN_POINT('',(-2.70341704016E-02,-7.489286435437));
#3662 = CARTESIAN_POINT('',(-5.408662534078E-02,-7.488433365378));
#3663 = CARTESIAN_POINT('',(-8.115257226284E-02,-7.487006733375));
#3664 = CARTESIAN_POINT('',(-0.108230106851,-7.484999813001));
#3665 = CARTESIAN_POINT('',(-0.135317306897,-7.482403885421));
#3666 = CARTESIAN_POINT('',(-0.162412217937,-7.479207953795));
#3667 = CARTESIAN_POINT('',(-0.189512836721,-7.475398810828));
#3668 = CARTESIAN_POINT('',(-0.21661709461,-7.470961010075));
#3669 = CARTESIAN_POINT('',(-0.243722840015,-7.465876861391));
#3670 = CARTESIAN_POINT('',(-0.270827819441,-7.460126418361));
#3671 = CARTESIAN_POINT('',(-0.297929657944,-7.453687465964));
#3672 = CARTESIAN_POINT('',(-0.325025834491,-7.446535507673));
#3673 = CARTESIAN_POINT('',(-0.352113667773,-7.438643746849));
#3674 = CARTESIAN_POINT('',(-0.37919025329,-7.429983083869));
#3675 = CARTESIAN_POINT('',(-0.40625257152,-7.420522048322));
#3676 = CARTESIAN_POINT('',(-0.433296945867,-7.410226967522));
#3677 = CARTESIAN_POINT('',(-0.460320914776,-7.399061246999));
#3678 = CARTESIAN_POINT('',(-0.487316080913,-7.386987959078));
#3679 = CARTESIAN_POINT('',(-0.514238339534,-7.373986221304));
#3680 = CARTESIAN_POINT('',(-0.541072665353,-7.360023191303));
#3681 = CARTESIAN_POINT('',(-0.567798317757,-7.345068351221));
#3682 = CARTESIAN_POINT('',(-0.594394618737,-7.3290916454));
#3683 = CARTESIAN_POINT('',(-0.620850370295,-7.312056872261));
#3684 = CARTESIAN_POINT('',(-0.647130205369,-7.293943751922));
#3685 = CARTESIAN_POINT('',(-0.673199939601,-7.274734911317));
#3686 = CARTESIAN_POINT('',(-0.6990264318,-7.254415758434));
#3687 = CARTESIAN_POINT('',(-0.724577424462,-7.2329748748));
#3688 = CARTESIAN_POINT('',(-0.749821837541,-7.210403838095));
#3689 = CARTESIAN_POINT('',(-0.774728417066,-7.186698806016));
#3690 = CARTESIAN_POINT('',(-0.799270654383,-7.161855625003));
#3691 = CARTESIAN_POINT('',(-0.82340840566,-7.135889078267));
#3692 = CARTESIAN_POINT('',(-0.847094706841,-7.108830414069));
#3693 = CARTESIAN_POINT('',(-0.870307966165,-7.080690054272));
#3694 = CARTESIAN_POINT('',(-0.893020427757,-7.051490545066));
#3695 = CARTESIAN_POINT('',(-0.91520656578,-7.02125803848));
#3696 = CARTESIAN_POINT('',(-0.936840936694,-6.990024769116));
#3697 = CARTESIAN_POINT('',(-0.957898930204,-6.95782848711));
#3698 = CARTESIAN_POINT('',(-0.978356609234,-6.924713070959));
#3699 = CARTESIAN_POINT('',(-0.998191425047,-6.890727464672));
#3700 = CARTESIAN_POINT('',(-1.017380461138,-6.855930137735));
#3701 = CARTESIAN_POINT('',(-1.035922370642,-6.820345632825));
#3702 = CARTESIAN_POINT('',(-1.053808812554,-6.784012879835));
#3703 = CARTESIAN_POINT('',(-1.071032868226,-6.746971568138));
#3704 = CARTESIAN_POINT('',(-1.087586543279,-6.709267457609));
#3705 = CARTESIAN_POINT('',(-1.103465952614,-6.670939404642));
#3706 = CARTESIAN_POINT('',(-1.118649868071,-6.632075279209));
#3707 = CARTESIAN_POINT('',(-1.133143631302,-6.592703837199));
#3708 = CARTESIAN_POINT('',(-1.146952819851,-6.552850321158));
#3709 = CARTESIAN_POINT('',(-1.160082210477,-6.512540762785));
#3710 = CARTESIAN_POINT('',(-1.172536137179,-6.471800828601));
#3711 = CARTESIAN_POINT('',(-1.184318469537,-6.430656128053));
#3712 = CARTESIAN_POINT('',(-1.195432687474,-6.38913212997));
#3713 = CARTESIAN_POINT('',(-1.205881925427,-6.347254184048));
#3714 = CARTESIAN_POINT('',(-1.215669020409,-6.305047514185));
#3715 = CARTESIAN_POINT('',(-1.224796555074,-6.262537219257));
#3716 = CARTESIAN_POINT('',(-1.233266898411,-6.219748271688));
#3717 = CARTESIAN_POINT('',(-1.241082243548,-6.176705516298));
#3718 = CARTESIAN_POINT('',(-1.248244642889,-6.133433668673));
#3719 = CARTESIAN_POINT('',(-1.254756040541,-6.089957313146));
#3720 = CARTESIAN_POINT('',(-1.260618302041,-6.046300900249));
#3721 = CARTESIAN_POINT('',(-1.265833241231,-6.00248874371));
#3722 = CARTESIAN_POINT('',(-1.270402644359,-5.958545016275));
#3723 = CARTESIAN_POINT('',(-1.274328290664,-5.914493746749));
#3724 = CARTESIAN_POINT('',(-1.277611971566,-5.870358808885));
#3725 = CARTESIAN_POINT('',(-1.280255499769,-5.826163936747));
#3726 = CARTESIAN_POINT('',(-1.281592326617,-5.796676403531));
#3727 = CARTESIAN_POINT('',(-1.282154667035,-5.781930494239));
#3728 = ( GEOMETRIC_REPRESENTATION_CONTEXT(2) 
PARAMETRIC_REPRESENTATION_CONTEXT() REPRESENTATION_CONTEXT('2D SPACE',''
  ) );
#3729 = ORIENTED_EDGE('',*,*,#3730,.T.);
#3730 = EDGE_CURVE('',#3572,#2010,#3731,.T.);
#3731 = SURFACE_CURVE('',#3732,(#3736,#3743),.PCURVE_S1.);
#3732 = LINE('',#3733,#3734);
#3733 = CARTESIAN_POINT('',(0.451882415521,7.426069505761,-7.7216));
#3734 = VECTOR('',#3735,1.);
#3735 = DIRECTION('',(0.,0.,1.));
#3736 = PCURVE('',#1730,#3737);
#3737 = DEFINITIONAL_REPRESENTATION('',(#3738),#3742);
#3738 = LINE('',#3739,#3740);
#3739 = CARTESIAN_POINT('',(-2.839562033672,0.));
#3740 = VECTOR('',#3741,1.);
#3741 = DIRECTION('',(-0.,1.));
#3742 = ( GEOMETRIC_REPRESENTATION_CONTEXT(2) 
PARAMETRIC_REPRESENTATION_CONTEXT() REPRESENTATION_CONTEXT('2D SPACE',''
  ) );
#3743 = PCURVE('',#1698,#3744);
#3744 = DEFINITIONAL_REPRESENTATION('',(#3745),#3749);
#3745 = LINE('',#3746,#3747);
#3746 = CARTESIAN_POINT('',(0.,0.));
#3747 = VECTOR('',#3748,1.);
#3748 = DIRECTION('',(0.,-1.));
#3749 = ( GEOMETRIC_REPRESENTATION_CONTEXT(2) 
PARAMETRIC_REPRESENTATION_CONTEXT() REPRESENTATION_CONTEXT('2D SPACE',''
  ) );
#3750 = ORIENTED_EDGE('',*,*,#2009,.T.);
#3751 = ADVANCED_FACE('',(#3752),#1698,.T.);
#3752 = FACE_BOUND('',#3753,.T.);
#3753 = EDGE_LOOP('',(#3754,#3755,#3756,#3802,#3828,#3872,#3873,#3874));
#3754 = ORIENTED_EDGE('',*,*,#1682,.F.);
#3755 = ORIENTED_EDGE('',*,*,#3384,.T.);
#3756 = ORIENTED_EDGE('',*,*,#3757,.F.);
#3757 = EDGE_CURVE('',#3758,#3385,#3760,.T.);
#3758 = VERTEX_POINT('',#3759);
#3759 = CARTESIAN_POINT('',(0.116323884299,13.208,-1.583232454171));
#3760 = SURFACE_CURVE('',#3761,(#3766,#3773),.PCURVE_S1.);
#3761 = ELLIPSE('',#3762,27.399867985275,1.5875);
#3762 = AXIS2_PLACEMENT_3D('',#3763,#3764,#3765);
#3763 = CARTESIAN_POINT('',(0.,15.212349617902,-2.49E-15));
#3764 = DIRECTION('',(-0.998320169527,-5.793823535402E-02,0.));
#3765 = DIRECTION('',(-5.793823535402E-02,0.998320169527,2.2E-16));
#3766 = PCURVE('',#1698,#3767);
#3767 = DEFINITIONAL_REPRESENTATION('',(#3768),#3772);
#3768 = ELLIPSE('',#3769,27.399867985275,1.5875);
#3769 = AXIS2_PLACEMENT_2D('',#3770,#3771);
#3770 = CARTESIAN_POINT('',(7.799381751279,-7.7216));
#3771 = DIRECTION('',(1.,-2.2E-16));
#3772 = ( GEOMETRIC_REPRESENTATION_CONTEXT(2) 
PARAMETRIC_REPRESENTATION_CONTEXT() REPRESENTATION_CONTEXT('2D SPACE',''
  ) );
#3773 = PCURVE('',#3493,#3774);
#3774 = DEFINITIONAL_REPRESENTATION('',(#3775),#3801);
#3775 = B_SPLINE_CURVE_WITH_KNOTS('',3,(#3776,#3777,#3778,#3779,#3780,
    #3781,#3782,#3783,#3784,#3785,#3786,#3787,#3788,#3789,#3790,#3791,
    #3792,#3793,#3794,#3795,#3796,#3797,#3798,#3799,#3800),
  .UNSPECIFIED.,.F.,.F.,(4,1,1,1,1,1,1,1,1,1,1,1,1,1,1,1,1,1,1,1,1,1,4),
  (1.644136944847,1.653923355834,1.663709766821,1.673496177807,
    1.683282588794,1.693068999781,1.702855410768,1.712641821754,
    1.722428232741,1.732214643728,1.742001054714,1.751787465701,
    1.761573876688,1.771360287675,1.781146698661,1.790933109648,
    1.800719520635,1.810505931622,1.820292342608,1.830078753595,
    1.839865164582,1.849651575568,1.859437986555),
  .QUASI_UNIFORM_KNOTS.);
#3776 = CARTESIAN_POINT('',(1.497455708743,-1.78E-15));
#3777 = CARTESIAN_POINT('',(1.494193571747,-8.899210300068E-02));
#3778 = CARTESIAN_POINT('',(1.487669297756,-0.266912314234));
#3779 = CARTESIAN_POINT('',(1.477882886769,-0.533575110303));
#3780 = CARTESIAN_POINT('',(1.468096475782,-0.799994840187));
#3781 = CARTESIAN_POINT('',(1.458310064796,-1.066145989732));
#3782 = CARTESIAN_POINT('',(1.448523653809,-1.332003068375));
#3783 = CARTESIAN_POINT('',(1.438737242822,-1.597540614284));
#3784 = CARTESIAN_POINT('',(1.428950831836,-1.862733196082));
#3785 = CARTESIAN_POINT('',(1.419164420849,-2.127555415466));
#3786 = CARTESIAN_POINT('',(1.409378009862,-2.391981909597));
#3787 = CARTESIAN_POINT('',(1.399591598875,-2.655987353536));
#3788 = CARTESIAN_POINT('',(1.389805187889,-2.919546462669));
#3789 = CARTESIAN_POINT('',(1.380018776902,-3.182633995131));
#3790 = CARTESIAN_POINT('',(1.370232365915,-3.44522475422));
#3791 = CARTESIAN_POINT('',(1.360445954928,-3.70729359081));
#3792 = CARTESIAN_POINT('',(1.350659543942,-3.968815405761));
#3793 = CARTESIAN_POINT('',(1.340873132955,-4.229765152334));
#3794 = CARTESIAN_POINT('',(1.331086721968,-4.490117838538));
#3795 = CARTESIAN_POINT('',(1.321300310982,-4.749848529702));
#3796 = CARTESIAN_POINT('',(1.311513899995,-5.008932350231));
#3797 = CARTESIAN_POINT('',(1.301727489008,-5.267344488316));
#3798 = CARTESIAN_POINT('',(1.291941078021,-5.525060189631));
#3799 = CARTESIAN_POINT('',(1.28541680403,-5.69638992462));
#3800 = CARTESIAN_POINT('',(1.282154667035,-5.781930494239));
#3801 = ( GEOMETRIC_REPRESENTATION_CONTEXT(2) 
PARAMETRIC_REPRESENTATION_CONTEXT() REPRESENTATION_CONTEXT('2D SPACE',''
  ) );
#3802 = ORIENTED_EDGE('',*,*,#3803,.F.);
#3803 = EDGE_CURVE('',#3804,#3758,#3806,.T.);
#3804 = VERTEX_POINT('',#3805);
#3805 = CARTESIAN_POINT('',(0.116323884299,13.208,1.583232454171));
#3806 = SURFACE_CURVE('',#3807,(#3811,#3817),.PCURVE_S1.);
#3807 = LINE('',#3808,#3809);
#3808 = CARTESIAN_POINT('',(0.116323884299,13.208,-3.8608));
#3809 = VECTOR('',#3810,1.);
#3810 = DIRECTION('',(0.,0.,-1.));
#3811 = PCURVE('',#1698,#3812);
#3812 = DEFINITIONAL_REPRESENTATION('',(#3813),#3816);
#3813 = B_SPLINE_CURVE_WITH_KNOTS('',1,(#3814,#3815),.UNSPECIFIED.,.F.,
  .F.,(2,2),(-5.4483,-2.2733),.PIECEWISE_BEZIER_KNOTS.);
#3814 = CARTESIAN_POINT('',(5.791659500358,-9.3091));
#3815 = CARTESIAN_POINT('',(5.791659500358,-6.1341));
#3816 = ( GEOMETRIC_REPRESENTATION_CONTEXT(2) 
PARAMETRIC_REPRESENTATION_CONTEXT() REPRESENTATION_CONTEXT('2D SPACE',''
  ) );
#3817 = PCURVE('',#3818,#3823);
#3818 = PLANE('',#3819);
#3819 = AXIS2_PLACEMENT_3D('',#3820,#3821,#3822);
#3820 = CARTESIAN_POINT('',(-5.E-17,13.208,-2.81E-15));
#3821 = DIRECTION('',(0.,1.,0.));
#3822 = DIRECTION('',(0.,0.,1.));
#3823 = DEFINITIONAL_REPRESENTATION('',(#3824),#3827);
#3824 = B_SPLINE_CURVE_WITH_KNOTS('',1,(#3825,#3826),.UNSPECIFIED.,.F.,
  .F.,(2,2),(-5.4483,-2.2733),.PIECEWISE_BEZIER_KNOTS.);
#3825 = CARTESIAN_POINT('',(1.5875,0.116323884299));
#3826 = CARTESIAN_POINT('',(-1.5875,0.116323884299));
#3827 = ( GEOMETRIC_REPRESENTATION_CONTEXT(2) 
PARAMETRIC_REPRESENTATION_CONTEXT() REPRESENTATION_CONTEXT('2D SPACE',''
  ) );
#3828 = ORIENTED_EDGE('',*,*,#3829,.F.);
#3829 = EDGE_CURVE('',#3572,#3804,#3830,.T.);
#3830 = SURFACE_CURVE('',#3831,(#3836,#3843),.PCURVE_S1.);
#3831 = ELLIPSE('',#3832,27.399867985275,1.5875);
#3832 = AXIS2_PLACEMENT_3D('',#3833,#3834,#3835);
#3833 = CARTESIAN_POINT('',(0.,15.212349617902,-2.49E-15));
#3834 = DIRECTION('',(-0.998320169527,-5.793823535402E-02,0.));
#3835 = DIRECTION('',(-5.793823535402E-02,0.998320169527,2.2E-16));
#3836 = PCURVE('',#1698,#3837);
#3837 = DEFINITIONAL_REPRESENTATION('',(#3838),#3842);
#3838 = ELLIPSE('',#3839,27.399867985275,1.5875);
#3839 = AXIS2_PLACEMENT_2D('',#3840,#3841);
#3840 = CARTESIAN_POINT('',(7.799381751279,-7.7216));
#3841 = DIRECTION('',(1.,-2.2E-16));
#3842 = ( GEOMETRIC_REPRESENTATION_CONTEXT(2) 
PARAMETRIC_REPRESENTATION_CONTEXT() REPRESENTATION_CONTEXT('2D SPACE',''
  ) );
#3843 = PCURVE('',#3493,#3844);
#3844 = DEFINITIONAL_REPRESENTATION('',(#3845),#3871);
#3845 = B_SPLINE_CURVE_WITH_KNOTS('',3,(#3846,#3847,#3848,#3849,#3850,
    #3851,#3852,#3853,#3854,#3855,#3856,#3857,#3858,#3859,#3860,#3861,
    #3862,#3863,#3864,#3865,#3866,#3867,#3868,#3869,#3870),
  .UNSPECIFIED.,.F.,.F.,(4,1,1,1,1,1,1,1,1,1,1,1,1,1,1,1,1,1,1,1,1,1,4),
  (4.423747320624,4.433533731611,4.443320142598,4.453106553585,
    4.462892964571,4.472679375558,4.482465786545,4.492252197532,
    4.502038608518,4.511825019505,4.521611430492,4.531397841478,
    4.541184252465,4.550970663452,4.560757074439,4.570543485425,
    4.580329896412,4.590116307399,4.599902718385,4.609689129372,
    4.619475540359,4.629261951346,4.639048362332),
  .QUASI_UNIFORM_KNOTS.);
#3846 = CARTESIAN_POINT('',(-1.282154667035,-5.781930494239));
#3847 = CARTESIAN_POINT('',(-1.28541680403,-5.69638992462));
#3848 = CARTESIAN_POINT('',(-1.291941078021,-5.525060189631));
#3849 = CARTESIAN_POINT('',(-1.301727489008,-5.267344488316));
#3850 = CARTESIAN_POINT('',(-1.311513899995,-5.008932350231));
#3851 = CARTESIAN_POINT('',(-1.321300310982,-4.749848529702));
#3852 = CARTESIAN_POINT('',(-1.331086721968,-4.490117838538));
#3853 = CARTESIAN_POINT('',(-1.340873132955,-4.229765152334));
#3854 = CARTESIAN_POINT('',(-1.350659543942,-3.968815405761));
#3855 = CARTESIAN_POINT('',(-1.360445954928,-3.70729359081));
#3856 = CARTESIAN_POINT('',(-1.370232365915,-3.44522475422));
#3857 = CARTESIAN_POINT('',(-1.380018776902,-3.182633995131));
#3858 = CARTESIAN_POINT('',(-1.389805187889,-2.919546462669));
#3859 = CARTESIAN_POINT('',(-1.399591598875,-2.655987353536));
#3860 = CARTESIAN_POINT('',(-1.409378009862,-2.391981909597));
#3861 = CARTESIAN_POINT('',(-1.419164420849,-2.127555415466));
#3862 = CARTESIAN_POINT('',(-1.428950831836,-1.862733196082));
#3863 = CARTESIAN_POINT('',(-1.438737242822,-1.597540614284));
#3864 = CARTESIAN_POINT('',(-1.448523653809,-1.332003068375));
#3865 = CARTESIAN_POINT('',(-1.458310064796,-1.066145989732));
#3866 = CARTESIAN_POINT('',(-1.468096475782,-0.799994840187));
#3867 = CARTESIAN_POINT('',(-1.477882886769,-0.533575110303));
#3868 = CARTESIAN_POINT('',(-1.487669297756,-0.266912314234));
#3869 = CARTESIAN_POINT('',(-1.494193571747,-8.899210300067E-02));
#3870 = CARTESIAN_POINT('',(-1.497455708743,3.55E-15));
#3871 = ( GEOMETRIC_REPRESENTATION_CONTEXT(2) 
PARAMETRIC_REPRESENTATION_CONTEXT() REPRESENTATION_CONTEXT('2D SPACE',''
  ) );
#3872 = ORIENTED_EDGE('',*,*,#3730,.T.);
#3873 = ORIENTED_EDGE('',*,*,#2033,.T.);
#3874 = ORIENTED_EDGE('',*,*,#3875,.F.);
#3875 = EDGE_CURVE('',#1656,#2034,#3876,.T.);
#3876 = SURFACE_CURVE('',#3877,(#3881,#3887),.PCURVE_S1.);
#3877 = LINE('',#3878,#3879);
#3878 = CARTESIAN_POINT('',(-1.618E-14,15.212349617902,-7.7216));
#3879 = VECTOR('',#3880,1.);
#3880 = DIRECTION('',(0.,0.,1.));
#3881 = PCURVE('',#1698,#3882);
#3882 = DEFINITIONAL_REPRESENTATION('',(#3883),#3886);
#3883 = B_SPLINE_CURVE_WITH_KNOTS('',1,(#3884,#3885),.UNSPECIFIED.,.F.,
  .F.,(2,2),(0.,15.4432),.PIECEWISE_BEZIER_KNOTS.);
#3884 = CARTESIAN_POINT('',(7.799381751279,0.));
#3885 = CARTESIAN_POINT('',(7.799381751279,-15.4432));
#3886 = ( GEOMETRIC_REPRESENTATION_CONTEXT(2) 
PARAMETRIC_REPRESENTATION_CONTEXT() REPRESENTATION_CONTEXT('2D SPACE',''
  ) );
#3887 = PCURVE('',#1671,#3888);
#3888 = DEFINITIONAL_REPRESENTATION('',(#3889),#3892);
#3889 = B_SPLINE_CURVE_WITH_KNOTS('',1,(#3890,#3891),.UNSPECIFIED.,.F.,
  .F.,(2,2),(0.,15.4432),.PIECEWISE_BEZIER_KNOTS.);
#3890 = CARTESIAN_POINT('',(14.463015301696,0.));
#3891 = CARTESIAN_POINT('',(14.463015301696,-15.4432));
#3892 = ( GEOMETRIC_REPRESENTATION_CONTEXT(2) 
PARAMETRIC_REPRESENTATION_CONTEXT() REPRESENTATION_CONTEXT('2D SPACE',''
  ) );
#3893 = ADVANCED_FACE('',(#3894),#1671,.T.);
#3894 = FACE_BOUND('',#3895,.T.);
#3895 = EDGE_LOOP('',(#3896,#3919,#3920,#3921,#3922,#3945,#3977,#4003));
#3896 = ORIENTED_EDGE('',*,*,#3897,.F.);
#3897 = EDGE_CURVE('',#1623,#3898,#3900,.T.);
#3898 = VERTEX_POINT('',#3899);
#3899 = CARTESIAN_POINT('',(-0.451882415521,7.426069505761,
    -1.521827366209));
#3900 = SURFACE_CURVE('',#3901,(#3905,#3912),.PCURVE_S1.);
#3901 = LINE('',#3902,#3903);
#3902 = CARTESIAN_POINT('',(-0.451882415521,7.426069505761,-7.7216));
#3903 = VECTOR('',#3904,1.);
#3904 = DIRECTION('',(0.,0.,1.));
#3905 = PCURVE('',#1671,#3906);
#3906 = DEFINITIONAL_REPRESENTATION('',(#3907),#3911);
#3907 = LINE('',#3908,#3909);
#3908 = CARTESIAN_POINT('',(22.262397052976,0.));
#3909 = VECTOR('',#3910,1.);
#3910 = DIRECTION('',(0.,-1.));
#3911 = ( GEOMETRIC_REPRESENTATION_CONTEXT(2) 
PARAMETRIC_REPRESENTATION_CONTEXT() REPRESENTATION_CONTEXT('2D SPACE',''
  ) );
#3912 = PCURVE('',#1643,#3913);
#3913 = DEFINITIONAL_REPRESENTATION('',(#3914),#3918);
#3914 = LINE('',#3915,#3916);
#3915 = CARTESIAN_POINT('',(-1.570796326795,0.));
#3916 = VECTOR('',#3917,1.);
#3917 = DIRECTION('',(-0.,1.));
#3918 = ( GEOMETRIC_REPRESENTATION_CONTEXT(2) 
PARAMETRIC_REPRESENTATION_CONTEXT() REPRESENTATION_CONTEXT('2D SPACE',''
  ) );
#3919 = ORIENTED_EDGE('',*,*,#1655,.F.);
#3920 = ORIENTED_EDGE('',*,*,#3875,.T.);
#3921 = ORIENTED_EDGE('',*,*,#2055,.F.);
#3922 = ORIENTED_EDGE('',*,*,#3923,.F.);
#3923 = EDGE_CURVE('',#3924,#2056,#3926,.T.);
#3924 = VERTEX_POINT('',#3925);
#3925 = CARTESIAN_POINT('',(-0.451882415521,7.426069505761,
    1.521827366209));
#3926 = SURFACE_CURVE('',#3927,(#3931,#3938),.PCURVE_S1.);
#3927 = LINE('',#3928,#3929);
#3928 = CARTESIAN_POINT('',(-0.451882415521,7.426069505761,-7.7216));
#3929 = VECTOR('',#3930,1.);
#3930 = DIRECTION('',(0.,0.,1.));
#3931 = PCURVE('',#1671,#3932);
#3932 = DEFINITIONAL_REPRESENTATION('',(#3933),#3937);
#3933 = LINE('',#3934,#3935);
#3934 = CARTESIAN_POINT('',(22.262397052976,0.));
#3935 = VECTOR('',#3936,1.);
#3936 = DIRECTION('',(0.,-1.));
#3937 = ( GEOMETRIC_REPRESENTATION_CONTEXT(2) 
PARAMETRIC_REPRESENTATION_CONTEXT() REPRESENTATION_CONTEXT('2D SPACE',''
  ) );
#3938 = PCURVE('',#1643,#3939);
#3939 = DEFINITIONAL_REPRESENTATION('',(#3940),#3944);
#3940 = LINE('',#3941,#3942);
#3941 = CARTESIAN_POINT('',(-1.570796326795,0.));
#3942 = VECTOR('',#3943,1.);
#3943 = DIRECTION('',(-0.,1.));
#3944 = ( GEOMETRIC_REPRESENTATION_CONTEXT(2) 
PARAMETRIC_REPRESENTATION_CONTEXT() REPRESENTATION_CONTEXT('2D SPACE',''
  ) );
#3945 = ORIENTED_EDGE('',*,*,#3946,.F.);
#3946 = EDGE_CURVE('',#3947,#3924,#3949,.T.);
#3947 = VERTEX_POINT('',#3948);
#3948 = CARTESIAN_POINT('',(-0.116323884299,13.208,1.583232454171));
#3949 = SURFACE_CURVE('',#3950,(#3955,#3962),.PCURVE_S1.);
#3950 = ELLIPSE('',#3951,27.399867985275,1.5875);
#3951 = AXIS2_PLACEMENT_3D('',#3952,#3953,#3954);
#3952 = CARTESIAN_POINT('',(0.,15.212349617902,-2.49E-15));
#3953 = DIRECTION('',(0.998320169527,-5.793823535402E-02,
    -1.54074395551E-33));
#3954 = DIRECTION('',(5.793823535402E-02,0.998320169527,2.2E-16));
#3955 = PCURVE('',#1671,#3956);
#3956 = DEFINITIONAL_REPRESENTATION('',(#3957),#3961);
#3957 = ELLIPSE('',#3958,27.399867985275,1.5875);
#3958 = AXIS2_PLACEMENT_2D('',#3959,#3960);
#3959 = CARTESIAN_POINT('',(14.463015301696,-7.7216));
#3960 = DIRECTION('',(-1.,-2.2E-16));
#3961 = ( GEOMETRIC_REPRESENTATION_CONTEXT(2) 
PARAMETRIC_REPRESENTATION_CONTEXT() REPRESENTATION_CONTEXT('2D SPACE',''
  ) );
#3962 = PCURVE('',#3963,#3968);
#3963 = CYLINDRICAL_SURFACE('',#3964,1.5875);
#3964 = AXIS2_PLACEMENT_3D('',#3965,#3966,#3967);
#3965 = CARTESIAN_POINT('',(0.,13.208,-2.93E-15));
#3966 = DIRECTION('',(0.,1.,2.2E-16));
#3967 = DIRECTION('',(1.,0.,0.));
#3968 = DEFINITIONAL_REPRESENTATION('',(#3969),#3976);
#3969 = B_SPLINE_CURVE_WITH_KNOTS('',5,(#3970,#3971,#3972,#3973,#3974,
    #3975),.UNSPECIFIED.,.F.,.F.,(6,6),(1.644134427133,1.889267918562),
  .PIECEWISE_BEZIER_KNOTS.);
#3970 = CARTESIAN_POINT('',(-1.644134427133,6.868401457716E-05));
#3971 = CARTESIAN_POINT('',(-1.693161125419,-1.337394981521));
#3972 = CARTESIAN_POINT('',(-1.742187823705,-2.668836774696));
#3973 = CARTESIAN_POINT('',(-1.791214521991,-3.987559091848));
#3974 = CARTESIAN_POINT('',(-1.840241220276,-5.286925504889));
#3975 = CARTESIAN_POINT('',(-1.889267918562,-6.560558505454));
#3976 = ( GEOMETRIC_REPRESENTATION_CONTEXT(2) 
PARAMETRIC_REPRESENTATION_CONTEXT() REPRESENTATION_CONTEXT('2D SPACE',''
  ) );
#3977 = ORIENTED_EDGE('',*,*,#3978,.F.);
#3978 = EDGE_CURVE('',#3979,#3947,#3981,.T.);
#3979 = VERTEX_POINT('',#3980);
#3980 = CARTESIAN_POINT('',(-0.116323884299,13.208,-1.583232454171));
#3981 = SURFACE_CURVE('',#3982,(#3986,#3992),.PCURVE_S1.);
#3982 = LINE('',#3983,#3984);
#3983 = CARTESIAN_POINT('',(-0.116323884299,13.208,-3.8608));
#3984 = VECTOR('',#3985,1.);
#3985 = DIRECTION('',(0.,0.,1.));
#3986 = PCURVE('',#1671,#3987);
#3987 = DEFINITIONAL_REPRESENTATION('',(#3988),#3991);
#3988 = B_SPLINE_CURVE_WITH_KNOTS('',1,(#3989,#3990),.UNSPECIFIED.,.F.,
  .F.,(2,2),(2.2733,5.4483),.PIECEWISE_BEZIER_KNOTS.);
#3989 = CARTESIAN_POINT('',(16.470737552617,-6.1341));
#3990 = CARTESIAN_POINT('',(16.470737552617,-9.3091));
#3991 = ( GEOMETRIC_REPRESENTATION_CONTEXT(2) 
PARAMETRIC_REPRESENTATION_CONTEXT() REPRESENTATION_CONTEXT('2D SPACE',''
  ) );
#3992 = PCURVE('',#3993,#3998);
#3993 = PLANE('',#3994);
#3994 = AXIS2_PLACEMENT_3D('',#3995,#3996,#3997);
#3995 = CARTESIAN_POINT('',(-5.E-17,13.208,-2.81E-15));
#3996 = DIRECTION('',(0.,1.,0.));
#3997 = DIRECTION('',(0.,0.,1.));
#3998 = DEFINITIONAL_REPRESENTATION('',(#3999),#4002);
#3999 = B_SPLINE_CURVE_WITH_KNOTS('',1,(#4000,#4001),.UNSPECIFIED.,.F.,
  .F.,(2,2),(2.2733,5.4483),.PIECEWISE_BEZIER_KNOTS.);
#4000 = CARTESIAN_POINT('',(-1.5875,-0.116323884299));
#4001 = CARTESIAN_POINT('',(1.5875,-0.116323884299));
#4002 = ( GEOMETRIC_REPRESENTATION_CONTEXT(2) 
PARAMETRIC_REPRESENTATION_CONTEXT() REPRESENTATION_CONTEXT('2D SPACE',''
  ) );
#4003 = ORIENTED_EDGE('',*,*,#4004,.F.);
#4004 = EDGE_CURVE('',#3898,#3979,#4005,.T.);
#4005 = SURFACE_CURVE('',#4006,(#4011,#4018),.PCURVE_S1.);
#4006 = ELLIPSE('',#4007,27.399867985275,1.5875);
#4007 = AXIS2_PLACEMENT_3D('',#4008,#4009,#4010);
#4008 = CARTESIAN_POINT('',(0.,15.212349617902,-2.49E-15));
#4009 = DIRECTION('',(0.998320169527,-5.793823535402E-02,
    -1.54074395551E-33));
#4010 = DIRECTION('',(5.793823535402E-02,0.998320169527,2.2E-16));
#4011 = PCURVE('',#1671,#4012);
#4012 = DEFINITIONAL_REPRESENTATION('',(#4013),#4017);
#4013 = ELLIPSE('',#4014,27.399867985275,1.5875);
#4014 = AXIS2_PLACEMENT_2D('',#4015,#4016);
#4015 = CARTESIAN_POINT('',(14.463015301696,-7.7216));
#4016 = DIRECTION('',(-1.,-2.2E-16));
#4017 = ( GEOMETRIC_REPRESENTATION_CONTEXT(2) 
PARAMETRIC_REPRESENTATION_CONTEXT() REPRESENTATION_CONTEXT('2D SPACE',''
  ) );
#4018 = PCURVE('',#3963,#4019);
#4019 = DEFINITIONAL_REPRESENTATION('',(#4020),#4027);
#4020 = B_SPLINE_CURVE_WITH_KNOTS('',5,(#4021,#4022,#4023,#4024,#4025,
    #4026),.UNSPECIFIED.,.F.,.F.,(6,6),(4.393917388617,4.639050880046),
  .PIECEWISE_BEZIER_KNOTS.);
#4021 = CARTESIAN_POINT('',(-4.393917388617,-6.560558505454));
#4022 = CARTESIAN_POINT('',(-4.442944086903,-5.286925504889));
#4023 = CARTESIAN_POINT('',(-4.491970785189,-3.987559091848));
#4024 = CARTESIAN_POINT('',(-4.540997483475,-2.668836774696));
#4025 = CARTESIAN_POINT('',(-4.59002418176,-1.337394981521));
#4026 = CARTESIAN_POINT('',(-4.639050880046,6.868401457716E-05));
#4027 = ( GEOMETRIC_REPRESENTATION_CONTEXT(2) 
PARAMETRIC_REPRESENTATION_CONTEXT() REPRESENTATION_CONTEXT('2D SPACE',''
  ) );
#4028 = ADVANCED_FACE('',(#4029),#1643,.T.);
#4029 = FACE_BOUND('',#4030,.F.);
#4030 = EDGE_LOOP('',(#4031,#4032,#4053,#4054,#4055,#4325));
#4031 = ORIENTED_EDGE('',*,*,#1622,.F.);
#4032 = ORIENTED_EDGE('',*,*,#4033,.T.);
#4033 = EDGE_CURVE('',#1596,#2078,#4034,.T.);
#4034 = SURFACE_CURVE('',#4035,(#4039,#4046),.PCURVE_S1.);
#4035 = LINE('',#4036,#4037);
#4036 = CARTESIAN_POINT('',(-1.989447961947,5.572018485686,-7.7216));
#4037 = VECTOR('',#4038,1.);
#4038 = DIRECTION('',(0.,0.,1.));
#4039 = PCURVE('',#1643,#4040);
#4040 = DEFINITIONAL_REPRESENTATION('',(#4041),#4045);
#4041 = LINE('',#4042,#4043);
#4042 = CARTESIAN_POINT('',(-2.839562033672,0.));
#4043 = VECTOR('',#4044,1.);
#4044 = DIRECTION('',(-0.,1.));
#4045 = ( GEOMETRIC_REPRESENTATION_CONTEXT(2) 
PARAMETRIC_REPRESENTATION_CONTEXT() REPRESENTATION_CONTEXT('2D SPACE',''
  ) );
#4046 = PCURVE('',#1611,#4047);
#4047 = DEFINITIONAL_REPRESENTATION('',(#4048),#4052);
#4048 = LINE('',#4049,#4050);
#4049 = CARTESIAN_POINT('',(0.,0.));
#4050 = VECTOR('',#4051,1.);
#4051 = DIRECTION('',(0.,-1.));
#4052 = ( GEOMETRIC_REPRESENTATION_CONTEXT(2) 
PARAMETRIC_REPRESENTATION_CONTEXT() REPRESENTATION_CONTEXT('2D SPACE',''
  ) );
#4053 = ORIENTED_EDGE('',*,*,#2077,.T.);
#4054 = ORIENTED_EDGE('',*,*,#3923,.F.);
#4055 = ORIENTED_EDGE('',*,*,#4056,.T.);
#4056 = EDGE_CURVE('',#3924,#3898,#4057,.T.);
#4057 = SURFACE_CURVE('',#4058,(#4145,#4235),.PCURVE_S1.);
#4058 = B_SPLINE_CURVE_WITH_KNOTS('',7,(#4059,#4060,#4061,#4062,#4063,
    #4064,#4065,#4066,#4067,#4068,#4069,#4070,#4071,#4072,#4073,#4074,
    #4075,#4076,#4077,#4078,#4079,#4080,#4081,#4082,#4083,#4084,#4085,
    #4086,#4087,#4088,#4089,#4090,#4091,#4092,#4093,#4094,#4095,#4096,
    #4097,#4098,#4099,#4100,#4101,#4102,#4103,#4104,#4105,#4106,#4107,
    #4108,#4109,#4110,#4111,#4112,#4113,#4114,#4115,#4116,#4117,#4118,
    #4119,#4120,#4121,#4122,#4123,#4124,#4125,#4126,#4127,#4128,#4129,
    #4130,#4131,#4132,#4133,#4134,#4135,#4136,#4137,#4138,#4139,#4140,
    #4141,#4142,#4143,#4144),.UNSPECIFIED.,.F.,.F.,(8,6,6,6,6,6,6,6,6,6,
    6,6,6,6,8),(0.,0.161435247826,0.202842915776,0.272119390527,
    0.336027268069,0.370435273906,0.408431494597,0.499994779739,
    0.590949281791,0.630295534774,0.664529202315,0.727806375891,
    0.798139257347,0.838704588717,1.),.UNSPECIFIED.);
#4059 = CARTESIAN_POINT('',(-0.451882415521,7.426069505761,
    1.521827366209));
#4060 = CARTESIAN_POINT('',(-0.459695595171,7.291442436364,
    1.519507366864));
#4061 = CARTESIAN_POINT('',(-0.47795926462,7.156958699862,1.514033433649
    ));
#4062 = CARTESIAN_POINT('',(-0.50673971309,7.023689136603,1.505139620394
    ));
#4063 = CARTESIAN_POINT('',(-0.545947119956,6.892749435956,
    1.492111193988));
#4064 = CARTESIAN_POINT('',(-0.595299118575,6.765282624236,
    1.473748509821));
#4065 = CARTESIAN_POINT('',(-0.654301739727,6.642464242249,
    1.448388793704));
#4066 = CARTESIAN_POINT('',(-0.739410012375,6.495496831321,
    1.404923363638));
#4067 = CARTESIAN_POINT('',(-0.75734147634,6.465909559371,1.39545175906)
  );
#4068 = CARTESIAN_POINT('',(-0.775801045829,6.436775756763,
    1.385351575767));
#4069 = CARTESIAN_POINT('',(-0.794756386723,6.40813149305,1.374593125336
    ));
#4070 = CARTESIAN_POINT('',(-0.814172473805,6.380009597091,
    1.363146891198));
#4071 = CARTESIAN_POINT('',(-0.834011590757,6.352439657055,
    1.350983528637));
#4072 = CARTESIAN_POINT('',(-0.888065006488,6.28029006957,1.316475546274
    ));
#4073 = CARTESIAN_POINT('',(-0.922990427254,6.236720731522,
    1.292774541033));
#4074 = CARTESIAN_POINT('',(-0.958755332134,6.194960537194,
    1.266873492867));
#4075 = CARTESIAN_POINT('',(-0.995077863198,6.155177515479,
    1.238702357458));
#4076 = CARTESIAN_POINT('',(-1.031659931601,6.117490685169,
    1.208223195257));
#4077 = CARTESIAN_POINT('',(-1.068198584283,6.081973546892,
    1.175434964363));
#4078 = CARTESIAN_POINT('',(-1.13779092331,6.017923432498,1.108038386109
    ));
#4079 = CARTESIAN_POINT('',(-1.170847694759,5.989106343648,
    1.073813906941));
#4080 = CARTESIAN_POINT('',(-1.203337689883,5.962221330694,
    1.037744139146));
#4081 = CARTESIAN_POINT('',(-1.235032814389,5.937258492225,
    0.999902204165));
#4082 = CARTESIAN_POINT('',(-1.265714530067,5.914186571793,0.9603963877)
  );
#4083 = CARTESIAN_POINT('',(-1.295181510052,5.892956526504,
    0.919371445778));
#4084 = CARTESIAN_POINT('',(-1.338373298199,5.863032443809,
    0.854202457373));
#4085 = CARTESIAN_POINT('',(-1.353091154333,5.853071929555,
    0.830999890254));
#4086 = CARTESIAN_POINT('',(-1.367389365473,5.843609614047,
    0.807420094818));
#4087 = CARTESIAN_POINT('',(-1.381247918176,5.834631634943,
    0.783482557833));
#4088 = CARTESIAN_POINT('',(-1.394648282557,5.826124206347,
    0.759208367484));
#4089 = CARTESIAN_POINT('',(-1.407573412295,5.818073618813,0.73462021337
    ));
#4090 = CARTESIAN_POINT('',(-1.433738782619,5.802065529608,
    0.682270192843));
#4091 = CARTESIAN_POINT('',(-1.446871760404,5.794205148572,
    0.654444050078));
#4092 = CARTESIAN_POINT('',(-1.459390441972,5.786864061585,
    0.626287471124));
#4093 = CARTESIAN_POINT('',(-1.471280291922,5.780022455734,
    0.597824852781));
#4094 = CARTESIAN_POINT('',(-1.482528475449,5.773661739845,
    0.569081475735));
#4095 = CARTESIAN_POINT('',(-1.493123858354,5.767764544476,
    0.540083504555));
#4096 = CARTESIAN_POINT('',(-1.526993906784,5.749181740596,
    0.440430342917));
#4097 = CARTESIAN_POINT('',(-1.547075881006,5.738651696851,
    0.368708243241));
#4098 = CARTESIAN_POINT('',(-1.563215764712,5.730475281031,
    0.295959232829));
#4099 = CARTESIAN_POINT('',(-1.57535335375,5.724467165406,0.222449874691
    ));
#4100 = CARTESIAN_POINT('',(-1.583452798904,5.720504361646,
    0.148445244649));
#4101 = CARTESIAN_POINT('',(-1.5875,5.718524578306,7.420842530211E-02));
#4102 = CARTESIAN_POINT('',(-1.5875,5.718524578306,-7.371503065775E-02)
  );
#4103 = CARTESIAN_POINT('',(-1.583506442684,5.720478124496,
    -0.147457460226));
#4104 = CARTESIAN_POINT('',(-1.57551449093,5.724388328534,
    -0.220972202027));
#4105 = CARTESIAN_POINT('',(-1.563537862338,5.730315850876,
    -0.294001718808));
#4106 = CARTESIAN_POINT('',(-1.547611342309,5.738380489318,
    -0.366286504536));
#4107 = CARTESIAN_POINT('',(-1.527793297128,5.748762767539,
    -0.437565566193));
#4108 = CARTESIAN_POINT('',(-1.493948137059,5.767304465372,
    -0.53786329941));
#4109 = CARTESIAN_POINT('',(-1.48301716503,5.773381745453,
    -0.567907994039));
#4110 = CARTESIAN_POINT('',(-1.471385635883,5.779955201159,
    -0.597680867665));
#4111 = CARTESIAN_POINT('',(-1.459065870601,5.787044072718,
    -0.627152820218));
#4112 = CARTESIAN_POINT('',(-1.446072146233,5.794669003313,
    -0.656295773344));
#4113 = CARTESIAN_POINT('',(-1.432420695895,5.802852039085,
    -0.685082670409));
#4114 = CARTESIAN_POINT('',(-1.405695668289,5.819242363206,
    -0.738201410211));
#4115 = CARTESIAN_POINT('',(-1.392777266455,5.827308368638,
    -0.762626410069));
#4116 = CARTESIAN_POINT('',(-1.379390030325,5.835828062123,
    -0.786738507912));
#4117 = CARTESIAN_POINT('',(-1.365550943436,5.84481491745,
    -0.810515326279));
#4118 = CARTESIAN_POINT('',(-1.351278445794,5.854282465511,
    -0.833936078407));
#4119 = CARTESIAN_POINT('',(-1.336592433883,5.864244294298,
    -0.85698156823));
#4120 = CARTESIAN_POINT('',(-1.293643913917,5.894066240093,
    -0.921505073829));
#4121 = CARTESIAN_POINT('',(-1.264416891648,5.915165095673,
    -0.962058787448));
#4122 = CARTESIAN_POINT('',(-1.234005423296,5.938071520816,
    -1.001119009584));
#4123 = CARTESIAN_POINT('',(-1.202605513777,5.962832598145,
    -1.038545779235));
#4124 = CARTESIAN_POINT('',(-1.170429635343,5.98947818739,
    -1.074234244451));
#4125 = CARTESIAN_POINT('',(-1.137699419444,6.018017525053,
    -1.108113410724));
#4126 = CARTESIAN_POINT('',(-1.06789081003,6.082245909088,
    -1.175748031323));
#4127 = CARTESIAN_POINT('',(-1.030792463773,6.118323937928,
    -1.209012511188));
#4128 = CARTESIAN_POINT('',(-0.993652972188,6.156637446514,
    -1.239896325437));
#4129 = CARTESIAN_POINT('',(-0.95678889412,6.197109466439,
    -1.268401578576));
#4130 = CARTESIAN_POINT('',(-0.920511494643,6.239614784462,
    -1.294569312629));
#4131 = CARTESIAN_POINT('',(-0.885114554799,6.283976201994,
    -1.318474336603));
#4132 = CARTESIAN_POINT('',(-0.831106714897,6.356482958881,
    -1.352762159908));
#4133 = CARTESIAN_POINT('',(-0.81172341105,6.383556515639,
    -1.364591152004));
#4134 = CARTESIAN_POINT('',(-0.792749869249,6.411156548828,
    -1.375734621651));
#4135 = CARTESIAN_POINT('',(-0.774221214401,6.439255187908,
    -1.386220283309));
#4136 = CARTESIAN_POINT('',(-0.756170096872,6.467821607841,
    -1.396075976484));
#4137 = CARTESIAN_POINT('',(-0.738626692486,6.496822029091,
    -1.405329665723));
#4138 = CARTESIAN_POINT('',(-0.653991725438,6.643110473891,
    -1.448521863282));
#4139 = CARTESIAN_POINT('',(-0.595083279029,6.765840505668,
    -1.473828850876));
#4140 = CARTESIAN_POINT('',(-0.54580962592,6.893208264643,
    -1.492156906447));
#4141 = CARTESIAN_POINT('',(-0.506663542205,7.02404068477,
    -1.505163177603));
#4142 = CARTESIAN_POINT('',(-0.477926720982,7.15719687762,
    -1.514043185905));
#4143 = CARTESIAN_POINT('',(-0.45968859912,7.291562983666,-1.51950944423
    ));
#4144 = CARTESIAN_POINT('',(-0.451882415521,7.426069505761,
    -1.521827366209));
#4145 = PCURVE('',#1643,#4146);
#4146 = DEFINITIONAL_REPRESENTATION('',(#4147),#4234);
#4147 = B_SPLINE_CURVE_WITH_KNOTS('',7,(#4148,#4149,#4150,#4151,#4152,
    #4153,#4154,#4155,#4156,#4157,#4158,#4159,#4160,#4161,#4162,#4163,
    #4164,#4165,#4166,#4167,#4168,#4169,#4170,#4171,#4172,#4173,#4174,
    #4175,#4176,#4177,#4178,#4179,#4180,#4181,#4182,#4183,#4184,#4185,
    #4186,#4187,#4188,#4189,#4190,#4191,#4192,#4193,#4194,#4195,#4196,
    #4197,#4198,#4199,#4200,#4201,#4202,#4203,#4204,#4205,#4206,#4207,
    #4208,#4209,#4210,#4211,#4212,#4213,#4214,#4215,#4216,#4217,#4218,
    #4219,#4220,#4221,#4222,#4223,#4224,#4225,#4226,#4227,#4228,#4229,
    #4230,#4231,#4232,#4233),.UNSPECIFIED.,.F.,.F.,(8,6,6,6,6,6,6,6,6,6,
    6,6,6,6,8),(0.,0.161435247826,0.202842915776,0.272119390527,
    0.336027268069,0.370435273906,0.408431494597,0.499994779739,
    0.590949281791,0.630295534774,0.664529202315,0.727806375891,
    0.798139257347,0.838704588717,1.),.UNSPECIFIED.);
#4148 = CARTESIAN_POINT('',(-1.570796326795,9.243427366209));
#4149 = CARTESIAN_POINT('',(-1.637161287713,9.241107366864));
#4150 = CARTESIAN_POINT('',(-1.703753860264,9.235633433649));
#4151 = CARTESIAN_POINT('',(-1.77052683031,9.226739620394));
#4152 = CARTESIAN_POINT('',(-1.837423076607,9.213711193988));
#4153 = CARTESIAN_POINT('',(-1.904359665004,9.195348509821));
#4154 = CARTESIAN_POINT('',(-1.971215701545,9.169988793704));
#4155 = CARTESIAN_POINT('',(-2.054794339882,9.126523363638));
#4156 = CARTESIAN_POINT('',(-2.07181688767,9.11705175906));
#4157 = CARTESIAN_POINT('',(-2.088784794485,9.106951575767));
#4158 = CARTESIAN_POINT('',(-2.105682610164,9.096193125336));
#4159 = CARTESIAN_POINT('',(-2.122495162105,9.084746891198));
#4160 = CARTESIAN_POINT('',(-2.139207555265,9.072583528637));
#4161 = CARTESIAN_POINT('',(-2.183573564955,9.038075546274));
#4162 = CARTESIAN_POINT('',(-2.211038855073,9.014374541033));
#4163 = CARTESIAN_POINT('',(-2.238074712286,8.988473492867));
#4164 = CARTESIAN_POINT('',(-2.264562638683,8.960302357458));
#4165 = CARTESIAN_POINT('',(-2.290391932601,8.929823195257));
#4166 = CARTESIAN_POINT('',(-2.315459652533,8.897034964363));
#4167 = CARTESIAN_POINT('',(-2.362005277795,8.829638386109));
#4168 = CARTESIAN_POINT('',(-2.383579053262,8.795413906941));
#4169 = CARTESIAN_POINT('',(-2.404322115939,8.759344139146));
#4170 = CARTESIAN_POINT('',(-2.42416742336,8.721502204165));
#4171 = CARTESIAN_POINT('',(-2.443052788845,8.6819963877));
#4172 = CARTESIAN_POINT('',(-2.460922988248,8.640971445778));
#4173 = CARTESIAN_POINT('',(-2.486781768055,8.575802457373));
#4174 = CARTESIAN_POINT('',(-2.495527101304,8.552599890254));
#4175 = CARTESIAN_POINT('',(-2.503964225627,8.529020094818));
#4176 = CARTESIAN_POINT('',(-2.512089788762,8.505082557833));
#4177 = CARTESIAN_POINT('',(-2.519900726994,8.480808367484));
#4178 = CARTESIAN_POINT('',(-2.527394265165,8.45622021337));
#4179 = CARTESIAN_POINT('',(-2.5424896674,8.403870192843));
#4180 = CARTESIAN_POINT('',(-2.550021622529,8.376044050078));
#4181 = CARTESIAN_POINT('',(-2.557163086419,8.347887471124));
#4182 = CARTESIAN_POINT('',(-2.563913524709,8.319424852781));
#4183 = CARTESIAN_POINT('',(-2.570272564309,8.290681475735));
#4184 = CARTESIAN_POINT('',(-2.576239993404,8.261683504555));
#4185 = CARTESIAN_POINT('',(-2.595252246183,8.162030342917));
#4186 = CARTESIAN_POINT('',(-2.606409547593,8.090308243241));
#4187 = CARTESIAN_POINT('',(-2.615312254263,8.017559232829));
#4188 = CARTESIAN_POINT('',(-2.621977160575,7.944049874691));
#4189 = CARTESIAN_POINT('',(-2.626414978076,7.870045244649));
#4190 = CARTESIAN_POINT('',(-2.628632046842,7.795808425302));
#4191 = CARTESIAN_POINT('',(-2.628632046842,7.647884969342));
#4192 = CARTESIAN_POINT('',(-2.626444358253,7.574142539774));
#4193 = CARTESIAN_POINT('',(-2.622065449027,7.500627797973));
#4194 = CARTESIAN_POINT('',(-2.615489127028,7.427598281192));
#4195 = CARTESIAN_POINT('',(-2.606704898653,7.355313495464));
#4196 = CARTESIAN_POINT('',(-2.595696327455,7.284034433807));
#4197 = CARTESIAN_POINT('',(-2.576704539692,7.18373670059));
#4198 = CARTESIAN_POINT('',(-2.570549705866,7.153692005961));
#4199 = CARTESIAN_POINT('',(-2.563974941359,7.123919132335));
#4200 = CARTESIAN_POINT('',(-2.556980481875,7.094447179782));
#4201 = CARTESIAN_POINT('',(-2.549566748754,7.065304226656));
#4202 = CARTESIAN_POINT('',(-2.541734348973,7.036517329591));
#4203 = CARTESIAN_POINT('',(-2.526305827919,6.983398589789));
#4204 = CARTESIAN_POINT('',(-2.518811085418,6.958973589931));
#4205 = CARTESIAN_POINT('',(-2.511002361662,6.934861492088));
#4206 = CARTESIAN_POINT('',(-2.502882456564,6.911084673721));
#4207 = CARTESIAN_POINT('',(-2.494454455927,6.887663921593));
#4208 = CARTESIAN_POINT('',(-2.485721731441,6.86461843177));
#4209 = CARTESIAN_POINT('',(-2.45998997093,6.800094926171));
#4210 = CARTESIAN_POINT('',(-2.442253262372,6.759541212552));
#4211 = CARTESIAN_POINT('',(-2.423522981626,6.720480990416));
#4212 = CARTESIAN_POINT('',(-2.40385299094,6.683054220765));
#4213 = CARTESIAN_POINT('',(-2.383303844709,6.647365755549));
#4214 = CARTESIAN_POINT('',(-2.361940785988,6.613486589276));
#4215 = CARTESIAN_POINT('',(-2.315257435847,6.545851968677));
#4216 = CARTESIAN_POINT('',(-2.289800222358,6.512587488812));
#4217 = CARTESIAN_POINT('',(-2.263559436485,6.481703674563));
#4218 = CARTESIAN_POINT('',(-2.236642538686,6.453198421424));
#4219 = CARTESIAN_POINT('',(-2.209165182095,6.427030687371));
#4220 = CARTESIAN_POINT('',(-2.181251278703,6.403125663397));
#4221 = CARTESIAN_POINT('',(-2.136757873265,6.368837840092));
#4222 = CARTESIAN_POINT('',(-2.120374551037,6.357008847996));
#4223 = CARTESIAN_POINT('',(-2.10389675213,6.345865378349));
#4224 = CARTESIAN_POINT('',(-2.087338380945,6.335379716691));
#4225 = CARTESIAN_POINT('',(-2.070713592998,6.325524023516));
#4226 = CARTESIAN_POINT('',(-2.054036794917,6.316270334277));
#4227 = CARTESIAN_POINT('',(-1.970864028588,6.273078136718));
#4228 = CARTESIAN_POINT('',(-1.904066723819,6.247771149124));
#4229 = CARTESIAN_POINT('',(-1.837188638157,6.229443093553));
#4230 = CARTESIAN_POINT('',(-1.770350662394,6.216436822397));
#4231 = CARTESIAN_POINT('',(-1.703635915882,6.207556814095));
#4232 = CARTESIAN_POINT('',(-1.63710186343,6.20209055577));
#4233 = CARTESIAN_POINT('',(-1.570796326795,6.199772633791));
#4234 = ( GEOMETRIC_REPRESENTATION_CONTEXT(2) 
PARAMETRIC_REPRESENTATION_CONTEXT() REPRESENTATION_CONTEXT('2D SPACE',''
  ) );
#4235 = PCURVE('',#3963,#4236);
#4236 = DEFINITIONAL_REPRESENTATION('',(#4237),#4324);
#4237 = B_SPLINE_CURVE_WITH_KNOTS('',7,(#4238,#4239,#4240,#4241,#4242,
    #4243,#4244,#4245,#4246,#4247,#4248,#4249,#4250,#4251,#4252,#4253,
    #4254,#4255,#4256,#4257,#4258,#4259,#4260,#4261,#4262,#4263,#4264,
    #4265,#4266,#4267,#4268,#4269,#4270,#4271,#4272,#4273,#4274,#4275,
    #4276,#4277,#4278,#4279,#4280,#4281,#4282,#4283,#4284,#4285,#4286,
    #4287,#4288,#4289,#4290,#4291,#4292,#4293,#4294,#4295,#4296,#4297,
    #4298,#4299,#4300,#4301,#4302,#4303,#4304,#4305,#4306,#4307,#4308,
    #4309,#4310,#4311,#4312,#4313,#4314,#4315,#4316,#4317,#4318,#4319,
    #4320,#4321,#4322,#4323),.UNSPECIFIED.,.F.,.F.,(8,6,6,6,6,6,6,6,6,6,
    6,6,6,6,8),(0.,0.161435247826,0.202842915776,0.272119390527,
    0.336027268069,0.370435273906,0.408431494597,0.499994779739,
    0.590949281791,0.630295534774,0.664529202315,0.727806375891,
    0.798139257347,0.838704588717,1.),.UNSPECIFIED.);
#4238 = CARTESIAN_POINT('',(-1.859437986555,-5.781930494239));
#4239 = CARTESIAN_POINT('',(-1.864572064061,-5.916557563636));
#4240 = CARTESIAN_POINT('',(-1.876582231688,-6.051041300138));
#4241 = CARTESIAN_POINT('',(-1.895557062052,-6.184310863397));
#4242 = CARTESIAN_POINT('',(-1.921571221498,-6.315250564044));
#4243 = CARTESIAN_POINT('',(-1.954697493537,-6.442717375764));
#4244 = CARTESIAN_POINT('',(-1.995063466331,-6.565535757751));
#4245 = CARTESIAN_POINT('',(-2.055261866674,-6.712503168679));
#4246 = CARTESIAN_POINT('',(-2.068035078929,-6.742090440629));
#4247 = CARTESIAN_POINT('',(-2.081287558133,-6.771224243237));
#4248 = CARTESIAN_POINT('',(-2.095013832048,-6.79986850695));
#4249 = CARTESIAN_POINT('',(-2.109208203307,-6.827990402909));
#4250 = CARTESIAN_POINT('',(-2.123864749414,-6.855560342945));
#4251 = CARTESIAN_POINT('',(-2.164261185779,-6.92770993043));
#4252 = CARTESIAN_POINT('',(-2.190838681802,-6.971279268478));
#4253 = CARTESIAN_POINT('',(-2.218633503132,-7.013039462806));
#4254 = CARTESIAN_POINT('',(-2.247559169075,-7.052822484521));
#4255 = CARTESIAN_POINT('',(-2.277522039382,-7.090509314831));
#4256 = CARTESIAN_POINT('',(-2.308424327721,-7.126026453108));
#4257 = CARTESIAN_POINT('',(-2.369449987547,-7.190076567502));
#4258 = CARTESIAN_POINT('',(-2.399406452771,-7.218893656352));
#4259 = CARTESIAN_POINT('',(-2.429955752869,-7.245778669306));
#4260 = CARTESIAN_POINT('',(-2.46101273402,-7.270741507775));
#4261 = CARTESIAN_POINT('',(-2.492487042012,-7.293813428207));
#4262 = CARTESIAN_POINT('',(-2.524282317741,-7.315043473496));
#4263 = CARTESIAN_POINT('',(-2.573531234559,-7.344967556191));
#4264 = CARTESIAN_POINT('',(-2.590835924543,-7.354928070445));
#4265 = CARTESIAN_POINT('',(-2.608201094239,-7.364390385953));
#4266 = CARTESIAN_POINT('',(-2.625618180048,-7.373368365057));
#4267 = CARTESIAN_POINT('',(-2.6430784232,-7.381875793653));
#4268 = CARTESIAN_POINT('',(-2.660572869752,-7.389926381187));
#4269 = CARTESIAN_POINT('',(-2.697438880324,-7.405934470392));
#4270 = CARTESIAN_POINT('',(-2.716816342204,-7.413794851428));
#4271 = CARTESIAN_POINT('',(-2.736218892915,-7.421135938415));
#4272 = CARTESIAN_POINT('',(-2.755640658043,-7.427977544266));
#4273 = CARTESIAN_POINT('',(-2.775075752069,-7.434338260155));
#4274 = CARTESIAN_POINT('',(-2.794518278368,-7.440235455524));
#4275 = CARTESIAN_POINT('',(-2.860818599094,-7.458818259404));
#4276 = CARTESIAN_POINT('',(-2.907665420576,-7.469348303149));
#4277 = CARTESIAN_POINT('',(-2.954493797,-7.477524718969));
#4278 = CARTESIAN_POINT('',(-3.001299955342,-7.483532834594));
#4279 = CARTESIAN_POINT('',(-3.048083770374,-7.487495638354));
#4280 = CARTESIAN_POINT('',(-3.094847188833,-7.489475421694));
#4281 = CARTESIAN_POINT('',(-3.188027318571,-7.489475421694));
#4282 = CARTESIAN_POINT('',(-3.234479307436,-7.487521875504));
#4283 = CARTESIAN_POINT('',(-3.280951230528,-7.483611671466));
#4284 = CARTESIAN_POINT('',(-3.327445183928,-7.477684149124));
#4285 = CARTESIAN_POINT('',(-3.373961243425,-7.469619510682));
#4286 = CARTESIAN_POINT('',(-3.42049595848,-7.459237232461));
#4287 = CARTESIAN_POINT('',(-3.487175824522,-7.440695534628));
#4288 = CARTESIAN_POINT('',(-3.50730966391,-7.434618254547));
#4289 = CARTESIAN_POINT('',(-3.527435785993,-7.428044798841));
#4290 = CARTESIAN_POINT('',(-3.547547627242,-7.420955927282));
#4291 = CARTESIAN_POINT('',(-3.567638638958,-7.413330996687));
#4292 = CARTESIAN_POINT('',(-3.587702287281,-7.405147960915));
#4293 = CARTESIAN_POINT('',(-3.625159185245,-7.388757636794));
#4294 = CARTESIAN_POINT('',(-3.642560802905,-7.380691631362));
#4295 = CARTESIAN_POINT('',(-3.65992780319,-7.372171937877));
#4296 = CARTESIAN_POINT('',(-3.677251278742,-7.36318508255));
#4297 = CARTESIAN_POINT('',(-3.694522517813,-7.353717534489));
#4298 = CARTESIAN_POINT('',(-3.711733004269,-7.343755705702));
#4299 = CARTESIAN_POINT('',(-3.760558436971,-7.313933759907));
#4300 = CARTESIAN_POINT('',(-3.79202517328,-7.292834904327));
#4301 = CARTESIAN_POINT('',(-3.823174471703,-7.269928479184));
#4302 = CARTESIAN_POINT('',(-3.853912707268,-7.245167401855));
#4303 = CARTESIAN_POINT('',(-3.884152028734,-7.21852181261));
#4304 = CARTESIAN_POINT('',(-3.913809602477,-7.189982474947));
#4305 = CARTESIAN_POINT('',(-3.975037442959,-7.125754090912));
#4306 = CARTESIAN_POINT('',(-4.006401426762,-7.089676062072));
#4307 = CARTESIAN_POINT('',(-4.036795853606,-7.051362553486));
#4308 = CARTESIAN_POINT('',(-4.066118854266,-7.010890533561));
#4309 = CARTESIAN_POINT('',(-4.094272905769,-6.968385215538));
#4310 = CARTESIAN_POINT('',(-4.121168092674,-6.924023798006));
#4311 = CARTESIAN_POINT('',(-4.161465833081,-6.851517041119));
#4312 = CARTESIAN_POINT('',(-4.175767702389,-6.824443484361));
#4313 = CARTESIAN_POINT('',(-4.189625328188,-6.796843451172));
#4314 = CARTESIAN_POINT('',(-4.203033263896,-6.768744812092));
#4315 = CARTESIAN_POINT('',(-4.215986264449,-6.740178392159));
#4316 = CARTESIAN_POINT('',(-4.228479286304,-6.711177970909));
#4317 = CARTESIAN_POINT('',(-4.288333884595,-6.564889526109));
#4318 = CARTESIAN_POINT('',(-4.328632708299,-6.442159494332));
#4319 = CARTESIAN_POINT('',(-4.361705310245,-6.314791735358));
#4320 = CARTESIAN_POINT('',(-4.387678470877,-6.18395931523));
#4321 = CARTESIAN_POINT('',(-4.406624475305,-6.050803122381));
#4322 = CARTESIAN_POINT('',(-4.418617840256,-5.916437016334));
#4323 = CARTESIAN_POINT('',(-4.423747320624,-5.781930494239));
#4324 = ( GEOMETRIC_REPRESENTATION_CONTEXT(2) 
PARAMETRIC_REPRESENTATION_CONTEXT() REPRESENTATION_CONTEXT('2D SPACE',''
  ) );
#4325 = ORIENTED_EDGE('',*,*,#3897,.F.);
#4326 = ADVANCED_FACE('',(#4327),#1611,.T.);
#4327 = FACE_BOUND('',#4328,.T.);
#4328 = EDGE_LOOP('',(#4329,#4330,#4331,#4332));
#4329 = ORIENTED_EDGE('',*,*,#1595,.T.);
#4330 = ORIENTED_EDGE('',*,*,#4033,.T.);
#4331 = ORIENTED_EDGE('',*,*,#2101,.F.);
#4332 = ORIENTED_EDGE('',*,*,#4333,.T.);
#4333 = EDGE_CURVE('',#2102,#1568,#4334,.T.);
#4334 = SURFACE_CURVE('',#4335,(#4339,#4345),.PCURVE_S1.);
#4335 = LINE('',#4336,#4337);
#4336 = CARTESIAN_POINT('',(-10.59511637009,3.429,-3.8608));
#4337 = VECTOR('',#4338,1.);
#4338 = DIRECTION('',(9.4E-16,2.3E-16,-1.));
#4339 = PCURVE('',#1611,#4340);
#4340 = DEFINITIONAL_REPRESENTATION('',(#4341),#4344);
#4341 = B_SPLINE_CURVE_WITH_KNOTS('',1,(#4342,#4343),.UNSPECIFIED.,.F.,
  .F.,(2,2),(-9.5504,1.8288),.PIECEWISE_BEZIER_KNOTS.);
#4342 = CARTESIAN_POINT('',(8.868486735679,-13.4112));
#4343 = CARTESIAN_POINT('',(8.868486735679,-2.032));
#4344 = ( GEOMETRIC_REPRESENTATION_CONTEXT(2) 
PARAMETRIC_REPRESENTATION_CONTEXT() REPRESENTATION_CONTEXT('2D SPACE',''
  ) );
#4345 = PCURVE('',#1583,#4346);
#4346 = DEFINITIONAL_REPRESENTATION('',(#4347),#4350);
#4347 = B_SPLINE_CURVE_WITH_KNOTS('',1,(#4348,#4349),.UNSPECIFIED.,.F.,
  .F.,(2,2),(-9.5504,1.8288),.PIECEWISE_BEZIER_KNOTS.);
#4348 = CARTESIAN_POINT('',(5.6896,-10.59511637009));
#4349 = CARTESIAN_POINT('',(-5.6896,-10.59511637009));
#4350 = ( GEOMETRIC_REPRESENTATION_CONTEXT(2) 
PARAMETRIC_REPRESENTATION_CONTEXT() REPRESENTATION_CONTEXT('2D SPACE',''
  ) );
#4351 = ADVANCED_FACE('',(#4352),#1583,.F.);
#4352 = FACE_BOUND('',#4353,.F.);
#4353 = EDGE_LOOP('',(#4354,#4355,#4356,#4357));
#4354 = ORIENTED_EDGE('',*,*,#1567,.F.);
#4355 = ORIENTED_EDGE('',*,*,#2913,.F.);
#4356 = ORIENTED_EDGE('',*,*,#2123,.F.);
#4357 = ORIENTED_EDGE('',*,*,#4333,.T.);
#4358 = ADVANCED_FACE('',(#4359),#1948,.T.);
#4359 = FACE_BOUND('',#4360,.F.);
#4360 = EDGE_LOOP('',(#4361,#4384,#4411,#4412));
#4361 = ORIENTED_EDGE('',*,*,#4362,.T.);
#4362 = EDGE_CURVE('',#1932,#4363,#4365,.T.);
#4363 = VERTEX_POINT('',#4364);
#4364 = CARTESIAN_POINT('',(1.091406,0.,7.7216));
#4365 = SEAM_CURVE('',#4366,(#4370,#4377),.PCURVE_S1.);
#4366 = LINE('',#4367,#4368);
#4367 = CARTESIAN_POINT('',(1.091406,0.,6.5484375));
#4368 = VECTOR('',#4369,1.);
#4369 = DIRECTION('',(0.,0.,1.));
#4370 = PCURVE('',#1948,#4371);
#4371 = DEFINITIONAL_REPRESENTATION('',(#4372),#4376);
#4372 = LINE('',#4373,#4374);
#4373 = CARTESIAN_POINT('',(-0.,0.));
#4374 = VECTOR('',#4375,1.);
#4375 = DIRECTION('',(-0.,-1.));
#4376 = ( GEOMETRIC_REPRESENTATION_CONTEXT(2) 
PARAMETRIC_REPRESENTATION_CONTEXT() REPRESENTATION_CONTEXT('2D SPACE',''
  ) );
#4377 = PCURVE('',#1948,#4378);
#4378 = DEFINITIONAL_REPRESENTATION('',(#4379),#4383);
#4379 = LINE('',#4380,#4381);
#4380 = CARTESIAN_POINT('',(-6.28318530718,0.));
#4381 = VECTOR('',#4382,1.);
#4382 = DIRECTION('',(-0.,-1.));
#4383 = ( GEOMETRIC_REPRESENTATION_CONTEXT(2) 
PARAMETRIC_REPRESENTATION_CONTEXT() REPRESENTATION_CONTEXT('2D SPACE',''
  ) );
#4384 = ORIENTED_EDGE('',*,*,#4385,.T.);
#4385 = EDGE_CURVE('',#4363,#4363,#4386,.T.);
#4386 = SURFACE_CURVE('',#4387,(#4392,#4399),.PCURVE_S1.);
#4387 = CIRCLE('',#4388,1.091406);
#4388 = AXIS2_PLACEMENT_3D('',#4389,#4390,#4391);
#4389 = CARTESIAN_POINT('',(0.,0.,7.7216));
#4390 = DIRECTION('',(0.,0.,1.));
#4391 = DIRECTION('',(1.,0.,0.));
#4392 = PCURVE('',#1948,#4393);
#4393 = DEFINITIONAL_REPRESENTATION('',(#4394),#4398);
#4394 = LINE('',#4395,#4396);
#4395 = CARTESIAN_POINT('',(-0.,-1.1731625));
#4396 = VECTOR('',#4397,1.);
#4397 = DIRECTION('',(-1.,0.));
#4398 = ( GEOMETRIC_REPRESENTATION_CONTEXT(2) 
PARAMETRIC_REPRESENTATION_CONTEXT() REPRESENTATION_CONTEXT('2D SPACE',''
  ) );
#4399 = PCURVE('',#4400,#4405);
#4400 = PLANE('',#4401);
#4401 = AXIS2_PLACEMENT_3D('',#4402,#4403,#4404);
#4402 = CARTESIAN_POINT('',(-1.4E-16,10.022599862208,7.7216));
#4403 = DIRECTION('',(0.,0.,1.));
#4404 = DIRECTION('',(1.,0.,0.));
#4405 = DEFINITIONAL_REPRESENTATION('',(#4406),#4410);
#4406 = CIRCLE('',#4407,1.091406);
#4407 = AXIS2_PLACEMENT_2D('',#4408,#4409);
#4408 = CARTESIAN_POINT('',(1.4E-16,-10.0225998622));
#4409 = DIRECTION('',(1.,0.));
#4410 = ( GEOMETRIC_REPRESENTATION_CONTEXT(2) 
PARAMETRIC_REPRESENTATION_CONTEXT() REPRESENTATION_CONTEXT('2D SPACE',''
  ) );
#4411 = ORIENTED_EDGE('',*,*,#4362,.F.);
#4412 = ORIENTED_EDGE('',*,*,#1931,.F.);
#4413 = ADVANCED_FACE('',(#4414),#2188,.T.);
#4414 = FACE_BOUND('',#4415,.F.);
#4415 = EDGE_LOOP('',(#4416,#4417,#4418));
#4416 = ORIENTED_EDGE('',*,*,#2172,.F.);
#4417 = ORIENTED_EDGE('',*,*,#2275,.T.);
#4418 = ORIENTED_EDGE('',*,*,#4419,.F.);
#4419 = EDGE_CURVE('',#2173,#2248,#4420,.T.);
#4420 = SURFACE_CURVE('',#4421,(#4426,#4433),.PCURVE_S1.);
#4421 = CIRCLE('',#4422,0.762);
#4422 = AXIS2_PLACEMENT_3D('',#4423,#4424,#4425);
#4423 = CARTESIAN_POINT('',(-11.86537948294,4.421459901627,-6.9596));
#4424 = DIRECTION('',(-0.,0.,-1.));
#4425 = DIRECTION('',(-0.973831149347,0.227272727273,0.));
#4426 = PCURVE('',#2188,#4427);
#4427 = DEFINITIONAL_REPRESENTATION('',(#4428),#4432);
#4428 = LINE('',#4429,#4430);
#4429 = CARTESIAN_POINT('',(-0.,0.));
#4430 = VECTOR('',#4431,1.);
#4431 = DIRECTION('',(-1.,0.));
#4432 = ( GEOMETRIC_REPRESENTATION_CONTEXT(2) 
PARAMETRIC_REPRESENTATION_CONTEXT() REPRESENTATION_CONTEXT('2D SPACE',''
  ) );
#4433 = PCURVE('',#2846,#4434);
#4434 = DEFINITIONAL_REPRESENTATION('',(#4435),#4439);
#4435 = LINE('',#4436,#4437);
#4436 = CARTESIAN_POINT('',(-5.827942386484E-16,0.762));
#4437 = VECTOR('',#4438,1.);
#4438 = DIRECTION('',(-1.,0.));
#4439 = ( GEOMETRIC_REPRESENTATION_CONTEXT(2) 
PARAMETRIC_REPRESENTATION_CONTEXT() REPRESENTATION_CONTEXT('2D SPACE',''
  ) );
#4440 = ADVANCED_FACE('',(#4441),#2263,.F.);
#4441 = FACE_BOUND('',#4442,.F.);
#4442 = EDGE_LOOP('',(#4443,#4444,#4465,#4466));
#4443 = ORIENTED_EDGE('',*,*,#2247,.F.);
#4444 = ORIENTED_EDGE('',*,*,#4445,.T.);
#4445 = EDGE_CURVE('',#2226,#2941,#4446,.T.);
#4446 = SURFACE_CURVE('',#4447,(#4451,#4458),.PCURVE_S1.);
#4447 = LINE('',#4448,#4449);
#4448 = CARTESIAN_POINT('',(-3.024569125246,7.408305977785,-7.7216));
#4449 = VECTOR('',#4450,1.);
#4450 = DIRECTION('',(0.,0.,1.));
#4451 = PCURVE('',#2263,#4452);
#4452 = DEFINITIONAL_REPRESENTATION('',(#4453),#4457);
#4453 = LINE('',#4454,#4455);
#4454 = CARTESIAN_POINT('',(0.56071701985,0.));
#4455 = VECTOR('',#4456,1.);
#4456 = DIRECTION('',(0.,-1.));
#4457 = ( GEOMETRIC_REPRESENTATION_CONTEXT(2) 
PARAMETRIC_REPRESENTATION_CONTEXT() REPRESENTATION_CONTEXT('2D SPACE',''
  ) );
#4458 = PCURVE('',#2338,#4459);
#4459 = DEFINITIONAL_REPRESENTATION('',(#4460),#4464);
#4460 = LINE('',#4461,#4462);
#4461 = CARTESIAN_POINT('',(0.,0.));
#4462 = VECTOR('',#4463,1.);
#4463 = DIRECTION('',(0.,1.));
#4464 = ( GEOMETRIC_REPRESENTATION_CONTEXT(2) 
PARAMETRIC_REPRESENTATION_CONTEXT() REPRESENTATION_CONTEXT('2D SPACE',''
  ) );
#4465 = ORIENTED_EDGE('',*,*,#2962,.T.);
#4466 = ORIENTED_EDGE('',*,*,#4467,.F.);
#4467 = EDGE_CURVE('',#2248,#2963,#4468,.T.);
#4468 = SURFACE_CURVE('',#4469,(#4473,#4480),.PCURVE_S1.);
#4469 = LINE('',#4470,#4471);
#4470 = CARTESIAN_POINT('',(-12.04951237221,5.160877969495,-7.7216));
#4471 = VECTOR('',#4472,1.);
#4472 = DIRECTION('',(0.,0.,1.));
#4473 = PCURVE('',#2263,#4474);
#4474 = DEFINITIONAL_REPRESENTATION('',(#4475),#4479);
#4475 = LINE('',#4476,#4477);
#4476 = CARTESIAN_POINT('',(9.861283307093,0.));
#4477 = VECTOR('',#4478,1.);
#4478 = DIRECTION('',(0.,-1.));
#4479 = ( GEOMETRIC_REPRESENTATION_CONTEXT(2) 
PARAMETRIC_REPRESENTATION_CONTEXT() REPRESENTATION_CONTEXT('2D SPACE',''
  ) );
#4480 = PCURVE('',#2846,#4481);
#4481 = DEFINITIONAL_REPRESENTATION('',(#4482),#4486);
#4482 = LINE('',#4483,#4484);
#4483 = CARTESIAN_POINT('',(-1.097460202969,0.));
#4484 = VECTOR('',#4485,1.);
#4485 = DIRECTION('',(-0.,1.));
#4486 = ( GEOMETRIC_REPRESENTATION_CONTEXT(2) 
PARAMETRIC_REPRESENTATION_CONTEXT() REPRESENTATION_CONTEXT('2D SPACE',''
  ) );
#4487 = ADVANCED_FACE('',(#4488),#2338,.F.);
#4488 = FACE_BOUND('',#4489,.F.);
#4489 = EDGE_LOOP('',(#4490,#4491,#4492,#4513));
#4490 = ORIENTED_EDGE('',*,*,#4445,.F.);
#4491 = ORIENTED_EDGE('',*,*,#2323,.T.);
#4492 = ORIENTED_EDGE('',*,*,#4493,.T.);
#4493 = EDGE_CURVE('',#2302,#3012,#4494,.T.);
#4494 = SURFACE_CURVE('',#4495,(#4499,#4506),.PCURVE_S1.);
#4495 = LINE('',#4496,#4497);
#4496 = CARTESIAN_POINT('',(-2.447982045337,8.103575110313,-7.7216));
#4497 = VECTOR('',#4498,1.);
#4498 = DIRECTION('',(0.,0.,1.));
#4499 = PCURVE('',#2338,#4500);
#4500 = DEFINITIONAL_REPRESENTATION('',(#4501),#4505);
#4501 = LINE('',#4502,#4503);
#4502 = CARTESIAN_POINT('',(1.268765706877,0.));
#4503 = VECTOR('',#4504,1.);
#4504 = DIRECTION('',(0.,1.));
#4505 = ( GEOMETRIC_REPRESENTATION_CONTEXT(2) 
PARAMETRIC_REPRESENTATION_CONTEXT() REPRESENTATION_CONTEXT('2D SPACE',''
  ) );
#4506 = PCURVE('',#2394,#4507);
#4507 = DEFINITIONAL_REPRESENTATION('',(#4508),#4512);
#4508 = LINE('',#4509,#4510);
#4509 = CARTESIAN_POINT('',(21.701680033126,0.));
#4510 = VECTOR('',#4511,1.);
#4511 = DIRECTION('',(0.,-1.));
#4512 = ( GEOMETRIC_REPRESENTATION_CONTEXT(2) 
PARAMETRIC_REPRESENTATION_CONTEXT() REPRESENTATION_CONTEXT('2D SPACE',''
  ) );
#4513 = ORIENTED_EDGE('',*,*,#3033,.F.);
#4514 = ADVANCED_FACE('',(#4515),#2369,.T.);
#4515 = FACE_BOUND('',#4516,.F.);
#4516 = EDGE_LOOP('',(#4517,#4518,#4519));
#4517 = ORIENTED_EDGE('',*,*,#2353,.F.);
#4518 = ORIENTED_EDGE('',*,*,#2466,.T.);
#4519 = ORIENTED_EDGE('',*,*,#4520,.F.);
#4520 = EDGE_CURVE('',#2354,#2439,#4521,.T.);
#4521 = SURFACE_CURVE('',#4522,(#4527,#4534),.PCURVE_S1.);
#4522 = CIRCLE('',#4523,0.762);
#4523 = AXIS2_PLACEMENT_3D('',#4524,#4525,#4526);
#4524 = CARTESIAN_POINT('',(-0.471566038184,29.0068,-6.9596));
#4525 = DIRECTION('',(-0.,0.,-1.));
#4526 = DIRECTION('',(-0.998320169527,5.793823535402E-02,0.));
#4527 = PCURVE('',#2369,#4528);
#4528 = DEFINITIONAL_REPRESENTATION('',(#4529),#4533);
#4529 = LINE('',#4530,#4531);
#4530 = CARTESIAN_POINT('',(-0.,0.));
#4531 = VECTOR('',#4532,1.);
#4532 = DIRECTION('',(-1.,0.));
#4533 = ( GEOMETRIC_REPRESENTATION_CONTEXT(2) 
PARAMETRIC_REPRESENTATION_CONTEXT() REPRESENTATION_CONTEXT('2D SPACE',''
  ) );
#4534 = PCURVE('',#4535,#4540);
#4535 = CYLINDRICAL_SURFACE('',#4536,0.762);
#4536 = AXIS2_PLACEMENT_3D('',#4537,#4538,#4539);
#4537 = CARTESIAN_POINT('',(-0.471566038184,29.0068,-7.7216));
#4538 = DIRECTION('',(0.,0.,1.));
#4539 = DIRECTION('',(-0.998320169527,5.793823535402E-02,0.));
#4540 = DEFINITIONAL_REPRESENTATION('',(#4541),#4545);
#4541 = LINE('',#4542,#4543);
#4542 = CARTESIAN_POINT('',(-0.,0.762));
#4543 = VECTOR('',#4544,1.);
#4544 = DIRECTION('',(-1.,0.));
#4545 = ( GEOMETRIC_REPRESENTATION_CONTEXT(2) 
PARAMETRIC_REPRESENTATION_CONTEXT() REPRESENTATION_CONTEXT('2D SPACE',''
  ) );
#4546 = ADVANCED_FACE('',(#4547),#2394,.F.);
#4547 = FACE_BOUND('',#4548,.F.);
#4548 = EDGE_LOOP('',(#4549,#4550,#4571,#4572));
#4549 = ORIENTED_EDGE('',*,*,#2380,.F.);
#4550 = ORIENTED_EDGE('',*,*,#4551,.T.);
#4551 = EDGE_CURVE('',#2354,#3059,#4552,.T.);
#4552 = SURFACE_CURVE('',#4553,(#4557,#4564),.PCURVE_S1.);
#4553 = LINE('',#4554,#4555);
#4554 = CARTESIAN_POINT('',(-1.232286007363,29.05094893534,-7.7216));
#4555 = VECTOR('',#4556,1.);
#4556 = DIRECTION('',(0.,0.,1.));
#4557 = PCURVE('',#2394,#4558);
#4558 = DEFINITIONAL_REPRESENTATION('',(#4559),#4563);
#4559 = LINE('',#4560,#4561);
#4560 = CARTESIAN_POINT('',(0.719058961816,0.));
#4561 = VECTOR('',#4562,1.);
#4562 = DIRECTION('',(0.,-1.));
#4563 = ( GEOMETRIC_REPRESENTATION_CONTEXT(2) 
PARAMETRIC_REPRESENTATION_CONTEXT() REPRESENTATION_CONTEXT('2D SPACE',''
  ) );
#4564 = PCURVE('',#4535,#4565);
#4565 = DEFINITIONAL_REPRESENTATION('',(#4566),#4570);
#4566 = LINE('',#4567,#4568);
#4567 = CARTESIAN_POINT('',(-0.,0.));
#4568 = VECTOR('',#4569,1.);
#4569 = DIRECTION('',(-0.,1.));
#4570 = ( GEOMETRIC_REPRESENTATION_CONTEXT(2) 
PARAMETRIC_REPRESENTATION_CONTEXT() REPRESENTATION_CONTEXT('2D SPACE',''
  ) );
#4571 = ORIENTED_EDGE('',*,*,#3085,.T.);
#4572 = ORIENTED_EDGE('',*,*,#4493,.F.);
#4573 = ADVANCED_FACE('',(#4574),#2427,.T.);
#4574 = FACE_BOUND('',#4575,.F.);
#4575 = EDGE_LOOP('',(#4576,#4577,#4578));
#4576 = ORIENTED_EDGE('',*,*,#2411,.F.);
#4577 = ORIENTED_EDGE('',*,*,#2614,.T.);
#4578 = ORIENTED_EDGE('',*,*,#4579,.F.);
#4579 = EDGE_CURVE('',#2412,#2587,#4580,.T.);
#4580 = SURFACE_CURVE('',#4581,(#4586,#4593),.PCURVE_S1.);
#4581 = CIRCLE('',#4582,0.762);
#4582 = AXIS2_PLACEMENT_3D('',#4583,#4584,#4585);
#4583 = CARTESIAN_POINT('',(0.471566038184,29.0068,-6.9596));
#4584 = DIRECTION('',(0.,-0.,-1.));
#4585 = DIRECTION('',(0.,1.,-0.));
#4586 = PCURVE('',#2427,#4587);
#4587 = DEFINITIONAL_REPRESENTATION('',(#4588),#4592);
#4588 = LINE('',#4589,#4590);
#4589 = CARTESIAN_POINT('',(-0.,0.));
#4590 = VECTOR('',#4591,1.);
#4591 = DIRECTION('',(-1.,0.));
#4592 = ( GEOMETRIC_REPRESENTATION_CONTEXT(2) 
PARAMETRIC_REPRESENTATION_CONTEXT() REPRESENTATION_CONTEXT('2D SPACE',''
  ) );
#4593 = PCURVE('',#4594,#4599);
#4594 = CYLINDRICAL_SURFACE('',#4595,0.762);
#4595 = AXIS2_PLACEMENT_3D('',#4596,#4597,#4598);
#4596 = CARTESIAN_POINT('',(0.471566038184,29.0068,-7.7216));
#4597 = DIRECTION('',(0.,0.,1.));
#4598 = DIRECTION('',(-0.,1.,0.));
#4599 = DEFINITIONAL_REPRESENTATION('',(#4600),#4604);
#4600 = LINE('',#4601,#4602);
#4601 = CARTESIAN_POINT('',(-0.,0.762));
#4602 = VECTOR('',#4603,1.);
#4603 = DIRECTION('',(-1.,0.));
#4604 = ( GEOMETRIC_REPRESENTATION_CONTEXT(2) 
PARAMETRIC_REPRESENTATION_CONTEXT() REPRESENTATION_CONTEXT('2D SPACE',''
  ) );
#4605 = ADVANCED_FACE('',(#4606),#2454,.F.);
#4606 = FACE_BOUND('',#4607,.F.);
#4607 = EDGE_LOOP('',(#4608,#4609,#4630,#4631));
#4608 = ORIENTED_EDGE('',*,*,#2438,.F.);
#4609 = ORIENTED_EDGE('',*,*,#4610,.T.);
#4610 = EDGE_CURVE('',#2412,#3112,#4611,.T.);
#4611 = SURFACE_CURVE('',#4612,(#4616,#4623),.PCURVE_S1.);
#4612 = LINE('',#4613,#4614);
#4613 = CARTESIAN_POINT('',(0.471566038184,29.7688,-7.7216));
#4614 = VECTOR('',#4615,1.);
#4615 = DIRECTION('',(0.,0.,1.));
#4616 = PCURVE('',#2454,#4617);
#4617 = DEFINITIONAL_REPRESENTATION('',(#4618),#4622);
#4618 = LINE('',#4619,#4620);
#4619 = CARTESIAN_POINT('',(0.719058961816,0.));
#4620 = VECTOR('',#4621,1.);
#4621 = DIRECTION('',(0.,-1.));
#4622 = ( GEOMETRIC_REPRESENTATION_CONTEXT(2) 
PARAMETRIC_REPRESENTATION_CONTEXT() REPRESENTATION_CONTEXT('2D SPACE',''
  ) );
#4623 = PCURVE('',#4594,#4624);
#4624 = DEFINITIONAL_REPRESENTATION('',(#4625),#4629);
#4625 = LINE('',#4626,#4627);
#4626 = CARTESIAN_POINT('',(-0.,0.));
#4627 = VECTOR('',#4628,1.);
#4628 = DIRECTION('',(-0.,1.));
#4629 = ( GEOMETRIC_REPRESENTATION_CONTEXT(2) 
PARAMETRIC_REPRESENTATION_CONTEXT() REPRESENTATION_CONTEXT('2D SPACE',''
  ) );
#4630 = ORIENTED_EDGE('',*,*,#3138,.T.);
#4631 = ORIENTED_EDGE('',*,*,#4632,.F.);
#4632 = EDGE_CURVE('',#2439,#3139,#4633,.T.);
#4633 = SURFACE_CURVE('',#4634,(#4638,#4645),.PCURVE_S1.);
#4634 = LINE('',#4635,#4636);
#4635 = CARTESIAN_POINT('',(-0.471566038184,29.7688,-7.7216));
#4636 = VECTOR('',#4637,1.);
#4637 = DIRECTION('',(0.,0.,1.));
#4638 = PCURVE('',#2454,#4639);
#4639 = DEFINITIONAL_REPRESENTATION('',(#4640),#4644);
#4640 = LINE('',#4641,#4642);
#4641 = CARTESIAN_POINT('',(1.662191038184,0.));
#4642 = VECTOR('',#4643,1.);
#4643 = DIRECTION('',(0.,-1.));
#4644 = ( GEOMETRIC_REPRESENTATION_CONTEXT(2) 
PARAMETRIC_REPRESENTATION_CONTEXT() REPRESENTATION_CONTEXT('2D SPACE',''
  ) );
#4645 = PCURVE('',#4535,#4646);
#4646 = DEFINITIONAL_REPRESENTATION('',(#4647),#4651);
#4647 = LINE('',#4648,#4649);
#4648 = CARTESIAN_POINT('',(-1.512825627488,0.));
#4649 = VECTOR('',#4650,1.);
#4650 = DIRECTION('',(-0.,1.));
#4651 = ( GEOMETRIC_REPRESENTATION_CONTEXT(2) 
PARAMETRIC_REPRESENTATION_CONTEXT() REPRESENTATION_CONTEXT('2D SPACE',''
  ) );
#4652 = ADVANCED_FACE('',(#4653),#2528,.F.);
#4653 = FACE_BOUND('',#4654,.F.);
#4654 = EDGE_LOOP('',(#4655,#4656,#4657,#4658));
#4655 = ORIENTED_EDGE('',*,*,#2512,.F.);
#4656 = ORIENTED_EDGE('',*,*,#2700,.T.);
#4657 = ORIENTED_EDGE('',*,*,#3186,.T.);
#4658 = ORIENTED_EDGE('',*,*,#4659,.F.);
#4659 = EDGE_CURVE('',#2513,#3187,#4660,.T.);
#4660 = SURFACE_CURVE('',#4661,(#4665,#4672),.PCURVE_S1.);
#4661 = LINE('',#4662,#4663);
#4662 = CARTESIAN_POINT('',(3.024569125246,7.408305977785,-7.7216));
#4663 = VECTOR('',#4664,1.);
#4664 = DIRECTION('',(0.,0.,1.));
#4665 = PCURVE('',#2528,#4666);
#4666 = DEFINITIONAL_REPRESENTATION('',(#4667),#4671);
#4667 = LINE('',#4668,#4669);
#4668 = CARTESIAN_POINT('',(9.766422089722,0.));
#4669 = VECTOR('',#4670,1.);
#4670 = DIRECTION('',(0.,-1.));
#4671 = ( GEOMETRIC_REPRESENTATION_CONTEXT(2) 
PARAMETRIC_REPRESENTATION_CONTEXT() REPRESENTATION_CONTEXT('2D SPACE',''
  ) );
#4672 = PCURVE('',#2656,#4673);
#4673 = DEFINITIONAL_REPRESENTATION('',(#4674),#4678);
#4674 = LINE('',#4675,#4676);
#4675 = CARTESIAN_POINT('',(1.268765706877,0.));
#4676 = VECTOR('',#4677,1.);
#4677 = DIRECTION('',(0.,1.));
#4678 = ( GEOMETRIC_REPRESENTATION_CONTEXT(2) 
PARAMETRIC_REPRESENTATION_CONTEXT() REPRESENTATION_CONTEXT('2D SPACE',''
  ) );
#4679 = ADVANCED_FACE('',(#4680),#2602,.F.);
#4680 = FACE_BOUND('',#4681,.F.);
#4681 = EDGE_LOOP('',(#4682,#4683,#4704,#4705));
#4682 = ORIENTED_EDGE('',*,*,#2586,.F.);
#4683 = ORIENTED_EDGE('',*,*,#4684,.T.);
#4684 = EDGE_CURVE('',#2565,#3234,#4685,.T.);
#4685 = SURFACE_CURVE('',#4686,(#4690,#4697),.PCURVE_S1.);
#4686 = LINE('',#4687,#4688);
#4687 = CARTESIAN_POINT('',(2.447982045337,8.103575110313,-7.7216));
#4688 = VECTOR('',#4689,1.);
#4689 = DIRECTION('',(0.,0.,1.));
#4690 = PCURVE('',#2602,#4691);
#4691 = DEFINITIONAL_REPRESENTATION('',(#4692),#4696);
#4692 = LINE('',#4693,#4694);
#4693 = CARTESIAN_POINT('',(0.56071701985,0.));
#4694 = VECTOR('',#4695,1.);
#4695 = DIRECTION('',(0.,-1.));
#4696 = ( GEOMETRIC_REPRESENTATION_CONTEXT(2) 
PARAMETRIC_REPRESENTATION_CONTEXT() REPRESENTATION_CONTEXT('2D SPACE',''
  ) );
#4697 = PCURVE('',#2656,#4698);
#4698 = DEFINITIONAL_REPRESENTATION('',(#4699),#4703);
#4699 = LINE('',#4700,#4701);
#4700 = CARTESIAN_POINT('',(0.,0.));
#4701 = VECTOR('',#4702,1.);
#4702 = DIRECTION('',(0.,1.));
#4703 = ( GEOMETRIC_REPRESENTATION_CONTEXT(2) 
PARAMETRIC_REPRESENTATION_CONTEXT() REPRESENTATION_CONTEXT('2D SPACE',''
  ) );
#4704 = ORIENTED_EDGE('',*,*,#3255,.T.);
#4705 = ORIENTED_EDGE('',*,*,#4706,.F.);
#4706 = EDGE_CURVE('',#2587,#3256,#4707,.T.);
#4707 = SURFACE_CURVE('',#4708,(#4712,#4719),.PCURVE_S1.);
#4708 = LINE('',#4709,#4710);
#4709 = CARTESIAN_POINT('',(1.232286007363,29.05094893534,-7.7216));
#4710 = VECTOR('',#4711,1.);
#4711 = DIRECTION('',(0.,0.,1.));
#4712 = PCURVE('',#2602,#4713);
#4713 = DEFINITIONAL_REPRESENTATION('',(#4714),#4718);
#4714 = LINE('',#4715,#4716);
#4715 = CARTESIAN_POINT('',(21.543338091159,0.));
#4716 = VECTOR('',#4717,1.);
#4717 = DIRECTION('',(0.,-1.));
#4718 = ( GEOMETRIC_REPRESENTATION_CONTEXT(2) 
PARAMETRIC_REPRESENTATION_CONTEXT() REPRESENTATION_CONTEXT('2D SPACE',''
  ) );
#4719 = PCURVE('',#4594,#4720);
#4720 = DEFINITIONAL_REPRESENTATION('',(#4721),#4725);
#4721 = LINE('',#4722,#4723);
#4722 = CARTESIAN_POINT('',(-1.512825627488,0.));
#4723 = VECTOR('',#4724,1.);
#4724 = DIRECTION('',(-0.,1.));
#4725 = ( GEOMETRIC_REPRESENTATION_CONTEXT(2) 
PARAMETRIC_REPRESENTATION_CONTEXT() REPRESENTATION_CONTEXT('2D SPACE',''
  ) );
#4726 = ADVANCED_FACE('',(#4727),#2656,.F.);
#4727 = FACE_BOUND('',#4728,.F.);
#4728 = EDGE_LOOP('',(#4729,#4730,#4731,#4732));
#4729 = ORIENTED_EDGE('',*,*,#4684,.F.);
#4730 = ORIENTED_EDGE('',*,*,#2641,.T.);
#4731 = ORIENTED_EDGE('',*,*,#4659,.T.);
#4732 = ORIENTED_EDGE('',*,*,#3305,.F.);
#4733 = ADVANCED_FACE('',(#4734),#2786,.F.);
#4734 = FACE_BOUND('',#4735,.F.);
#4735 = EDGE_LOOP('',(#4736));
#4736 = ORIENTED_EDGE('',*,*,#2771,.T.);
#4737 = ADVANCED_FACE('',(#4738),#2846,.T.);
#4738 = FACE_BOUND('',#4739,.F.);
#4739 = EDGE_LOOP('',(#4740,#4741,#4742,#4743));
#4740 = ORIENTED_EDGE('',*,*,#2830,.F.);
#4741 = ORIENTED_EDGE('',*,*,#4419,.T.);
#4742 = ORIENTED_EDGE('',*,*,#4467,.T.);
#4743 = ORIENTED_EDGE('',*,*,#4744,.F.);
#4744 = EDGE_CURVE('',#2831,#2963,#4745,.T.);
#4745 = SURFACE_CURVE('',#4746,(#4751,#4758),.PCURVE_S1.);
#4746 = CIRCLE('',#4747,0.762);
#4747 = AXIS2_PLACEMENT_3D('',#4748,#4749,#4750);
#4748 = CARTESIAN_POINT('',(-11.86537948294,4.421459901627,6.9596));
#4749 = DIRECTION('',(-0.,0.,-1.));
#4750 = DIRECTION('',(-0.973831149347,0.227272727273,0.));
#4751 = PCURVE('',#2846,#4752);
#4752 = DEFINITIONAL_REPRESENTATION('',(#4753),#4757);
#4753 = LINE('',#4754,#4755);
#4754 = CARTESIAN_POINT('',(-5.827942386484E-16,14.6812));
#4755 = VECTOR('',#4756,1.);
#4756 = DIRECTION('',(-1.,0.));
#4757 = ( GEOMETRIC_REPRESENTATION_CONTEXT(2) 
PARAMETRIC_REPRESENTATION_CONTEXT() REPRESENTATION_CONTEXT('2D SPACE',''
  ) );
#4758 = PCURVE('',#2896,#4759);
#4759 = DEFINITIONAL_REPRESENTATION('',(#4760),#4764);
#4760 = LINE('',#4761,#4762);
#4761 = CARTESIAN_POINT('',(0.,0.));
#4762 = VECTOR('',#4763,1.);
#4763 = DIRECTION('',(1.,0.));
#4764 = ( GEOMETRIC_REPRESENTATION_CONTEXT(2) 
PARAMETRIC_REPRESENTATION_CONTEXT() REPRESENTATION_CONTEXT('2D SPACE',''
  ) );
#4765 = ADVANCED_FACE('',(#4766),#2896,.T.);
#4766 = FACE_BOUND('',#4767,.T.);
#4767 = EDGE_LOOP('',(#4768,#4769,#4770));
#4768 = ORIENTED_EDGE('',*,*,#2882,.F.);
#4769 = ORIENTED_EDGE('',*,*,#2985,.T.);
#4770 = ORIENTED_EDGE('',*,*,#4744,.F.);
#4771 = ADVANCED_FACE('',(#4772),#3074,.T.);
#4772 = FACE_BOUND('',#4773,.T.);
#4773 = EDGE_LOOP('',(#4774,#4775,#4776));
#4774 = ORIENTED_EDGE('',*,*,#3058,.F.);
#4775 = ORIENTED_EDGE('',*,*,#3161,.T.);
#4776 = ORIENTED_EDGE('',*,*,#4777,.F.);
#4777 = EDGE_CURVE('',#3059,#3139,#4778,.T.);
#4778 = SURFACE_CURVE('',#4779,(#4784,#4791),.PCURVE_S1.);
#4779 = CIRCLE('',#4780,0.762);
#4780 = AXIS2_PLACEMENT_3D('',#4781,#4782,#4783);
#4781 = CARTESIAN_POINT('',(-0.471566038184,29.0068,6.9596));
#4782 = DIRECTION('',(-0.,0.,-1.));
#4783 = DIRECTION('',(-0.998320169527,5.793823535402E-02,0.));
#4784 = PCURVE('',#3074,#4785);
#4785 = DEFINITIONAL_REPRESENTATION('',(#4786),#4790);
#4786 = LINE('',#4787,#4788);
#4787 = CARTESIAN_POINT('',(0.,0.));
#4788 = VECTOR('',#4789,1.);
#4789 = DIRECTION('',(1.,0.));
#4790 = ( GEOMETRIC_REPRESENTATION_CONTEXT(2) 
PARAMETRIC_REPRESENTATION_CONTEXT() REPRESENTATION_CONTEXT('2D SPACE',''
  ) );
#4791 = PCURVE('',#4535,#4792);
#4792 = DEFINITIONAL_REPRESENTATION('',(#4793),#4797);
#4793 = LINE('',#4794,#4795);
#4794 = CARTESIAN_POINT('',(-0.,14.6812));
#4795 = VECTOR('',#4796,1.);
#4796 = DIRECTION('',(-1.,0.));
#4797 = ( GEOMETRIC_REPRESENTATION_CONTEXT(2) 
PARAMETRIC_REPRESENTATION_CONTEXT() REPRESENTATION_CONTEXT('2D SPACE',''
  ) );
#4798 = ADVANCED_FACE('',(#4799),#3127,.T.);
#4799 = FACE_BOUND('',#4800,.T.);
#4800 = EDGE_LOOP('',(#4801,#4802,#4803));
#4801 = ORIENTED_EDGE('',*,*,#3111,.F.);
#4802 = ORIENTED_EDGE('',*,*,#3278,.T.);
#4803 = ORIENTED_EDGE('',*,*,#4804,.F.);
#4804 = EDGE_CURVE('',#3112,#3256,#4805,.T.);
#4805 = SURFACE_CURVE('',#4806,(#4811,#4818),.PCURVE_S1.);
#4806 = CIRCLE('',#4807,0.762);
#4807 = AXIS2_PLACEMENT_3D('',#4808,#4809,#4810);
#4808 = CARTESIAN_POINT('',(0.471566038184,29.0068,6.9596));
#4809 = DIRECTION('',(0.,-0.,-1.));
#4810 = DIRECTION('',(0.,1.,-0.));
#4811 = PCURVE('',#3127,#4812);
#4812 = DEFINITIONAL_REPRESENTATION('',(#4813),#4817);
#4813 = LINE('',#4814,#4815);
#4814 = CARTESIAN_POINT('',(0.,0.));
#4815 = VECTOR('',#4816,1.);
#4816 = DIRECTION('',(1.,0.));
#4817 = ( GEOMETRIC_REPRESENTATION_CONTEXT(2) 
PARAMETRIC_REPRESENTATION_CONTEXT() REPRESENTATION_CONTEXT('2D SPACE',''
  ) );
#4818 = PCURVE('',#4594,#4819);
#4819 = DEFINITIONAL_REPRESENTATION('',(#4820),#4824);
#4820 = LINE('',#4821,#4822);
#4821 = CARTESIAN_POINT('',(-0.,14.6812));
#4822 = VECTOR('',#4823,1.);
#4823 = DIRECTION('',(-1.,0.));
#4824 = ( GEOMETRIC_REPRESENTATION_CONTEXT(2) 
PARAMETRIC_REPRESENTATION_CONTEXT() REPRESENTATION_CONTEXT('2D SPACE',''
  ) );
#4825 = ADVANCED_FACE('',(#4826),#3493,.F.);
#4826 = FACE_BOUND('',#4827,.T.);
#4827 = EDGE_LOOP('',(#4828,#4829,#4830,#4831,#4832,#4860));
#4828 = ORIENTED_EDGE('',*,*,#3757,.T.);
#4829 = ORIENTED_EDGE('',*,*,#3407,.T.);
#4830 = ORIENTED_EDGE('',*,*,#3571,.T.);
#4831 = ORIENTED_EDGE('',*,*,#3829,.T.);
#4832 = ORIENTED_EDGE('',*,*,#4833,.F.);
#4833 = EDGE_CURVE('',#4834,#3804,#4836,.T.);
#4834 = VERTEX_POINT('',#4835);
#4835 = CARTESIAN_POINT('',(1.5875,13.208,-3.E-15));
#4836 = SURFACE_CURVE('',#4837,(#4842,#4849),.PCURVE_S1.);
#4837 = CIRCLE('',#4838,1.5875);
#4838 = AXIS2_PLACEMENT_3D('',#4839,#4840,#4841);
#4839 = CARTESIAN_POINT('',(0.,13.208,-3.E-15));
#4840 = DIRECTION('',(0.,-1.,0.));
#4841 = DIRECTION('',(1.,0.,0.));
#4842 = PCURVE('',#3493,#4843);
#4843 = DEFINITIONAL_REPRESENTATION('',(#4844),#4848);
#4844 = LINE('',#4845,#4846);
#4845 = CARTESIAN_POINT('',(-0.,0.));
#4846 = VECTOR('',#4847,1.);
#4847 = DIRECTION('',(-1.,0.));
#4848 = ( GEOMETRIC_REPRESENTATION_CONTEXT(2) 
PARAMETRIC_REPRESENTATION_CONTEXT() REPRESENTATION_CONTEXT('2D SPACE',''
  ) );
#4849 = PCURVE('',#3818,#4850);
#4850 = DEFINITIONAL_REPRESENTATION('',(#4851),#4859);
#4851 = ( BOUNDED_CURVE() B_SPLINE_CURVE(2,(#4852,#4853,#4854,#4855,
#4856,#4857,#4858),.UNSPECIFIED.,.T.,.F.) B_SPLINE_CURVE_WITH_KNOTS((1,2
    ,2,2,2,1),(-2.094395102393,0.,2.094395102393,4.188790204786,
6.28318530718,8.377580409573),.UNSPECIFIED.) CURVE() 
GEOMETRIC_REPRESENTATION_ITEM() RATIONAL_B_SPLINE_CURVE((1.,0.5,1.,0.5,
1.,0.5,1.)) REPRESENTATION_ITEM('') );
#4852 = CARTESIAN_POINT('',(-1.9E-16,1.5875));
#4853 = CARTESIAN_POINT('',(2.749630657016,1.5875));
#4854 = CARTESIAN_POINT('',(1.374815328508,-0.79375));
#4855 = CARTESIAN_POINT('',(1.988253587293E-16,-3.175));
#4856 = CARTESIAN_POINT('',(-1.374815328508,-0.79375));
#4857 = CARTESIAN_POINT('',(-2.749630657016,1.5875));
#4858 = CARTESIAN_POINT('',(-1.9E-16,1.5875));
#4859 = ( GEOMETRIC_REPRESENTATION_CONTEXT(2) 
PARAMETRIC_REPRESENTATION_CONTEXT() REPRESENTATION_CONTEXT('2D SPACE',''
  ) );
#4860 = ORIENTED_EDGE('',*,*,#4861,.F.);
#4861 = EDGE_CURVE('',#3758,#4834,#4862,.T.);
#4862 = SURFACE_CURVE('',#4863,(#4868,#4875),.PCURVE_S1.);
#4863 = CIRCLE('',#4864,1.5875);
#4864 = AXIS2_PLACEMENT_3D('',#4865,#4866,#4867);
#4865 = CARTESIAN_POINT('',(0.,13.208,-3.E-15));
#4866 = DIRECTION('',(0.,-1.,0.));
#4867 = DIRECTION('',(1.,0.,0.));
#4868 = PCURVE('',#3493,#4869);
#4869 = DEFINITIONAL_REPRESENTATION('',(#4870),#4874);
#4870 = LINE('',#4871,#4872);
#4871 = CARTESIAN_POINT('',(6.28318530718,-0.));
#4872 = VECTOR('',#4873,1.);
#4873 = DIRECTION('',(-1.,0.));
#4874 = ( GEOMETRIC_REPRESENTATION_CONTEXT(2) 
PARAMETRIC_REPRESENTATION_CONTEXT() REPRESENTATION_CONTEXT('2D SPACE',''
  ) );
#4875 = PCURVE('',#3818,#4876);
#4876 = DEFINITIONAL_REPRESENTATION('',(#4877),#4885);
#4877 = ( BOUNDED_CURVE() B_SPLINE_CURVE(2,(#4878,#4879,#4880,#4881,
#4882,#4883,#4884),.UNSPECIFIED.,.T.,.F.) B_SPLINE_CURVE_WITH_KNOTS((1,2
    ,2,2,2,1),(-2.094395102393,0.,2.094395102393,4.188790204786,
6.28318530718,8.377580409573),.UNSPECIFIED.) CURVE() 
GEOMETRIC_REPRESENTATION_ITEM() RATIONAL_B_SPLINE_CURVE((1.,0.5,1.,0.5,
1.,0.5,1.)) REPRESENTATION_ITEM('') );
#4878 = CARTESIAN_POINT('',(-1.9E-16,1.5875));
#4879 = CARTESIAN_POINT('',(2.749630657016,1.5875));
#4880 = CARTESIAN_POINT('',(1.374815328508,-0.79375));
#4881 = CARTESIAN_POINT('',(1.988253587293E-16,-3.175));
#4882 = CARTESIAN_POINT('',(-1.374815328508,-0.79375));
#4883 = CARTESIAN_POINT('',(-2.749630657016,1.5875));
#4884 = CARTESIAN_POINT('',(-1.9E-16,1.5875));
#4885 = ( GEOMETRIC_REPRESENTATION_CONTEXT(2) 
PARAMETRIC_REPRESENTATION_CONTEXT() REPRESENTATION_CONTEXT('2D SPACE',''
  ) );
#4886 = ADVANCED_FACE('',(#4887),#3818,.F.);
#4887 = FACE_BOUND('',#4888,.F.);
#4888 = EDGE_LOOP('',(#4889,#4890,#4891));
#4889 = ORIENTED_EDGE('',*,*,#4833,.F.);
#4890 = ORIENTED_EDGE('',*,*,#4861,.F.);
#4891 = ORIENTED_EDGE('',*,*,#3803,.F.);
#4892 = ADVANCED_FACE('',(#4893),#3963,.F.);
#4893 = FACE_BOUND('',#4894,.T.);
#4894 = EDGE_LOOP('',(#4895,#4921,#4922,#4923));
#4895 = ORIENTED_EDGE('',*,*,#4896,.F.);
#4896 = EDGE_CURVE('',#3947,#3979,#4897,.T.);
#4897 = SURFACE_CURVE('',#4898,(#4903,#4910),.PCURVE_S1.);
#4898 = CIRCLE('',#4899,1.5875);
#4899 = AXIS2_PLACEMENT_3D('',#4900,#4901,#4902);
#4900 = CARTESIAN_POINT('',(0.,13.208,-3.E-15));
#4901 = DIRECTION('',(0.,-1.,0.));
#4902 = DIRECTION('',(1.,0.,0.));
#4903 = PCURVE('',#3963,#4904);
#4904 = DEFINITIONAL_REPRESENTATION('',(#4905),#4909);
#4905 = LINE('',#4906,#4907);
#4906 = CARTESIAN_POINT('',(-0.,0.));
#4907 = VECTOR('',#4908,1.);
#4908 = DIRECTION('',(-1.,0.));
#4909 = ( GEOMETRIC_REPRESENTATION_CONTEXT(2) 
PARAMETRIC_REPRESENTATION_CONTEXT() REPRESENTATION_CONTEXT('2D SPACE',''
  ) );
#4910 = PCURVE('',#3993,#4911);
#4911 = DEFINITIONAL_REPRESENTATION('',(#4912),#4920);
#4912 = ( BOUNDED_CURVE() B_SPLINE_CURVE(2,(#4913,#4914,#4915,#4916,
#4917,#4918,#4919),.UNSPECIFIED.,.T.,.F.) B_SPLINE_CURVE_WITH_KNOTS((1,2
    ,2,2,2,1),(-2.094395102393,0.,2.094395102393,4.188790204786,
6.28318530718,8.377580409573),.UNSPECIFIED.) CURVE() 
GEOMETRIC_REPRESENTATION_ITEM() RATIONAL_B_SPLINE_CURVE((1.,0.5,1.,0.5,
1.,0.5,1.)) REPRESENTATION_ITEM('') );
#4913 = CARTESIAN_POINT('',(-1.9E-16,1.5875));
#4914 = CARTESIAN_POINT('',(2.749630657016,1.5875));
#4915 = CARTESIAN_POINT('',(1.374815328508,-0.79375));
#4916 = CARTESIAN_POINT('',(1.988253587293E-16,-3.175));
#4917 = CARTESIAN_POINT('',(-1.374815328508,-0.79375));
#4918 = CARTESIAN_POINT('',(-2.749630657016,1.5875));
#4919 = CARTESIAN_POINT('',(-1.9E-16,1.5875));
#4920 = ( GEOMETRIC_REPRESENTATION_CONTEXT(2) 
PARAMETRIC_REPRESENTATION_CONTEXT() REPRESENTATION_CONTEXT('2D SPACE',''
  ) );
#4921 = ORIENTED_EDGE('',*,*,#3946,.T.);
#4922 = ORIENTED_EDGE('',*,*,#4056,.T.);
#4923 = ORIENTED_EDGE('',*,*,#4004,.T.);
#4924 = ADVANCED_FACE('',(#4925),#3993,.F.);
#4925 = FACE_BOUND('',#4926,.F.);
#4926 = EDGE_LOOP('',(#4927,#4928));
#4927 = ORIENTED_EDGE('',*,*,#4896,.F.);
#4928 = ORIENTED_EDGE('',*,*,#3978,.F.);
#4929 = ADVANCED_FACE('',(#4930),#4400,.T.);
#4930 = FACE_BOUND('',#4931,.T.);
#4931 = EDGE_LOOP('',(#4932));
#4932 = ORIENTED_EDGE('',*,*,#4385,.T.);
#4933 = ADVANCED_FACE('',(#4934),#4535,.T.);
#4934 = FACE_BOUND('',#4935,.F.);
#4935 = EDGE_LOOP('',(#4936,#4937,#4938,#4939));
#4936 = ORIENTED_EDGE('',*,*,#4551,.F.);
#4937 = ORIENTED_EDGE('',*,*,#4520,.T.);
#4938 = ORIENTED_EDGE('',*,*,#4632,.T.);
#4939 = ORIENTED_EDGE('',*,*,#4777,.F.);
#4940 = ADVANCED_FACE('',(#4941),#4594,.T.);
#4941 = FACE_BOUND('',#4942,.F.);
#4942 = EDGE_LOOP('',(#4943,#4944,#4945,#4946));
#4943 = ORIENTED_EDGE('',*,*,#4610,.F.);
#4944 = ORIENTED_EDGE('',*,*,#4579,.T.);
#4945 = ORIENTED_EDGE('',*,*,#4706,.T.);
#4946 = ORIENTED_EDGE('',*,*,#4804,.F.);
#4947 = ( GEOMETRIC_REPRESENTATION_CONTEXT(3) 
GLOBAL_UNCERTAINTY_ASSIGNED_CONTEXT((#4951)) 
GLOBAL_UNIT_ASSIGNED_CONTEXT((#4948,#4949,#4950)) REPRESENTATION_CONTEXT
('Context #1','3D Context with UNIT and UNCERTAINTY') );
#4948 = ( LENGTH_UNIT() NAMED_UNIT(*) SI_UNIT(.MILLI.,.METRE.) );
#4949 = ( NAMED_UNIT(*) PLANE_ANGLE_UNIT() SI_UNIT($,.RADIAN.) );
#4950 = ( NAMED_UNIT(*) SI_UNIT($,.STERADIAN.) SOLID_ANGLE_UNIT() );
#4951 = UNCERTAINTY_MEASURE_WITH_UNIT(LENGTH_MEASURE(2.E-06),#4948,
  'distance_accuracy_value','confusion accuracy');
#4952 = PRODUCT_RELATED_PRODUCT_CATEGORY('part',$,(#7));
#4953 = MECHANICAL_DESIGN_GEOMETRIC_PRESENTATION_REPRESENTATION('',(
    #4954),#4947);
#4954 = STYLED_ITEM('color',(#4955),#15);
#4955 = PRESENTATION_STYLE_ASSIGNMENT((#4956,#4962));
#4956 = SURFACE_STYLE_USAGE(.BOTH.,#4957);
#4957 = SURFACE_SIDE_STYLE('',(#4958));
#4958 = SURFACE_STYLE_FILL_AREA(#4959);
#4959 = FILL_AREA_STYLE('',(#4960));
#4960 = FILL_AREA_STYLE_COLOUR('',#4961);
#4961 = COLOUR_RGB('',0.800000010877,0.800000010877,0.90196104065);
#4962 = CURVE_STYLE('',#4963,POSITIVE_LENGTH_MEASURE(0.1),#4964);
#4963 = DRAUGHTING_PRE_DEFINED_CURVE_FONT('continuous');
#4964 = COLOUR_RGB('',9.803921802644E-02,9.803921802644E-02,
  9.803921802644E-02);
ENDSEC;
END-ISO-10303-21;
