ISO-10303-21;
HEADER;
FILE_DESCRIPTION(('FreeCAD Model'),'2;1');
FILE_NAME('Open CASCADE Shape Model','2026-02-13T18:17:14',(''),(''),
  'Open CASCADE STEP processor 7.8','FreeCAD','Unknown');
FILE_SCHEMA(('AUTOMOTIVE_DESIGN { 1 0 10303 214 1 1 1 1 }'));
ENDSEC;
DATA;
#1 = APPLICATION_PROTOCOL_DEFINITION('international standard',
  'automotive_design',2000,#2);
#2 = APPLICATION_CONTEXT(
  'core data for automotive mechanical design processes');
#3 = SHAPE_DEFINITION_REPRESENTATION(#4,#10);
#4 = PRODUCT_DEFINITION_SHAPE('','',#5);
#5 = PRODUCT_DEFINITION('design','',#6,#9);
#6 = PRODUCT_DEFINITION_FORMATION('','',#7);
#7 = PRODUCT('Cut','Cut','',(#8));
#8 = PRODUCT_CONTEXT('',#2,'mechanical');
#9 = PRODUCT_DEFINITION_CONTEXT('part definition',#2,'design');
#10 = ADVANCED_BREP_SHAPE_REPRESENTATION('',(#11,#15),#3199);
#11 = AXIS2_PLACEMENT_3D('',#12,#13,#14);
#12 = CARTESIAN_POINT('',(0.,0.,0.));
#13 = DIRECTION('',(0.,0.,1.));
#14 = DIRECTION('',(1.,0.,-0.));
#15 = MANIFOLD_SOLID_BREP('',#16);
#16 = CLOSED_SHELL('',(#17,#344,#458,#722,#771,#983,#1085,#1221,#1492,
    #1541,#1758,#1813,#1840,#1867,#1894,#1921,#1948,#1955,#2010,#2037,
    #2062,#2089,#2416,#2520,#2693,#3037,#3062,#3069,#3073,#3077,#3109,
    #3114,#3175,#3181,#3190));
#17 = ADVANCED_FACE('',(#18),#32,.F.);
#18 = FACE_BOUND('',#19,.F.);
#19 = EDGE_LOOP('',(#20,#53,#81,#107,#133,#159,#182,#208,#235,#263,#291,
    #319));
#20 = ORIENTED_EDGE('',*,*,#21,.F.);
#21 = EDGE_CURVE('',#22,#24,#26,.T.);
#22 = VERTEX_POINT('',#23);
#23 = CARTESIAN_POINT('',(0.,-1.9812,-6.5484375));
#24 = VERTEX_POINT('',#25);
#25 = CARTESIAN_POINT('',(4.651198631898,-1.023600281668,-6.5484375));
#26 = SURFACE_CURVE('',#27,(#31,#42),.PCURVE_S1.);
#27 = LINE('',#28,#29);
#28 = CARTESIAN_POINT('',(0.195653775934,-1.940918340249,-6.5484375));
#29 = VECTOR('',#30,1.);
#30 = DIRECTION('',(0.979457043257,0.20165292067,-0.));
#31 = PCURVE('',#32,#37);
#32 = PLANE('',#33);
#33 = AXIS2_PLACEMENT_3D('',#34,#35,#36);
#34 = CARTESIAN_POINT('',(0.,-1.9812,-7.7216));
#35 = DIRECTION('',(-0.20165292067,0.979457043257,0.));
#36 = DIRECTION('',(0.979457043257,0.20165292067,0.));
#37 = DEFINITIONAL_REPRESENTATION('',(#38),#41);
#38 = B_SPLINE_CURVE_WITH_KNOTS('',1,(#39,#40),.UNSPECIFIED.,.F.,.F.,(2,
    2),(-0.199757383216,4.662630439495),.PIECEWISE_BEZIER_KNOTS.);
#39 = CARTESIAN_POINT('',(-5.551115123126E-17,-1.1731625));
#40 = CARTESIAN_POINT('',(4.862387822711,-1.1731625));
#41 = ( GEOMETRIC_REPRESENTATION_CONTEXT(2) 
PARAMETRIC_REPRESENTATION_CONTEXT() REPRESENTATION_CONTEXT('2D SPACE',''
  ) );
#42 = PCURVE('',#43,#48);
#43 = PLANE('',#44);
#44 = AXIS2_PLACEMENT_3D('',#45,#46,#47);
#45 = CARTESIAN_POINT('',(-1.167972403844E-16,5.42617187933E-16,
    -6.5484375));
#46 = DIRECTION('',(-0.,-0.,-1.));
#47 = DIRECTION('',(-1.,0.,0.));
#48 = DEFINITIONAL_REPRESENTATION('',(#49),#52);
#49 = B_SPLINE_CURVE_WITH_KNOTS('',1,(#50,#51),.UNSPECIFIED.,.F.,.F.,(2,
    2),(-0.199757383216,4.662630439495),.PIECEWISE_BEZIER_KNOTS.);
#50 = CARTESIAN_POINT('',(-5.551115123126E-17,-1.9812));
#51 = CARTESIAN_POINT('',(-4.7625,-1.000685294118));
#52 = ( GEOMETRIC_REPRESENTATION_CONTEXT(2) 
PARAMETRIC_REPRESENTATION_CONTEXT() REPRESENTATION_CONTEXT('2D SPACE',''
  ) );
#53 = ORIENTED_EDGE('',*,*,#54,.T.);
#54 = EDGE_CURVE('',#22,#55,#57,.T.);
#55 = VERTEX_POINT('',#56);
#56 = CARTESIAN_POINT('',(0.,-1.9812,-5.6896));
#57 = SURFACE_CURVE('',#58,(#62,#69),.PCURVE_S1.);
#58 = LINE('',#59,#60);
#59 = CARTESIAN_POINT('',(0.,-1.9812,-7.7216));
#60 = VECTOR('',#61,1.);
#61 = DIRECTION('',(0.,0.,1.));
#62 = PCURVE('',#32,#63);
#63 = DEFINITIONAL_REPRESENTATION('',(#64),#68);
#64 = LINE('',#65,#66);
#65 = CARTESIAN_POINT('',(-4.295517861096E-17,0.));
#66 = VECTOR('',#67,1.);
#67 = DIRECTION('',(0.,-1.));
#68 = ( GEOMETRIC_REPRESENTATION_CONTEXT(2) 
PARAMETRIC_REPRESENTATION_CONTEXT() REPRESENTATION_CONTEXT('2D SPACE',''
  ) );
#69 = PCURVE('',#70,#75);
#70 = PLANE('',#71);
#71 = AXIS2_PLACEMENT_3D('',#72,#73,#74);
#72 = CARTESIAN_POINT('',(-13.49375,0.796925,-7.7216));
#73 = DIRECTION('',(0.20165292067,0.979457043257,0.));
#74 = DIRECTION('',(0.979457043257,-0.20165292067,0.));
#75 = DEFINITIONAL_REPRESENTATION('',(#76),#80);
#76 = LINE('',#77,#78);
#77 = CARTESIAN_POINT('',(13.776765497682,0.));
#78 = VECTOR('',#79,1.);
#79 = DIRECTION('',(0.,-1.));
#80 = ( GEOMETRIC_REPRESENTATION_CONTEXT(2) 
PARAMETRIC_REPRESENTATION_CONTEXT() REPRESENTATION_CONTEXT('2D SPACE',''
  ) );
#81 = ORIENTED_EDGE('',*,*,#82,.F.);
#82 = EDGE_CURVE('',#83,#55,#85,.T.);
#83 = VERTEX_POINT('',#84);
#84 = CARTESIAN_POINT('',(11.46175,0.378572058824,-5.6896));
#85 = SURFACE_CURVE('',#86,(#90,#96),.PCURVE_S1.);
#86 = LINE('',#87,#88);
#87 = CARTESIAN_POINT('',(0.473601408214,-1.883693827721,-5.6896));
#88 = VECTOR('',#89,1.);
#89 = DIRECTION('',(-0.979457043257,-0.20165292067,0.));
#90 = PCURVE('',#32,#91);
#91 = DEFINITIONAL_REPRESENTATION('',(#92),#95);
#92 = B_SPLINE_CURVE_WITH_KNOTS('',1,(#93,#94),.UNSPECIFIED.,.F.,.F.,(2,
    2),(-11.21861205393,0.483534639395),.PIECEWISE_BEZIER_KNOTS.);
#93 = CARTESIAN_POINT('',(11.702146693325,-2.032));
#94 = CARTESIAN_POINT('',(-5.551115123126E-17,-2.032));
#95 = ( GEOMETRIC_REPRESENTATION_CONTEXT(2) 
PARAMETRIC_REPRESENTATION_CONTEXT() REPRESENTATION_CONTEXT('2D SPACE',''
  ) );
#96 = PCURVE('',#97,#102);
#97 = PLANE('',#98);
#98 = AXIS2_PLACEMENT_3D('',#99,#100,#101);
#99 = CARTESIAN_POINT('',(-9.248676150451E-16,2.814511738633,-5.6896));
#100 = DIRECTION('',(-0.,-0.,-1.));
#101 = DIRECTION('',(-1.,0.,0.));
#102 = DEFINITIONAL_REPRESENTATION('',(#103),#106);
#103 = B_SPLINE_CURVE_WITH_KNOTS('',1,(#104,#105),.UNSPECIFIED.,.F.,.F.,
  (2,2),(-11.21861205393,0.483534639395),.PIECEWISE_BEZIER_KNOTS.);
#104 = CARTESIAN_POINT('',(-11.46175,-2.435939679809));
#105 = CARTESIAN_POINT('',(-8.326672684689E-16,-4.795711738633));
#106 = ( GEOMETRIC_REPRESENTATION_CONTEXT(2) 
PARAMETRIC_REPRESENTATION_CONTEXT() REPRESENTATION_CONTEXT('2D SPACE',''
  ) );
#107 = ORIENTED_EDGE('',*,*,#108,.T.);
#108 = EDGE_CURVE('',#83,#109,#111,.T.);
#109 = VERTEX_POINT('',#110);
#110 = CARTESIAN_POINT('',(11.46175,0.378572058824,5.6896));
#111 = SURFACE_CURVE('',#112,(#116,#122),.PCURVE_S1.);
#112 = LINE('',#113,#114);
#113 = CARTESIAN_POINT('',(11.46175,0.378572058824,-6.7056));
#114 = VECTOR('',#115,1.);
#115 = DIRECTION('',(0.,0.,1.));
#116 = PCURVE('',#32,#117);
#117 = DEFINITIONAL_REPRESENTATION('',(#118),#121);
#118 = B_SPLINE_CURVE_WITH_KNOTS('',1,(#119,#120),.UNSPECIFIED.,.F.,.F.,
  (2,2),(1.016,12.3952),.PIECEWISE_BEZIER_KNOTS.);
#119 = CARTESIAN_POINT('',(11.702146693325,-2.032));
#120 = CARTESIAN_POINT('',(11.702146693325,-13.4112));
#121 = ( GEOMETRIC_REPRESENTATION_CONTEXT(2) 
PARAMETRIC_REPRESENTATION_CONTEXT() REPRESENTATION_CONTEXT('2D SPACE',''
  ) );
#122 = PCURVE('',#123,#128);
#123 = PLANE('',#124);
#124 = AXIS2_PLACEMENT_3D('',#125,#126,#127);
#125 = CARTESIAN_POINT('',(11.46175,3.429,-5.6896));
#126 = DIRECTION('',(-1.,0.,0.));
#127 = DIRECTION('',(0.,-2.22044604925E-16,1.));
#128 = DEFINITIONAL_REPRESENTATION('',(#129),#132);
#129 = B_SPLINE_CURVE_WITH_KNOTS('',1,(#130,#131),.UNSPECIFIED.,.F.,.F.,
  (2,2),(1.016,12.3952),.PIECEWISE_BEZIER_KNOTS.);
#130 = CARTESIAN_POINT('',(0.,-3.050427941176));
#131 = CARTESIAN_POINT('',(11.3792,-3.050427941176));
#132 = ( GEOMETRIC_REPRESENTATION_CONTEXT(2) 
PARAMETRIC_REPRESENTATION_CONTEXT() REPRESENTATION_CONTEXT('2D SPACE',''
  ) );
#133 = ORIENTED_EDGE('',*,*,#134,.F.);
#134 = EDGE_CURVE('',#135,#109,#137,.T.);
#135 = VERTEX_POINT('',#136);
#136 = CARTESIAN_POINT('',(0.,-1.9812,5.6896));
#137 = SURFACE_CURVE('',#138,(#142,#148),.PCURVE_S1.);
#138 = LINE('',#139,#140);
#139 = CARTESIAN_POINT('',(0.473601408214,-1.883693827721,5.6896));
#140 = VECTOR('',#141,1.);
#141 = DIRECTION('',(0.979457043257,0.20165292067,-5.048242146149E-17));
#142 = PCURVE('',#32,#143);
#143 = DEFINITIONAL_REPRESENTATION('',(#144),#147);
#144 = B_SPLINE_CURVE_WITH_KNOTS('',1,(#145,#146),.UNSPECIFIED.,.F.,.F.,
  (2,2),(-0.483534639394,11.218612053931),.PIECEWISE_BEZIER_KNOTS.);
#145 = CARTESIAN_POINT('',(-5.551115123126E-17,-13.4112));
#146 = CARTESIAN_POINT('',(11.702146693325,-13.4112));
#147 = ( GEOMETRIC_REPRESENTATION_CONTEXT(2) 
PARAMETRIC_REPRESENTATION_CONTEXT() REPRESENTATION_CONTEXT('2D SPACE',''
  ) );
#148 = PCURVE('',#149,#154);
#149 = PLANE('',#150);
#150 = AXIS2_PLACEMENT_3D('',#151,#152,#153);
#151 = CARTESIAN_POINT('',(-1.84973523009E-16,2.814511738633,5.6896));
#152 = DIRECTION('',(0.,2.503431207127E-16,1.));
#153 = DIRECTION('',(0.,1.,-2.503431207127E-16));
#154 = DEFINITIONAL_REPRESENTATION('',(#155),#158);
#155 = B_SPLINE_CURVE_WITH_KNOTS('',1,(#156,#157),.UNSPECIFIED.,.F.,.F.,
  (2,2),(-0.483534639394,11.218612053931),.PIECEWISE_BEZIER_KNOTS.);
#156 = CARTESIAN_POINT('',(-4.795711738633,-5.551115123126E-17));
#157 = CARTESIAN_POINT('',(-2.435939679809,-11.46175));
#158 = ( GEOMETRIC_REPRESENTATION_CONTEXT(2) 
PARAMETRIC_REPRESENTATION_CONTEXT() REPRESENTATION_CONTEXT('2D SPACE',''
  ) );
#159 = ORIENTED_EDGE('',*,*,#160,.T.);
#160 = EDGE_CURVE('',#135,#161,#163,.T.);
#161 = VERTEX_POINT('',#162);
#162 = CARTESIAN_POINT('',(0.,-1.9812,6.5484375));
#163 = SURFACE_CURVE('',#164,(#168,#175),.PCURVE_S1.);
#164 = LINE('',#165,#166);
#165 = CARTESIAN_POINT('',(0.,-1.9812,-7.7216));
#166 = VECTOR('',#167,1.);
#167 = DIRECTION('',(0.,0.,1.));
#168 = PCURVE('',#32,#169);
#169 = DEFINITIONAL_REPRESENTATION('',(#170),#174);
#170 = LINE('',#171,#172);
#171 = CARTESIAN_POINT('',(-4.295517861096E-17,0.));
#172 = VECTOR('',#173,1.);
#173 = DIRECTION('',(0.,-1.));
#174 = ( GEOMETRIC_REPRESENTATION_CONTEXT(2) 
PARAMETRIC_REPRESENTATION_CONTEXT() REPRESENTATION_CONTEXT('2D SPACE',''
  ) );
#175 = PCURVE('',#70,#176);
#176 = DEFINITIONAL_REPRESENTATION('',(#177),#181);
#177 = LINE('',#178,#179);
#178 = CARTESIAN_POINT('',(13.776765497682,0.));
#179 = VECTOR('',#180,1.);
#180 = DIRECTION('',(0.,-1.));
#181 = ( GEOMETRIC_REPRESENTATION_CONTEXT(2) 
PARAMETRIC_REPRESENTATION_CONTEXT() REPRESENTATION_CONTEXT('2D SPACE',''
  ) );
#182 = ORIENTED_EDGE('',*,*,#183,.T.);
#183 = EDGE_CURVE('',#161,#184,#186,.T.);
#184 = VERTEX_POINT('',#185);
#185 = CARTESIAN_POINT('',(4.651198631898,-1.023600281668,6.5484375));
#186 = SURFACE_CURVE('',#187,(#191,#197),.PCURVE_S1.);
#187 = LINE('',#188,#189);
#188 = CARTESIAN_POINT('',(0.195653775934,-1.940918340249,6.5484375));
#189 = VECTOR('',#190,1.);
#190 = DIRECTION('',(0.979457043257,0.20165292067,-0.));
#191 = PCURVE('',#32,#192);
#192 = DEFINITIONAL_REPRESENTATION('',(#193),#196);
#193 = B_SPLINE_CURVE_WITH_KNOTS('',1,(#194,#195),.UNSPECIFIED.,.F.,.F.,
  (2,2),(-0.199757383216,4.662630439495),.PIECEWISE_BEZIER_KNOTS.);
#194 = CARTESIAN_POINT('',(-5.551115123126E-17,-14.2700375));
#195 = CARTESIAN_POINT('',(4.862387822711,-14.2700375));
#196 = ( GEOMETRIC_REPRESENTATION_CONTEXT(2) 
PARAMETRIC_REPRESENTATION_CONTEXT() REPRESENTATION_CONTEXT('2D SPACE',''
  ) );
#197 = PCURVE('',#198,#203);
#198 = PLANE('',#199);
#199 = AXIS2_PLACEMENT_3D('',#200,#201,#202);
#200 = CARTESIAN_POINT('',(-1.167972403844E-16,5.42617187933E-16,
    6.5484375));
#201 = DIRECTION('',(0.,0.,1.));
#202 = DIRECTION('',(1.,0.,0.));
#203 = DEFINITIONAL_REPRESENTATION('',(#204),#207);
#204 = B_SPLINE_CURVE_WITH_KNOTS('',1,(#205,#206),.UNSPECIFIED.,.F.,.F.,
  (2,2),(-0.199757383216,4.662630439495),.PIECEWISE_BEZIER_KNOTS.);
#205 = CARTESIAN_POINT('',(5.551115123126E-17,-1.9812));
#206 = CARTESIAN_POINT('',(4.7625,-1.000685294118));
#207 = ( GEOMETRIC_REPRESENTATION_CONTEXT(2) 
PARAMETRIC_REPRESENTATION_CONTEXT() REPRESENTATION_CONTEXT('2D SPACE',''
  ) );
#208 = ORIENTED_EDGE('',*,*,#209,.F.);
#209 = EDGE_CURVE('',#210,#184,#212,.T.);
#210 = VERTEX_POINT('',#211);
#211 = CARTESIAN_POINT('',(4.651198631898,-1.023600281668,7.7216));
#212 = SURFACE_CURVE('',#213,(#217,#223),.PCURVE_S1.);
#213 = LINE('',#214,#215);
#214 = CARTESIAN_POINT('',(4.651198631898,-1.023600281668,6.5484375));
#215 = VECTOR('',#216,1.);
#216 = DIRECTION('',(-0.,-0.,-1.));
#217 = PCURVE('',#32,#218);
#218 = DEFINITIONAL_REPRESENTATION('',(#219),#222);
#219 = B_SPLINE_CURVE_WITH_KNOTS('',1,(#220,#221),.UNSPECIFIED.,.F.,.F.,
  (2,2),(-1.173255835107,9.333510742948E-05),.PIECEWISE_BEZIER_KNOTS.);
#220 = CARTESIAN_POINT('',(4.748752039633,-15.4432933351));
#221 = CARTESIAN_POINT('',(4.748752039633,-14.26994416489));
#222 = ( GEOMETRIC_REPRESENTATION_CONTEXT(2) 
PARAMETRIC_REPRESENTATION_CONTEXT() REPRESENTATION_CONTEXT('2D SPACE',''
  ) );
#223 = PCURVE('',#224,#229);
#224 = CYLINDRICAL_SURFACE('',#225,4.7625);
#225 = AXIS2_PLACEMENT_3D('',#226,#227,#228);
#226 = CARTESIAN_POINT('',(0.,0.,6.5484375));
#227 = DIRECTION('',(-0.,-0.,-1.));
#228 = DIRECTION('',(1.,0.,0.));
#229 = DEFINITIONAL_REPRESENTATION('',(#230),#234);
#230 = LINE('',#231,#232);
#231 = CARTESIAN_POINT('',(0.216619327881,-0.));
#232 = VECTOR('',#233,1.);
#233 = DIRECTION('',(-0.,1.));
#234 = ( GEOMETRIC_REPRESENTATION_CONTEXT(2) 
PARAMETRIC_REPRESENTATION_CONTEXT() REPRESENTATION_CONTEXT('2D SPACE',''
  ) );
#235 = ORIENTED_EDGE('',*,*,#236,.T.);
#236 = EDGE_CURVE('',#210,#237,#239,.T.);
#237 = VERTEX_POINT('',#238);
#238 = CARTESIAN_POINT('',(13.49375,0.796925,7.7216));
#239 = SURFACE_CURVE('',#240,(#244,#251),.PCURVE_S1.);
#240 = LINE('',#241,#242);
#241 = CARTESIAN_POINT('',(0.,-1.9812,7.7216));
#242 = VECTOR('',#243,1.);
#243 = DIRECTION('',(0.979457043257,0.20165292067,0.));
#244 = PCURVE('',#32,#245);
#245 = DEFINITIONAL_REPRESENTATION('',(#246),#250);
#246 = LINE('',#247,#248);
#247 = CARTESIAN_POINT('',(0.,-15.4432));
#248 = VECTOR('',#249,1.);
#249 = DIRECTION('',(1.,0.));
#250 = ( GEOMETRIC_REPRESENTATION_CONTEXT(2) 
PARAMETRIC_REPRESENTATION_CONTEXT() REPRESENTATION_CONTEXT('2D SPACE',''
  ) );
#251 = PCURVE('',#252,#257);
#252 = PLANE('',#253);
#253 = AXIS2_PLACEMENT_3D('',#254,#255,#256);
#254 = CARTESIAN_POINT('',(-1.368466519923E-16,10.022599862208,7.7216));
#255 = DIRECTION('',(0.,0.,1.));
#256 = DIRECTION('',(1.,0.,0.));
#257 = DEFINITIONAL_REPRESENTATION('',(#258),#262);
#258 = LINE('',#259,#260);
#259 = CARTESIAN_POINT('',(1.368466519923E-16,-12.0037998622));
#260 = VECTOR('',#261,1.);
#261 = DIRECTION('',(0.979457043257,0.20165292067));
#262 = ( GEOMETRIC_REPRESENTATION_CONTEXT(2) 
PARAMETRIC_REPRESENTATION_CONTEXT() REPRESENTATION_CONTEXT('2D SPACE',''
  ) );
#263 = ORIENTED_EDGE('',*,*,#264,.F.);
#264 = EDGE_CURVE('',#265,#237,#267,.T.);
#265 = VERTEX_POINT('',#266);
#266 = CARTESIAN_POINT('',(13.49375,0.796925,-7.7216));
#267 = SURFACE_CURVE('',#268,(#272,#279),.PCURVE_S1.);
#268 = LINE('',#269,#270);
#269 = CARTESIAN_POINT('',(13.49375,0.796925,-7.7216));
#270 = VECTOR('',#271,1.);
#271 = DIRECTION('',(0.,0.,1.));
#272 = PCURVE('',#32,#273);
#273 = DEFINITIONAL_REPRESENTATION('',(#274),#278);
#274 = LINE('',#275,#276);
#275 = CARTESIAN_POINT('',(13.776765497682,0.));
#276 = VECTOR('',#277,1.);
#277 = DIRECTION('',(0.,-1.));
#278 = ( GEOMETRIC_REPRESENTATION_CONTEXT(2) 
PARAMETRIC_REPRESENTATION_CONTEXT() REPRESENTATION_CONTEXT('2D SPACE',''
  ) );
#279 = PCURVE('',#280,#285);
#280 = PLANE('',#281);
#281 = AXIS2_PLACEMENT_3D('',#282,#283,#284);
#282 = CARTESIAN_POINT('',(13.49375,0.796925,-7.7216));
#283 = DIRECTION('',(-0.973831149347,-0.227272727273,0.));
#284 = DIRECTION('',(-0.227272727273,0.973831149347,0.));
#285 = DEFINITIONAL_REPRESENTATION('',(#286),#290);
#286 = LINE('',#287,#288);
#287 = CARTESIAN_POINT('',(0.,0.));
#288 = VECTOR('',#289,1.);
#289 = DIRECTION('',(0.,-1.));
#290 = ( GEOMETRIC_REPRESENTATION_CONTEXT(2) 
PARAMETRIC_REPRESENTATION_CONTEXT() REPRESENTATION_CONTEXT('2D SPACE',''
  ) );
#291 = ORIENTED_EDGE('',*,*,#292,.F.);
#292 = EDGE_CURVE('',#293,#265,#295,.T.);
#293 = VERTEX_POINT('',#294);
#294 = CARTESIAN_POINT('',(4.651198631898,-1.023600281668,-7.7216));
#295 = SURFACE_CURVE('',#296,(#300,#307),.PCURVE_S1.);
#296 = LINE('',#297,#298);
#297 = CARTESIAN_POINT('',(0.,-1.9812,-7.7216));
#298 = VECTOR('',#299,1.);
#299 = DIRECTION('',(0.979457043257,0.20165292067,0.));
#300 = PCURVE('',#32,#301);
#301 = DEFINITIONAL_REPRESENTATION('',(#302),#306);
#302 = LINE('',#303,#304);
#303 = CARTESIAN_POINT('',(0.,0.));
#304 = VECTOR('',#305,1.);
#305 = DIRECTION('',(1.,0.));
#306 = ( GEOMETRIC_REPRESENTATION_CONTEXT(2) 
PARAMETRIC_REPRESENTATION_CONTEXT() REPRESENTATION_CONTEXT('2D SPACE',''
  ) );
#307 = PCURVE('',#308,#313);
#308 = PLANE('',#309);
#309 = AXIS2_PLACEMENT_3D('',#310,#311,#312);
#310 = CARTESIAN_POINT('',(-1.368466519923E-16,10.022599862208,-7.7216)
  );
#311 = DIRECTION('',(0.,0.,1.));
#312 = DIRECTION('',(1.,0.,0.));
#313 = DEFINITIONAL_REPRESENTATION('',(#314),#318);
#314 = LINE('',#315,#316);
#315 = CARTESIAN_POINT('',(1.368466519923E-16,-12.0037998622));
#316 = VECTOR('',#317,1.);
#317 = DIRECTION('',(0.979457043257,0.20165292067));
#318 = ( GEOMETRIC_REPRESENTATION_CONTEXT(2) 
PARAMETRIC_REPRESENTATION_CONTEXT() REPRESENTATION_CONTEXT('2D SPACE',''
  ) );
#319 = ORIENTED_EDGE('',*,*,#320,.T.);
#320 = EDGE_CURVE('',#293,#24,#321,.T.);
#321 = SURFACE_CURVE('',#322,(#326,#332),.PCURVE_S1.);
#322 = LINE('',#323,#324);
#323 = CARTESIAN_POINT('',(4.651198631898,-1.023600281668,-6.5484375));
#324 = VECTOR('',#325,1.);
#325 = DIRECTION('',(0.,0.,1.));
#326 = PCURVE('',#32,#327);
#327 = DEFINITIONAL_REPRESENTATION('',(#328),#331);
#328 = B_SPLINE_CURVE_WITH_KNOTS('',1,(#329,#330),.UNSPECIFIED.,.F.,.F.,
  (2,2),(-1.173255835107,9.333510742948E-05),.PIECEWISE_BEZIER_KNOTS.);
#329 = CARTESIAN_POINT('',(4.748752039633,9.333510742682E-05));
#330 = CARTESIAN_POINT('',(4.748752039633,-1.173255835107));
#331 = ( GEOMETRIC_REPRESENTATION_CONTEXT(2) 
PARAMETRIC_REPRESENTATION_CONTEXT() REPRESENTATION_CONTEXT('2D SPACE',''
  ) );
#332 = PCURVE('',#333,#338);
#333 = CYLINDRICAL_SURFACE('',#334,4.7625);
#334 = AXIS2_PLACEMENT_3D('',#335,#336,#337);
#335 = CARTESIAN_POINT('',(0.,0.,-6.5484375));
#336 = DIRECTION('',(0.,0.,1.));
#337 = DIRECTION('',(1.,0.,0.));
#338 = DEFINITIONAL_REPRESENTATION('',(#339),#343);
#339 = LINE('',#340,#341);
#340 = CARTESIAN_POINT('',(-0.216619327881,0.));
#341 = VECTOR('',#342,1.);
#342 = DIRECTION('',(0.,1.));
#343 = ( GEOMETRIC_REPRESENTATION_CONTEXT(2) 
PARAMETRIC_REPRESENTATION_CONTEXT() REPRESENTATION_CONTEXT('2D SPACE',''
  ) );
#344 = ADVANCED_FACE('',(#345,#423),#43,.T.);
#345 = FACE_BOUND('',#346,.F.);
#346 = EDGE_LOOP('',(#347,#375,#403,#422));
#347 = ORIENTED_EDGE('',*,*,#348,.T.);
#348 = EDGE_CURVE('',#24,#349,#351,.T.);
#349 = VERTEX_POINT('',#350);
#350 = CARTESIAN_POINT('',(4.7625,0.,-6.5484375));
#351 = SURFACE_CURVE('',#352,(#357,#368),.PCURVE_S1.);
#352 = CIRCLE('',#353,4.7625);
#353 = AXIS2_PLACEMENT_3D('',#354,#355,#356);
#354 = CARTESIAN_POINT('',(0.,0.,-6.5484375));
#355 = DIRECTION('',(0.,0.,1.));
#356 = DIRECTION('',(1.,0.,0.));
#357 = PCURVE('',#43,#358);
#358 = DEFINITIONAL_REPRESENTATION('',(#359),#367);
#359 = ( BOUNDED_CURVE() B_SPLINE_CURVE(2,(#360,#361,#362,#363,#364,#365
,#366),.UNSPECIFIED.,.T.,.F.) B_SPLINE_CURVE_WITH_KNOTS((1,2,2,2,2,1),(
    -2.094395102393,0.,2.094395102393,4.188790204786,6.28318530718,
8.377580409573),.UNSPECIFIED.) CURVE() GEOMETRIC_REPRESENTATION_ITEM() 
RATIONAL_B_SPLINE_CURVE((1.,0.5,1.,0.5,1.,0.5,1.)) REPRESENTATION_ITEM(
  '') );
#360 = CARTESIAN_POINT('',(-4.7625,-5.42617187933E-16));
#361 = CARTESIAN_POINT('',(-4.7625,8.248891971047));
#362 = CARTESIAN_POINT('',(2.38125,4.124445985523));
#363 = CARTESIAN_POINT('',(9.525,6.238588882548E-16));
#364 = CARTESIAN_POINT('',(2.38125,-4.124445985523));
#365 = CARTESIAN_POINT('',(-4.7625,-8.248891971047));
#366 = CARTESIAN_POINT('',(-4.7625,-5.42617187933E-16));
#367 = ( GEOMETRIC_REPRESENTATION_CONTEXT(2) 
PARAMETRIC_REPRESENTATION_CONTEXT() REPRESENTATION_CONTEXT('2D SPACE',''
  ) );
#368 = PCURVE('',#333,#369);
#369 = DEFINITIONAL_REPRESENTATION('',(#370),#374);
#370 = LINE('',#371,#372);
#371 = CARTESIAN_POINT('',(-6.28318530718,0.));
#372 = VECTOR('',#373,1.);
#373 = DIRECTION('',(1.,0.));
#374 = ( GEOMETRIC_REPRESENTATION_CONTEXT(2) 
PARAMETRIC_REPRESENTATION_CONTEXT() REPRESENTATION_CONTEXT('2D SPACE',''
  ) );
#375 = ORIENTED_EDGE('',*,*,#376,.T.);
#376 = EDGE_CURVE('',#349,#377,#379,.T.);
#377 = VERTEX_POINT('',#378);
#378 = CARTESIAN_POINT('',(-4.651198631898,-1.023600281668,-6.5484375));
#379 = SURFACE_CURVE('',#380,(#385,#396),.PCURVE_S1.);
#380 = CIRCLE('',#381,4.7625);
#381 = AXIS2_PLACEMENT_3D('',#382,#383,#384);
#382 = CARTESIAN_POINT('',(0.,0.,-6.5484375));
#383 = DIRECTION('',(0.,0.,1.));
#384 = DIRECTION('',(1.,0.,0.));
#385 = PCURVE('',#43,#386);
#386 = DEFINITIONAL_REPRESENTATION('',(#387),#395);
#387 = ( BOUNDED_CURVE() B_SPLINE_CURVE(2,(#388,#389,#390,#391,#392,#393
,#394),.UNSPECIFIED.,.T.,.F.) B_SPLINE_CURVE_WITH_KNOTS((1,2,2,2,2,1),(
    -2.094395102393,0.,2.094395102393,4.188790204786,6.28318530718,
8.377580409573),.UNSPECIFIED.) CURVE() GEOMETRIC_REPRESENTATION_ITEM() 
RATIONAL_B_SPLINE_CURVE((1.,0.5,1.,0.5,1.,0.5,1.)) REPRESENTATION_ITEM(
  '') );
#388 = CARTESIAN_POINT('',(-4.7625,-5.42617187933E-16));
#389 = CARTESIAN_POINT('',(-4.7625,8.248891971047));
#390 = CARTESIAN_POINT('',(2.38125,4.124445985523));
#391 = CARTESIAN_POINT('',(9.525,6.238588882548E-16));
#392 = CARTESIAN_POINT('',(2.38125,-4.124445985523));
#393 = CARTESIAN_POINT('',(-4.7625,-8.248891971047));
#394 = CARTESIAN_POINT('',(-4.7625,-5.42617187933E-16));
#395 = ( GEOMETRIC_REPRESENTATION_CONTEXT(2) 
PARAMETRIC_REPRESENTATION_CONTEXT() REPRESENTATION_CONTEXT('2D SPACE',''
  ) );
#396 = PCURVE('',#333,#397);
#397 = DEFINITIONAL_REPRESENTATION('',(#398),#402);
#398 = LINE('',#399,#400);
#399 = CARTESIAN_POINT('',(0.,0.));
#400 = VECTOR('',#401,1.);
#401 = DIRECTION('',(1.,0.));
#402 = ( GEOMETRIC_REPRESENTATION_CONTEXT(2) 
PARAMETRIC_REPRESENTATION_CONTEXT() REPRESENTATION_CONTEXT('2D SPACE',''
  ) );
#403 = ORIENTED_EDGE('',*,*,#404,.T.);
#404 = EDGE_CURVE('',#377,#22,#405,.T.);
#405 = SURFACE_CURVE('',#406,(#410,#416),.PCURVE_S1.);
#406 = LINE('',#407,#408);
#407 = CARTESIAN_POINT('',(-6.942528775934,-0.551855840249,-6.5484375));
#408 = VECTOR('',#409,1.);
#409 = DIRECTION('',(0.979457043257,-0.20165292067,0.));
#410 = PCURVE('',#43,#411);
#411 = DEFINITIONAL_REPRESENTATION('',(#412),#415);
#412 = B_SPLINE_CURVE_WITH_KNOTS('',1,(#413,#414),.UNSPECIFIED.,.F.,.F.,
  (2,2),(2.225752309346,7.088140132057),.PIECEWISE_BEZIER_KNOTS.);
#413 = CARTESIAN_POINT('',(4.7625,-1.000685294118));
#414 = CARTESIAN_POINT('',(0.,-1.9812));
#415 = ( GEOMETRIC_REPRESENTATION_CONTEXT(2) 
PARAMETRIC_REPRESENTATION_CONTEXT() REPRESENTATION_CONTEXT('2D SPACE',''
  ) );
#416 = PCURVE('',#70,#417);
#417 = DEFINITIONAL_REPRESENTATION('',(#418),#421);
#418 = B_SPLINE_CURVE_WITH_KNOTS('',1,(#419,#420),.UNSPECIFIED.,.F.,.F.,
  (2,2),(2.225752309346,7.088140132057),.PIECEWISE_BEZIER_KNOTS.);
#419 = CARTESIAN_POINT('',(8.914377674971,-1.1731625));
#420 = CARTESIAN_POINT('',(13.776765497682,-1.1731625));
#421 = ( GEOMETRIC_REPRESENTATION_CONTEXT(2) 
PARAMETRIC_REPRESENTATION_CONTEXT() REPRESENTATION_CONTEXT('2D SPACE',''
  ) );
#422 = ORIENTED_EDGE('',*,*,#21,.T.);
#423 = FACE_BOUND('',#424,.F.);
#424 = EDGE_LOOP('',(#425));
#425 = ORIENTED_EDGE('',*,*,#426,.F.);
#426 = EDGE_CURVE('',#427,#427,#429,.T.);
#427 = VERTEX_POINT('',#428);
#428 = CARTESIAN_POINT('',(1.091406,0.,-6.5484375));
#429 = SURFACE_CURVE('',#430,(#435,#446),.PCURVE_S1.);
#430 = CIRCLE('',#431,1.091406);
#431 = AXIS2_PLACEMENT_3D('',#432,#433,#434);
#432 = CARTESIAN_POINT('',(0.,0.,-6.5484375));
#433 = DIRECTION('',(0.,0.,1.));
#434 = DIRECTION('',(1.,0.,0.));
#435 = PCURVE('',#43,#436);
#436 = DEFINITIONAL_REPRESENTATION('',(#437),#445);
#437 = ( BOUNDED_CURVE() B_SPLINE_CURVE(2,(#438,#439,#440,#441,#442,#443
,#444),.UNSPECIFIED.,.T.,.F.) B_SPLINE_CURVE_WITH_KNOTS((1,2,2,2,2,1),(
    -2.094395102393,0.,2.094395102393,4.188790204786,6.28318530718,
8.377580409573),.UNSPECIFIED.) CURVE() GEOMETRIC_REPRESENTATION_ITEM() 
RATIONAL_B_SPLINE_CURVE((1.,0.5,1.,0.5,1.,0.5,1.)) REPRESENTATION_ITEM(
  '') );
#438 = CARTESIAN_POINT('',(-1.091406,-5.42617187933E-16));
#439 = CARTESIAN_POINT('',(-1.091406,1.890370643686));
#440 = CARTESIAN_POINT('',(0.545703,0.945185321843));
#441 = CARTESIAN_POINT('',(2.182812,-2.75299815039E-16));
#442 = CARTESIAN_POINT('',(0.545703,-0.945185321843));
#443 = CARTESIAN_POINT('',(-1.091406,-1.890370643686));
#444 = CARTESIAN_POINT('',(-1.091406,-5.42617187933E-16));
#445 = ( GEOMETRIC_REPRESENTATION_CONTEXT(2) 
PARAMETRIC_REPRESENTATION_CONTEXT() REPRESENTATION_CONTEXT('2D SPACE',''
  ) );
#446 = PCURVE('',#447,#452);
#447 = CYLINDRICAL_SURFACE('',#448,1.091406);
#448 = AXIS2_PLACEMENT_3D('',#449,#450,#451);
#449 = CARTESIAN_POINT('',(0.,0.,-6.5484375));
#450 = DIRECTION('',(0.,0.,1.));
#451 = DIRECTION('',(1.,0.,0.));
#452 = DEFINITIONAL_REPRESENTATION('',(#453),#457);
#453 = LINE('',#454,#455);
#454 = CARTESIAN_POINT('',(0.,0.));
#455 = VECTOR('',#456,1.);
#456 = DIRECTION('',(1.,0.));
#457 = ( GEOMETRIC_REPRESENTATION_CONTEXT(2) 
PARAMETRIC_REPRESENTATION_CONTEXT() REPRESENTATION_CONTEXT('2D SPACE',''
  ) );
#458 = ADVANCED_FACE('',(#459),#308,.F.);
#459 = FACE_BOUND('',#460,.F.);
#460 = EDGE_LOOP('',(#461,#485,#486,#509,#537,#565,#593,#621,#649,#677,
    #700));
#461 = ORIENTED_EDGE('',*,*,#462,.F.);
#462 = EDGE_CURVE('',#293,#463,#465,.T.);
#463 = VERTEX_POINT('',#464);
#464 = CARTESIAN_POINT('',(4.7625,0.,-7.7216));
#465 = SURFACE_CURVE('',#466,(#471,#478),.PCURVE_S1.);
#466 = CIRCLE('',#467,4.7625);
#467 = AXIS2_PLACEMENT_3D('',#468,#469,#470);
#468 = CARTESIAN_POINT('',(0.,0.,-7.7216));
#469 = DIRECTION('',(0.,0.,1.));
#470 = DIRECTION('',(1.,0.,0.));
#471 = PCURVE('',#308,#472);
#472 = DEFINITIONAL_REPRESENTATION('',(#473),#477);
#473 = CIRCLE('',#474,4.7625);
#474 = AXIS2_PLACEMENT_2D('',#475,#476);
#475 = CARTESIAN_POINT('',(1.368466519923E-16,-10.0225998622));
#476 = DIRECTION('',(1.,0.));
#477 = ( GEOMETRIC_REPRESENTATION_CONTEXT(2) 
PARAMETRIC_REPRESENTATION_CONTEXT() REPRESENTATION_CONTEXT('2D SPACE',''
  ) );
#478 = PCURVE('',#333,#479);
#479 = DEFINITIONAL_REPRESENTATION('',(#480),#484);
#480 = LINE('',#481,#482);
#481 = CARTESIAN_POINT('',(-6.28318530718,-1.1731625));
#482 = VECTOR('',#483,1.);
#483 = DIRECTION('',(1.,0.));
#484 = ( GEOMETRIC_REPRESENTATION_CONTEXT(2) 
PARAMETRIC_REPRESENTATION_CONTEXT() REPRESENTATION_CONTEXT('2D SPACE',''
  ) );
#485 = ORIENTED_EDGE('',*,*,#292,.T.);
#486 = ORIENTED_EDGE('',*,*,#487,.T.);
#487 = EDGE_CURVE('',#265,#488,#490,.T.);
#488 = VERTEX_POINT('',#489);
#489 = CARTESIAN_POINT('',(12.5015625,5.048306611367,-7.7216));
#490 = SURFACE_CURVE('',#491,(#495,#502),.PCURVE_S1.);
#491 = LINE('',#492,#493);
#492 = CARTESIAN_POINT('',(13.49375,0.796925,-7.7216));
#493 = VECTOR('',#494,1.);
#494 = DIRECTION('',(-0.227272727273,0.973831149347,0.));
#495 = PCURVE('',#308,#496);
#496 = DEFINITIONAL_REPRESENTATION('',(#497),#501);
#497 = LINE('',#498,#499);
#498 = CARTESIAN_POINT('',(13.49375,-9.225674862208));
#499 = VECTOR('',#500,1.);
#500 = DIRECTION('',(-0.227272727273,0.973831149347));
#501 = ( GEOMETRIC_REPRESENTATION_CONTEXT(2) 
PARAMETRIC_REPRESENTATION_CONTEXT() REPRESENTATION_CONTEXT('2D SPACE',''
  ) );
#502 = PCURVE('',#280,#503);
#503 = DEFINITIONAL_REPRESENTATION('',(#504),#508);
#504 = LINE('',#505,#506);
#505 = CARTESIAN_POINT('',(0.,0.));
#506 = VECTOR('',#507,1.);
#507 = DIRECTION('',(1.,0.));
#508 = ( GEOMETRIC_REPRESENTATION_CONTEXT(2) 
PARAMETRIC_REPRESENTATION_CONTEXT() REPRESENTATION_CONTEXT('2D SPACE',''
  ) );
#509 = ORIENTED_EDGE('',*,*,#510,.T.);
#510 = EDGE_CURVE('',#488,#511,#513,.T.);
#511 = VERTEX_POINT('',#512);
#512 = CARTESIAN_POINT('',(2.480469,7.5438,-7.7216));
#513 = SURFACE_CURVE('',#514,(#518,#525),.PCURVE_S1.);
#514 = LINE('',#515,#516);
#515 = CARTESIAN_POINT('',(12.5015625,5.048306611367,-7.7216));
#516 = VECTOR('',#517,1.);
#517 = DIRECTION('',(-0.970364918461,0.24164421164,0.));
#518 = PCURVE('',#308,#519);
#519 = DEFINITIONAL_REPRESENTATION('',(#520),#524);
#520 = LINE('',#521,#522);
#521 = CARTESIAN_POINT('',(12.5015625,-4.974293250841));
#522 = VECTOR('',#523,1.);
#523 = DIRECTION('',(-0.970364918461,0.24164421164));
#524 = ( GEOMETRIC_REPRESENTATION_CONTEXT(2) 
PARAMETRIC_REPRESENTATION_CONTEXT() REPRESENTATION_CONTEXT('2D SPACE',''
  ) );
#525 = PCURVE('',#526,#531);
#526 = PLANE('',#527);
#527 = AXIS2_PLACEMENT_3D('',#528,#529,#530);
#528 = CARTESIAN_POINT('',(12.5015625,5.048306611367,-7.7216));
#529 = DIRECTION('',(-0.24164421164,-0.970364918461,0.));
#530 = DIRECTION('',(-0.970364918461,0.24164421164,0.));
#531 = DEFINITIONAL_REPRESENTATION('',(#532),#536);
#532 = LINE('',#533,#534);
#533 = CARTESIAN_POINT('',(0.,0.));
#534 = VECTOR('',#535,1.);
#535 = DIRECTION('',(1.,0.));
#536 = ( GEOMETRIC_REPRESENTATION_CONTEXT(2) 
PARAMETRIC_REPRESENTATION_CONTEXT() REPRESENTATION_CONTEXT('2D SPACE',''
  ) );
#537 = ORIENTED_EDGE('',*,*,#538,.T.);
#538 = EDGE_CURVE('',#511,#539,#541,.T.);
#539 = VERTEX_POINT('',#540);
#540 = CARTESIAN_POINT('',(1.190625,29.7688,-7.7216));
#541 = SURFACE_CURVE('',#542,(#546,#553),.PCURVE_S1.);
#542 = LINE('',#543,#544);
#543 = CARTESIAN_POINT('',(2.480469,7.5438,-7.7216));
#544 = VECTOR('',#545,1.);
#545 = DIRECTION('',(-5.793823535402E-02,0.998320169527,0.));
#546 = PCURVE('',#308,#547);
#547 = DEFINITIONAL_REPRESENTATION('',(#548),#552);
#548 = LINE('',#549,#550);
#549 = CARTESIAN_POINT('',(2.480469,-2.478799862208));
#550 = VECTOR('',#551,1.);
#551 = DIRECTION('',(-5.793823535402E-02,0.998320169527));
#552 = ( GEOMETRIC_REPRESENTATION_CONTEXT(2) 
PARAMETRIC_REPRESENTATION_CONTEXT() REPRESENTATION_CONTEXT('2D SPACE',''
  ) );
#553 = PCURVE('',#554,#559);
#554 = PLANE('',#555);
#555 = AXIS2_PLACEMENT_3D('',#556,#557,#558);
#556 = CARTESIAN_POINT('',(2.480469,7.5438,-7.7216));
#557 = DIRECTION('',(-0.998320169527,-5.793823535402E-02,0.));
#558 = DIRECTION('',(-5.793823535402E-02,0.998320169527,0.));
#559 = DEFINITIONAL_REPRESENTATION('',(#560),#564);
#560 = LINE('',#561,#562);
#561 = CARTESIAN_POINT('',(0.,0.));
#562 = VECTOR('',#563,1.);
#563 = DIRECTION('',(1.,0.));
#564 = ( GEOMETRIC_REPRESENTATION_CONTEXT(2) 
PARAMETRIC_REPRESENTATION_CONTEXT() REPRESENTATION_CONTEXT('2D SPACE',''
  ) );
#565 = ORIENTED_EDGE('',*,*,#566,.T.);
#566 = EDGE_CURVE('',#539,#567,#569,.T.);
#567 = VERTEX_POINT('',#568);
#568 = CARTESIAN_POINT('',(-1.190625,29.7688,-7.7216));
#569 = SURFACE_CURVE('',#570,(#574,#581),.PCURVE_S1.);
#570 = LINE('',#571,#572);
#571 = CARTESIAN_POINT('',(1.190625,29.7688,-7.7216));
#572 = VECTOR('',#573,1.);
#573 = DIRECTION('',(-1.,0.,0.));
#574 = PCURVE('',#308,#575);
#575 = DEFINITIONAL_REPRESENTATION('',(#576),#580);
#576 = LINE('',#577,#578);
#577 = CARTESIAN_POINT('',(1.190625,19.746200137792));
#578 = VECTOR('',#579,1.);
#579 = DIRECTION('',(-1.,0.));
#580 = ( GEOMETRIC_REPRESENTATION_CONTEXT(2) 
PARAMETRIC_REPRESENTATION_CONTEXT() REPRESENTATION_CONTEXT('2D SPACE',''
  ) );
#581 = PCURVE('',#582,#587);
#582 = PLANE('',#583);
#583 = AXIS2_PLACEMENT_3D('',#584,#585,#586);
#584 = CARTESIAN_POINT('',(1.190625,29.7688,-7.7216));
#585 = DIRECTION('',(0.,-1.,0.));
#586 = DIRECTION('',(-1.,0.,0.));
#587 = DEFINITIONAL_REPRESENTATION('',(#588),#592);
#588 = LINE('',#589,#590);
#589 = CARTESIAN_POINT('',(0.,-0.));
#590 = VECTOR('',#591,1.);
#591 = DIRECTION('',(1.,0.));
#592 = ( GEOMETRIC_REPRESENTATION_CONTEXT(2) 
PARAMETRIC_REPRESENTATION_CONTEXT() REPRESENTATION_CONTEXT('2D SPACE',''
  ) );
#593 = ORIENTED_EDGE('',*,*,#594,.T.);
#594 = EDGE_CURVE('',#567,#595,#597,.T.);
#595 = VERTEX_POINT('',#596);
#596 = CARTESIAN_POINT('',(-2.480469,7.5438,-7.7216));
#597 = SURFACE_CURVE('',#598,(#602,#609),.PCURVE_S1.);
#598 = LINE('',#599,#600);
#599 = CARTESIAN_POINT('',(-1.190625,29.7688,-7.7216));
#600 = VECTOR('',#601,1.);
#601 = DIRECTION('',(-5.793823535402E-02,-0.998320169527,0.));
#602 = PCURVE('',#308,#603);
#603 = DEFINITIONAL_REPRESENTATION('',(#604),#608);
#604 = LINE('',#605,#606);
#605 = CARTESIAN_POINT('',(-1.190625,19.746200137792));
#606 = VECTOR('',#607,1.);
#607 = DIRECTION('',(-5.793823535402E-02,-0.998320169527));
#608 = ( GEOMETRIC_REPRESENTATION_CONTEXT(2) 
PARAMETRIC_REPRESENTATION_CONTEXT() REPRESENTATION_CONTEXT('2D SPACE',''
  ) );
#609 = PCURVE('',#610,#615);
#610 = PLANE('',#611);
#611 = AXIS2_PLACEMENT_3D('',#612,#613,#614);
#612 = CARTESIAN_POINT('',(-1.190625,29.7688,-7.7216));
#613 = DIRECTION('',(0.998320169527,-5.793823535402E-02,0.));
#614 = DIRECTION('',(-5.793823535402E-02,-0.998320169527,0.));
#615 = DEFINITIONAL_REPRESENTATION('',(#616),#620);
#616 = LINE('',#617,#618);
#617 = CARTESIAN_POINT('',(0.,0.));
#618 = VECTOR('',#619,1.);
#619 = DIRECTION('',(1.,0.));
#620 = ( GEOMETRIC_REPRESENTATION_CONTEXT(2) 
PARAMETRIC_REPRESENTATION_CONTEXT() REPRESENTATION_CONTEXT('2D SPACE',''
  ) );
#621 = ORIENTED_EDGE('',*,*,#622,.T.);
#622 = EDGE_CURVE('',#595,#623,#625,.T.);
#623 = VERTEX_POINT('',#624);
#624 = CARTESIAN_POINT('',(-12.5015625,5.048306611367,-7.7216));
#625 = SURFACE_CURVE('',#626,(#630,#637),.PCURVE_S1.);
#626 = LINE('',#627,#628);
#627 = CARTESIAN_POINT('',(-2.480469,7.5438,-7.7216));
#628 = VECTOR('',#629,1.);
#629 = DIRECTION('',(-0.970364918461,-0.24164421164,0.));
#630 = PCURVE('',#308,#631);
#631 = DEFINITIONAL_REPRESENTATION('',(#632),#636);
#632 = LINE('',#633,#634);
#633 = CARTESIAN_POINT('',(-2.480469,-2.478799862208));
#634 = VECTOR('',#635,1.);
#635 = DIRECTION('',(-0.970364918461,-0.24164421164));
#636 = ( GEOMETRIC_REPRESENTATION_CONTEXT(2) 
PARAMETRIC_REPRESENTATION_CONTEXT() REPRESENTATION_CONTEXT('2D SPACE',''
  ) );
#637 = PCURVE('',#638,#643);
#638 = PLANE('',#639);
#639 = AXIS2_PLACEMENT_3D('',#640,#641,#642);
#640 = CARTESIAN_POINT('',(-2.480469,7.5438,-7.7216));
#641 = DIRECTION('',(0.24164421164,-0.970364918461,0.));
#642 = DIRECTION('',(-0.970364918461,-0.24164421164,0.));
#643 = DEFINITIONAL_REPRESENTATION('',(#644),#648);
#644 = LINE('',#645,#646);
#645 = CARTESIAN_POINT('',(0.,0.));
#646 = VECTOR('',#647,1.);
#647 = DIRECTION('',(1.,0.));
#648 = ( GEOMETRIC_REPRESENTATION_CONTEXT(2) 
PARAMETRIC_REPRESENTATION_CONTEXT() REPRESENTATION_CONTEXT('2D SPACE',''
  ) );
#649 = ORIENTED_EDGE('',*,*,#650,.T.);
#650 = EDGE_CURVE('',#623,#651,#653,.T.);
#651 = VERTEX_POINT('',#652);
#652 = CARTESIAN_POINT('',(-13.49375,0.796925,-7.7216));
#653 = SURFACE_CURVE('',#654,(#658,#665),.PCURVE_S1.);
#654 = LINE('',#655,#656);
#655 = CARTESIAN_POINT('',(-12.5015625,5.048306611367,-7.7216));
#656 = VECTOR('',#657,1.);
#657 = DIRECTION('',(-0.227272727273,-0.973831149347,0.));
#658 = PCURVE('',#308,#659);
#659 = DEFINITIONAL_REPRESENTATION('',(#660),#664);
#660 = LINE('',#661,#662);
#661 = CARTESIAN_POINT('',(-12.5015625,-4.974293250841));
#662 = VECTOR('',#663,1.);
#663 = DIRECTION('',(-0.227272727273,-0.973831149347));
#664 = ( GEOMETRIC_REPRESENTATION_CONTEXT(2) 
PARAMETRIC_REPRESENTATION_CONTEXT() REPRESENTATION_CONTEXT('2D SPACE',''
  ) );
#665 = PCURVE('',#666,#671);
#666 = PLANE('',#667);
#667 = AXIS2_PLACEMENT_3D('',#668,#669,#670);
#668 = CARTESIAN_POINT('',(-12.5015625,5.048306611367,-7.7216));
#669 = DIRECTION('',(0.973831149347,-0.227272727273,0.));
#670 = DIRECTION('',(-0.227272727273,-0.973831149347,0.));
#671 = DEFINITIONAL_REPRESENTATION('',(#672),#676);
#672 = LINE('',#673,#674);
#673 = CARTESIAN_POINT('',(0.,0.));
#674 = VECTOR('',#675,1.);
#675 = DIRECTION('',(1.,0.));
#676 = ( GEOMETRIC_REPRESENTATION_CONTEXT(2) 
PARAMETRIC_REPRESENTATION_CONTEXT() REPRESENTATION_CONTEXT('2D SPACE',''
  ) );
#677 = ORIENTED_EDGE('',*,*,#678,.T.);
#678 = EDGE_CURVE('',#651,#679,#681,.T.);
#679 = VERTEX_POINT('',#680);
#680 = CARTESIAN_POINT('',(-4.651198631898,-1.023600281668,-7.7216));
#681 = SURFACE_CURVE('',#682,(#686,#693),.PCURVE_S1.);
#682 = LINE('',#683,#684);
#683 = CARTESIAN_POINT('',(-13.49375,0.796925,-7.7216));
#684 = VECTOR('',#685,1.);
#685 = DIRECTION('',(0.979457043257,-0.20165292067,0.));
#686 = PCURVE('',#308,#687);
#687 = DEFINITIONAL_REPRESENTATION('',(#688),#692);
#688 = LINE('',#689,#690);
#689 = CARTESIAN_POINT('',(-13.49375,-9.225674862208));
#690 = VECTOR('',#691,1.);
#691 = DIRECTION('',(0.979457043257,-0.20165292067));
#692 = ( GEOMETRIC_REPRESENTATION_CONTEXT(2) 
PARAMETRIC_REPRESENTATION_CONTEXT() REPRESENTATION_CONTEXT('2D SPACE',''
  ) );
#693 = PCURVE('',#70,#694);
#694 = DEFINITIONAL_REPRESENTATION('',(#695),#699);
#695 = LINE('',#696,#697);
#696 = CARTESIAN_POINT('',(0.,0.));
#697 = VECTOR('',#698,1.);
#698 = DIRECTION('',(1.,0.));
#699 = ( GEOMETRIC_REPRESENTATION_CONTEXT(2) 
PARAMETRIC_REPRESENTATION_CONTEXT() REPRESENTATION_CONTEXT('2D SPACE',''
  ) );
#700 = ORIENTED_EDGE('',*,*,#701,.F.);
#701 = EDGE_CURVE('',#463,#679,#702,.T.);
#702 = SURFACE_CURVE('',#703,(#708,#715),.PCURVE_S1.);
#703 = CIRCLE('',#704,4.7625);
#704 = AXIS2_PLACEMENT_3D('',#705,#706,#707);
#705 = CARTESIAN_POINT('',(0.,0.,-7.7216));
#706 = DIRECTION('',(0.,0.,1.));
#707 = DIRECTION('',(1.,0.,0.));
#708 = PCURVE('',#308,#709);
#709 = DEFINITIONAL_REPRESENTATION('',(#710),#714);
#710 = CIRCLE('',#711,4.7625);
#711 = AXIS2_PLACEMENT_2D('',#712,#713);
#712 = CARTESIAN_POINT('',(1.368466519923E-16,-10.0225998622));
#713 = DIRECTION('',(1.,0.));
#714 = ( GEOMETRIC_REPRESENTATION_CONTEXT(2) 
PARAMETRIC_REPRESENTATION_CONTEXT() REPRESENTATION_CONTEXT('2D SPACE',''
  ) );
#715 = PCURVE('',#333,#716);
#716 = DEFINITIONAL_REPRESENTATION('',(#717),#721);
#717 = LINE('',#718,#719);
#718 = CARTESIAN_POINT('',(0.,-1.1731625));
#719 = VECTOR('',#720,1.);
#720 = DIRECTION('',(1.,0.));
#721 = ( GEOMETRIC_REPRESENTATION_CONTEXT(2) 
PARAMETRIC_REPRESENTATION_CONTEXT() REPRESENTATION_CONTEXT('2D SPACE',''
  ) );
#722 = ADVANCED_FACE('',(#723),#280,.F.);
#723 = FACE_BOUND('',#724,.F.);
#724 = EDGE_LOOP('',(#725,#726,#749,#770));
#725 = ORIENTED_EDGE('',*,*,#264,.T.);
#726 = ORIENTED_EDGE('',*,*,#727,.T.);
#727 = EDGE_CURVE('',#237,#728,#730,.T.);
#728 = VERTEX_POINT('',#729);
#729 = CARTESIAN_POINT('',(12.5015625,5.048306611367,7.7216));
#730 = SURFACE_CURVE('',#731,(#735,#742),.PCURVE_S1.);
#731 = LINE('',#732,#733);
#732 = CARTESIAN_POINT('',(13.49375,0.796925,7.7216));
#733 = VECTOR('',#734,1.);
#734 = DIRECTION('',(-0.227272727273,0.973831149347,0.));
#735 = PCURVE('',#280,#736);
#736 = DEFINITIONAL_REPRESENTATION('',(#737),#741);
#737 = LINE('',#738,#739);
#738 = CARTESIAN_POINT('',(0.,-15.4432));
#739 = VECTOR('',#740,1.);
#740 = DIRECTION('',(1.,0.));
#741 = ( GEOMETRIC_REPRESENTATION_CONTEXT(2) 
PARAMETRIC_REPRESENTATION_CONTEXT() REPRESENTATION_CONTEXT('2D SPACE',''
  ) );
#742 = PCURVE('',#252,#743);
#743 = DEFINITIONAL_REPRESENTATION('',(#744),#748);
#744 = LINE('',#745,#746);
#745 = CARTESIAN_POINT('',(13.49375,-9.225674862208));
#746 = VECTOR('',#747,1.);
#747 = DIRECTION('',(-0.227272727273,0.973831149347));
#748 = ( GEOMETRIC_REPRESENTATION_CONTEXT(2) 
PARAMETRIC_REPRESENTATION_CONTEXT() REPRESENTATION_CONTEXT('2D SPACE',''
  ) );
#749 = ORIENTED_EDGE('',*,*,#750,.F.);
#750 = EDGE_CURVE('',#488,#728,#751,.T.);
#751 = SURFACE_CURVE('',#752,(#756,#763),.PCURVE_S1.);
#752 = LINE('',#753,#754);
#753 = CARTESIAN_POINT('',(12.5015625,5.048306611367,-7.7216));
#754 = VECTOR('',#755,1.);
#755 = DIRECTION('',(0.,0.,1.));
#756 = PCURVE('',#280,#757);
#757 = DEFINITIONAL_REPRESENTATION('',(#758),#762);
#758 = LINE('',#759,#760);
#759 = CARTESIAN_POINT('',(4.365625,0.));
#760 = VECTOR('',#761,1.);
#761 = DIRECTION('',(0.,-1.));
#762 = ( GEOMETRIC_REPRESENTATION_CONTEXT(2) 
PARAMETRIC_REPRESENTATION_CONTEXT() REPRESENTATION_CONTEXT('2D SPACE',''
  ) );
#763 = PCURVE('',#526,#764);
#764 = DEFINITIONAL_REPRESENTATION('',(#765),#769);
#765 = LINE('',#766,#767);
#766 = CARTESIAN_POINT('',(0.,0.));
#767 = VECTOR('',#768,1.);
#768 = DIRECTION('',(0.,-1.));
#769 = ( GEOMETRIC_REPRESENTATION_CONTEXT(2) 
PARAMETRIC_REPRESENTATION_CONTEXT() REPRESENTATION_CONTEXT('2D SPACE',''
  ) );
#770 = ORIENTED_EDGE('',*,*,#487,.F.);
#771 = ADVANCED_FACE('',(#772),#252,.T.);
#772 = FACE_BOUND('',#773,.T.);
#773 = EDGE_LOOP('',(#774,#798,#799,#800,#823,#846,#869,#892,#915,#938,
    #961));
#774 = ORIENTED_EDGE('',*,*,#775,.F.);
#775 = EDGE_CURVE('',#210,#776,#778,.T.);
#776 = VERTEX_POINT('',#777);
#777 = CARTESIAN_POINT('',(4.7625,0.,7.7216));
#778 = SURFACE_CURVE('',#779,(#784,#791),.PCURVE_S1.);
#779 = CIRCLE('',#780,4.7625);
#780 = AXIS2_PLACEMENT_3D('',#781,#782,#783);
#781 = CARTESIAN_POINT('',(0.,0.,7.7216));
#782 = DIRECTION('',(0.,0.,1.));
#783 = DIRECTION('',(1.,0.,0.));
#784 = PCURVE('',#252,#785);
#785 = DEFINITIONAL_REPRESENTATION('',(#786),#790);
#786 = CIRCLE('',#787,4.7625);
#787 = AXIS2_PLACEMENT_2D('',#788,#789);
#788 = CARTESIAN_POINT('',(1.368466519923E-16,-10.0225998622));
#789 = DIRECTION('',(1.,0.));
#790 = ( GEOMETRIC_REPRESENTATION_CONTEXT(2) 
PARAMETRIC_REPRESENTATION_CONTEXT() REPRESENTATION_CONTEXT('2D SPACE',''
  ) );
#791 = PCURVE('',#224,#792);
#792 = DEFINITIONAL_REPRESENTATION('',(#793),#797);
#793 = LINE('',#794,#795);
#794 = CARTESIAN_POINT('',(6.28318530718,-1.1731625));
#795 = VECTOR('',#796,1.);
#796 = DIRECTION('',(-1.,0.));
#797 = ( GEOMETRIC_REPRESENTATION_CONTEXT(2) 
PARAMETRIC_REPRESENTATION_CONTEXT() REPRESENTATION_CONTEXT('2D SPACE',''
  ) );
#798 = ORIENTED_EDGE('',*,*,#236,.T.);
#799 = ORIENTED_EDGE('',*,*,#727,.T.);
#800 = ORIENTED_EDGE('',*,*,#801,.T.);
#801 = EDGE_CURVE('',#728,#802,#804,.T.);
#802 = VERTEX_POINT('',#803);
#803 = CARTESIAN_POINT('',(2.480469,7.5438,7.7216));
#804 = SURFACE_CURVE('',#805,(#809,#816),.PCURVE_S1.);
#805 = LINE('',#806,#807);
#806 = CARTESIAN_POINT('',(12.5015625,5.048306611367,7.7216));
#807 = VECTOR('',#808,1.);
#808 = DIRECTION('',(-0.970364918461,0.24164421164,0.));
#809 = PCURVE('',#252,#810);
#810 = DEFINITIONAL_REPRESENTATION('',(#811),#815);
#811 = LINE('',#812,#813);
#812 = CARTESIAN_POINT('',(12.5015625,-4.974293250841));
#813 = VECTOR('',#814,1.);
#814 = DIRECTION('',(-0.970364918461,0.24164421164));
#815 = ( GEOMETRIC_REPRESENTATION_CONTEXT(2) 
PARAMETRIC_REPRESENTATION_CONTEXT() REPRESENTATION_CONTEXT('2D SPACE',''
  ) );
#816 = PCURVE('',#526,#817);
#817 = DEFINITIONAL_REPRESENTATION('',(#818),#822);
#818 = LINE('',#819,#820);
#819 = CARTESIAN_POINT('',(0.,-15.4432));
#820 = VECTOR('',#821,1.);
#821 = DIRECTION('',(1.,0.));
#822 = ( GEOMETRIC_REPRESENTATION_CONTEXT(2) 
PARAMETRIC_REPRESENTATION_CONTEXT() REPRESENTATION_CONTEXT('2D SPACE',''
  ) );
#823 = ORIENTED_EDGE('',*,*,#824,.T.);
#824 = EDGE_CURVE('',#802,#825,#827,.T.);
#825 = VERTEX_POINT('',#826);
#826 = CARTESIAN_POINT('',(1.190625,29.7688,7.7216));
#827 = SURFACE_CURVE('',#828,(#832,#839),.PCURVE_S1.);
#828 = LINE('',#829,#830);
#829 = CARTESIAN_POINT('',(2.480469,7.5438,7.7216));
#830 = VECTOR('',#831,1.);
#831 = DIRECTION('',(-5.793823535402E-02,0.998320169527,0.));
#832 = PCURVE('',#252,#833);
#833 = DEFINITIONAL_REPRESENTATION('',(#834),#838);
#834 = LINE('',#835,#836);
#835 = CARTESIAN_POINT('',(2.480469,-2.478799862208));
#836 = VECTOR('',#837,1.);
#837 = DIRECTION('',(-5.793823535402E-02,0.998320169527));
#838 = ( GEOMETRIC_REPRESENTATION_CONTEXT(2) 
PARAMETRIC_REPRESENTATION_CONTEXT() REPRESENTATION_CONTEXT('2D SPACE',''
  ) );
#839 = PCURVE('',#554,#840);
#840 = DEFINITIONAL_REPRESENTATION('',(#841),#845);
#841 = LINE('',#842,#843);
#842 = CARTESIAN_POINT('',(0.,-15.4432));
#843 = VECTOR('',#844,1.);
#844 = DIRECTION('',(1.,0.));
#845 = ( GEOMETRIC_REPRESENTATION_CONTEXT(2) 
PARAMETRIC_REPRESENTATION_CONTEXT() REPRESENTATION_CONTEXT('2D SPACE',''
  ) );
#846 = ORIENTED_EDGE('',*,*,#847,.T.);
#847 = EDGE_CURVE('',#825,#848,#850,.T.);
#848 = VERTEX_POINT('',#849);
#849 = CARTESIAN_POINT('',(-1.190625,29.7688,7.7216));
#850 = SURFACE_CURVE('',#851,(#855,#862),.PCURVE_S1.);
#851 = LINE('',#852,#853);
#852 = CARTESIAN_POINT('',(1.190625,29.7688,7.7216));
#853 = VECTOR('',#854,1.);
#854 = DIRECTION('',(-1.,0.,0.));
#855 = PCURVE('',#252,#856);
#856 = DEFINITIONAL_REPRESENTATION('',(#857),#861);
#857 = LINE('',#858,#859);
#858 = CARTESIAN_POINT('',(1.190625,19.746200137792));
#859 = VECTOR('',#860,1.);
#860 = DIRECTION('',(-1.,0.));
#861 = ( GEOMETRIC_REPRESENTATION_CONTEXT(2) 
PARAMETRIC_REPRESENTATION_CONTEXT() REPRESENTATION_CONTEXT('2D SPACE',''
  ) );
#862 = PCURVE('',#582,#863);
#863 = DEFINITIONAL_REPRESENTATION('',(#864),#868);
#864 = LINE('',#865,#866);
#865 = CARTESIAN_POINT('',(0.,-15.4432));
#866 = VECTOR('',#867,1.);
#867 = DIRECTION('',(1.,0.));
#868 = ( GEOMETRIC_REPRESENTATION_CONTEXT(2) 
PARAMETRIC_REPRESENTATION_CONTEXT() REPRESENTATION_CONTEXT('2D SPACE',''
  ) );
#869 = ORIENTED_EDGE('',*,*,#870,.T.);
#870 = EDGE_CURVE('',#848,#871,#873,.T.);
#871 = VERTEX_POINT('',#872);
#872 = CARTESIAN_POINT('',(-2.480469,7.5438,7.7216));
#873 = SURFACE_CURVE('',#874,(#878,#885),.PCURVE_S1.);
#874 = LINE('',#875,#876);
#875 = CARTESIAN_POINT('',(-1.190625,29.7688,7.7216));
#876 = VECTOR('',#877,1.);
#877 = DIRECTION('',(-5.793823535402E-02,-0.998320169527,0.));
#878 = PCURVE('',#252,#879);
#879 = DEFINITIONAL_REPRESENTATION('',(#880),#884);
#880 = LINE('',#881,#882);
#881 = CARTESIAN_POINT('',(-1.190625,19.746200137792));
#882 = VECTOR('',#883,1.);
#883 = DIRECTION('',(-5.793823535402E-02,-0.998320169527));
#884 = ( GEOMETRIC_REPRESENTATION_CONTEXT(2) 
PARAMETRIC_REPRESENTATION_CONTEXT() REPRESENTATION_CONTEXT('2D SPACE',''
  ) );
#885 = PCURVE('',#610,#886);
#886 = DEFINITIONAL_REPRESENTATION('',(#887),#891);
#887 = LINE('',#888,#889);
#888 = CARTESIAN_POINT('',(0.,-15.4432));
#889 = VECTOR('',#890,1.);
#890 = DIRECTION('',(1.,0.));
#891 = ( GEOMETRIC_REPRESENTATION_CONTEXT(2) 
PARAMETRIC_REPRESENTATION_CONTEXT() REPRESENTATION_CONTEXT('2D SPACE',''
  ) );
#892 = ORIENTED_EDGE('',*,*,#893,.T.);
#893 = EDGE_CURVE('',#871,#894,#896,.T.);
#894 = VERTEX_POINT('',#895);
#895 = CARTESIAN_POINT('',(-12.5015625,5.048306611367,7.7216));
#896 = SURFACE_CURVE('',#897,(#901,#908),.PCURVE_S1.);
#897 = LINE('',#898,#899);
#898 = CARTESIAN_POINT('',(-2.480469,7.5438,7.7216));
#899 = VECTOR('',#900,1.);
#900 = DIRECTION('',(-0.970364918461,-0.24164421164,0.));
#901 = PCURVE('',#252,#902);
#902 = DEFINITIONAL_REPRESENTATION('',(#903),#907);
#903 = LINE('',#904,#905);
#904 = CARTESIAN_POINT('',(-2.480469,-2.478799862208));
#905 = VECTOR('',#906,1.);
#906 = DIRECTION('',(-0.970364918461,-0.24164421164));
#907 = ( GEOMETRIC_REPRESENTATION_CONTEXT(2) 
PARAMETRIC_REPRESENTATION_CONTEXT() REPRESENTATION_CONTEXT('2D SPACE',''
  ) );
#908 = PCURVE('',#638,#909);
#909 = DEFINITIONAL_REPRESENTATION('',(#910),#914);
#910 = LINE('',#911,#912);
#911 = CARTESIAN_POINT('',(0.,-15.4432));
#912 = VECTOR('',#913,1.);
#913 = DIRECTION('',(1.,0.));
#914 = ( GEOMETRIC_REPRESENTATION_CONTEXT(2) 
PARAMETRIC_REPRESENTATION_CONTEXT() REPRESENTATION_CONTEXT('2D SPACE',''
  ) );
#915 = ORIENTED_EDGE('',*,*,#916,.T.);
#916 = EDGE_CURVE('',#894,#917,#919,.T.);
#917 = VERTEX_POINT('',#918);
#918 = CARTESIAN_POINT('',(-13.49375,0.796925,7.7216));
#919 = SURFACE_CURVE('',#920,(#924,#931),.PCURVE_S1.);
#920 = LINE('',#921,#922);
#921 = CARTESIAN_POINT('',(-12.5015625,5.048306611367,7.7216));
#922 = VECTOR('',#923,1.);
#923 = DIRECTION('',(-0.227272727273,-0.973831149347,0.));
#924 = PCURVE('',#252,#925);
#925 = DEFINITIONAL_REPRESENTATION('',(#926),#930);
#926 = LINE('',#927,#928);
#927 = CARTESIAN_POINT('',(-12.5015625,-4.974293250841));
#928 = VECTOR('',#929,1.);
#929 = DIRECTION('',(-0.227272727273,-0.973831149347));
#930 = ( GEOMETRIC_REPRESENTATION_CONTEXT(2) 
PARAMETRIC_REPRESENTATION_CONTEXT() REPRESENTATION_CONTEXT('2D SPACE',''
  ) );
#931 = PCURVE('',#666,#932);
#932 = DEFINITIONAL_REPRESENTATION('',(#933),#937);
#933 = LINE('',#934,#935);
#934 = CARTESIAN_POINT('',(0.,-15.4432));
#935 = VECTOR('',#936,1.);
#936 = DIRECTION('',(1.,0.));
#937 = ( GEOMETRIC_REPRESENTATION_CONTEXT(2) 
PARAMETRIC_REPRESENTATION_CONTEXT() REPRESENTATION_CONTEXT('2D SPACE',''
  ) );
#938 = ORIENTED_EDGE('',*,*,#939,.T.);
#939 = EDGE_CURVE('',#917,#940,#942,.T.);
#940 = VERTEX_POINT('',#941);
#941 = CARTESIAN_POINT('',(-4.651198631898,-1.023600281668,7.7216));
#942 = SURFACE_CURVE('',#943,(#947,#954),.PCURVE_S1.);
#943 = LINE('',#944,#945);
#944 = CARTESIAN_POINT('',(-13.49375,0.796925,7.7216));
#945 = VECTOR('',#946,1.);
#946 = DIRECTION('',(0.979457043257,-0.20165292067,0.));
#947 = PCURVE('',#252,#948);
#948 = DEFINITIONAL_REPRESENTATION('',(#949),#953);
#949 = LINE('',#950,#951);
#950 = CARTESIAN_POINT('',(-13.49375,-9.225674862208));
#951 = VECTOR('',#952,1.);
#952 = DIRECTION('',(0.979457043257,-0.20165292067));
#953 = ( GEOMETRIC_REPRESENTATION_CONTEXT(2) 
PARAMETRIC_REPRESENTATION_CONTEXT() REPRESENTATION_CONTEXT('2D SPACE',''
  ) );
#954 = PCURVE('',#70,#955);
#955 = DEFINITIONAL_REPRESENTATION('',(#956),#960);
#956 = LINE('',#957,#958);
#957 = CARTESIAN_POINT('',(0.,-15.4432));
#958 = VECTOR('',#959,1.);
#959 = DIRECTION('',(1.,0.));
#960 = ( GEOMETRIC_REPRESENTATION_CONTEXT(2) 
PARAMETRIC_REPRESENTATION_CONTEXT() REPRESENTATION_CONTEXT('2D SPACE',''
  ) );
#961 = ORIENTED_EDGE('',*,*,#962,.F.);
#962 = EDGE_CURVE('',#776,#940,#963,.T.);
#963 = SURFACE_CURVE('',#964,(#969,#976),.PCURVE_S1.);
#964 = CIRCLE('',#965,4.7625);
#965 = AXIS2_PLACEMENT_3D('',#966,#967,#968);
#966 = CARTESIAN_POINT('',(0.,0.,7.7216));
#967 = DIRECTION('',(0.,0.,1.));
#968 = DIRECTION('',(1.,0.,0.));
#969 = PCURVE('',#252,#970);
#970 = DEFINITIONAL_REPRESENTATION('',(#971),#975);
#971 = CIRCLE('',#972,4.7625);
#972 = AXIS2_PLACEMENT_2D('',#973,#974);
#973 = CARTESIAN_POINT('',(1.368466519923E-16,-10.0225998622));
#974 = DIRECTION('',(1.,0.));
#975 = ( GEOMETRIC_REPRESENTATION_CONTEXT(2) 
PARAMETRIC_REPRESENTATION_CONTEXT() REPRESENTATION_CONTEXT('2D SPACE',''
  ) );
#976 = PCURVE('',#224,#977);
#977 = DEFINITIONAL_REPRESENTATION('',(#978),#982);
#978 = LINE('',#979,#980);
#979 = CARTESIAN_POINT('',(-0.,-1.1731625));
#980 = VECTOR('',#981,1.);
#981 = DIRECTION('',(-1.,0.));
#982 = ( GEOMETRIC_REPRESENTATION_CONTEXT(2) 
PARAMETRIC_REPRESENTATION_CONTEXT() REPRESENTATION_CONTEXT('2D SPACE',''
  ) );
#983 = ADVANCED_FACE('',(#984,#1054),#198,.T.);
#984 = FACE_BOUND('',#985,.T.);
#985 = EDGE_LOOP('',(#986,#1010,#1034,#1053));
#986 = ORIENTED_EDGE('',*,*,#987,.T.);
#987 = EDGE_CURVE('',#184,#988,#990,.T.);
#988 = VERTEX_POINT('',#989);
#989 = CARTESIAN_POINT('',(4.7625,0.,6.5484375));
#990 = SURFACE_CURVE('',#991,(#996,#1003),.PCURVE_S1.);
#991 = CIRCLE('',#992,4.7625);
#992 = AXIS2_PLACEMENT_3D('',#993,#994,#995);
#993 = CARTESIAN_POINT('',(0.,0.,6.5484375));
#994 = DIRECTION('',(0.,0.,1.));
#995 = DIRECTION('',(1.,0.,0.));
#996 = PCURVE('',#198,#997);
#997 = DEFINITIONAL_REPRESENTATION('',(#998),#1002);
#998 = CIRCLE('',#999,4.7625);
#999 = AXIS2_PLACEMENT_2D('',#1000,#1001);
#1000 = CARTESIAN_POINT('',(1.167972403844E-16,-5.42617187933E-16));
#1001 = DIRECTION('',(1.,0.));
#1002 = ( GEOMETRIC_REPRESENTATION_CONTEXT(2) 
PARAMETRIC_REPRESENTATION_CONTEXT() REPRESENTATION_CONTEXT('2D SPACE',''
  ) );
#1003 = PCURVE('',#224,#1004);
#1004 = DEFINITIONAL_REPRESENTATION('',(#1005),#1009);
#1005 = LINE('',#1006,#1007);
#1006 = CARTESIAN_POINT('',(6.28318530718,-0.));
#1007 = VECTOR('',#1008,1.);
#1008 = DIRECTION('',(-1.,0.));
#1009 = ( GEOMETRIC_REPRESENTATION_CONTEXT(2) 
PARAMETRIC_REPRESENTATION_CONTEXT() REPRESENTATION_CONTEXT('2D SPACE',''
  ) );
#1010 = ORIENTED_EDGE('',*,*,#1011,.T.);
#1011 = EDGE_CURVE('',#988,#1012,#1014,.T.);
#1012 = VERTEX_POINT('',#1013);
#1013 = CARTESIAN_POINT('',(-4.651198631898,-1.023600281668,6.5484375));
#1014 = SURFACE_CURVE('',#1015,(#1020,#1027),.PCURVE_S1.);
#1015 = CIRCLE('',#1016,4.7625);
#1016 = AXIS2_PLACEMENT_3D('',#1017,#1018,#1019);
#1017 = CARTESIAN_POINT('',(0.,0.,6.5484375));
#1018 = DIRECTION('',(0.,0.,1.));
#1019 = DIRECTION('',(1.,0.,0.));
#1020 = PCURVE('',#198,#1021);
#1021 = DEFINITIONAL_REPRESENTATION('',(#1022),#1026);
#1022 = CIRCLE('',#1023,4.7625);
#1023 = AXIS2_PLACEMENT_2D('',#1024,#1025);
#1024 = CARTESIAN_POINT('',(1.167972403844E-16,-5.42617187933E-16));
#1025 = DIRECTION('',(1.,0.));
#1026 = ( GEOMETRIC_REPRESENTATION_CONTEXT(2) 
PARAMETRIC_REPRESENTATION_CONTEXT() REPRESENTATION_CONTEXT('2D SPACE',''
  ) );
#1027 = PCURVE('',#224,#1028);
#1028 = DEFINITIONAL_REPRESENTATION('',(#1029),#1033);
#1029 = LINE('',#1030,#1031);
#1030 = CARTESIAN_POINT('',(-0.,0.));
#1031 = VECTOR('',#1032,1.);
#1032 = DIRECTION('',(-1.,0.));
#1033 = ( GEOMETRIC_REPRESENTATION_CONTEXT(2) 
PARAMETRIC_REPRESENTATION_CONTEXT() REPRESENTATION_CONTEXT('2D SPACE',''
  ) );
#1034 = ORIENTED_EDGE('',*,*,#1035,.T.);
#1035 = EDGE_CURVE('',#1012,#161,#1036,.T.);
#1036 = SURFACE_CURVE('',#1037,(#1041,#1047),.PCURVE_S1.);
#1037 = LINE('',#1038,#1039);
#1038 = CARTESIAN_POINT('',(-6.942528775934,-0.551855840249,6.5484375));
#1039 = VECTOR('',#1040,1.);
#1040 = DIRECTION('',(0.979457043257,-0.20165292067,0.));
#1041 = PCURVE('',#198,#1042);
#1042 = DEFINITIONAL_REPRESENTATION('',(#1043),#1046);
#1043 = B_SPLINE_CURVE_WITH_KNOTS('',1,(#1044,#1045),.UNSPECIFIED.,.F.,
  .F.,(2,2),(2.225752309346,7.088140132057),.PIECEWISE_BEZIER_KNOTS.);
#1044 = CARTESIAN_POINT('',(-4.7625,-1.000685294118));
#1045 = CARTESIAN_POINT('',(0.,-1.9812));
#1046 = ( GEOMETRIC_REPRESENTATION_CONTEXT(2) 
PARAMETRIC_REPRESENTATION_CONTEXT() REPRESENTATION_CONTEXT('2D SPACE',''
  ) );
#1047 = PCURVE('',#70,#1048);
#1048 = DEFINITIONAL_REPRESENTATION('',(#1049),#1052);
#1049 = B_SPLINE_CURVE_WITH_KNOTS('',1,(#1050,#1051),.UNSPECIFIED.,.F.,
  .F.,(2,2),(2.225752309346,7.088140132057),.PIECEWISE_BEZIER_KNOTS.);
#1050 = CARTESIAN_POINT('',(8.914377674971,-14.2700375));
#1051 = CARTESIAN_POINT('',(13.776765497682,-14.2700375));
#1052 = ( GEOMETRIC_REPRESENTATION_CONTEXT(2) 
PARAMETRIC_REPRESENTATION_CONTEXT() REPRESENTATION_CONTEXT('2D SPACE',''
  ) );
#1053 = ORIENTED_EDGE('',*,*,#183,.T.);
#1054 = FACE_BOUND('',#1055,.T.);
#1055 = EDGE_LOOP('',(#1056));
#1056 = ORIENTED_EDGE('',*,*,#1057,.F.);
#1057 = EDGE_CURVE('',#1058,#1058,#1060,.T.);
#1058 = VERTEX_POINT('',#1059);
#1059 = CARTESIAN_POINT('',(1.091406,0.,6.5484375));
#1060 = SURFACE_CURVE('',#1061,(#1066,#1073),.PCURVE_S1.);
#1061 = CIRCLE('',#1062,1.091406);
#1062 = AXIS2_PLACEMENT_3D('',#1063,#1064,#1065);
#1063 = CARTESIAN_POINT('',(0.,0.,6.5484375));
#1064 = DIRECTION('',(0.,0.,1.));
#1065 = DIRECTION('',(1.,0.,0.));
#1066 = PCURVE('',#198,#1067);
#1067 = DEFINITIONAL_REPRESENTATION('',(#1068),#1072);
#1068 = CIRCLE('',#1069,1.091406);
#1069 = AXIS2_PLACEMENT_2D('',#1070,#1071);
#1070 = CARTESIAN_POINT('',(1.167972403844E-16,-5.42617187933E-16));
#1071 = DIRECTION('',(1.,0.));
#1072 = ( GEOMETRIC_REPRESENTATION_CONTEXT(2) 
PARAMETRIC_REPRESENTATION_CONTEXT() REPRESENTATION_CONTEXT('2D SPACE',''
  ) );
#1073 = PCURVE('',#1074,#1079);
#1074 = CYLINDRICAL_SURFACE('',#1075,1.091406);
#1075 = AXIS2_PLACEMENT_3D('',#1076,#1077,#1078);
#1076 = CARTESIAN_POINT('',(0.,0.,6.5484375));
#1077 = DIRECTION('',(-0.,-0.,-1.));
#1078 = DIRECTION('',(1.,0.,0.));
#1079 = DEFINITIONAL_REPRESENTATION('',(#1080),#1084);
#1080 = LINE('',#1081,#1082);
#1081 = CARTESIAN_POINT('',(-0.,0.));
#1082 = VECTOR('',#1083,1.);
#1083 = DIRECTION('',(-1.,0.));
#1084 = ( GEOMETRIC_REPRESENTATION_CONTEXT(2) 
PARAMETRIC_REPRESENTATION_CONTEXT() REPRESENTATION_CONTEXT('2D SPACE',''
  ) );
#1085 = ADVANCED_FACE('',(#1086),#70,.F.);
#1086 = FACE_BOUND('',#1087,.F.);
#1087 = EDGE_LOOP('',(#1088,#1089,#1110,#1111,#1131,#1132,#1133,#1154,
    #1180,#1199,#1200,#1201));
#1088 = ORIENTED_EDGE('',*,*,#678,.F.);
#1089 = ORIENTED_EDGE('',*,*,#1090,.T.);
#1090 = EDGE_CURVE('',#651,#917,#1091,.T.);
#1091 = SURFACE_CURVE('',#1092,(#1096,#1103),.PCURVE_S1.);
#1092 = LINE('',#1093,#1094);
#1093 = CARTESIAN_POINT('',(-13.49375,0.796925,-7.7216));
#1094 = VECTOR('',#1095,1.);
#1095 = DIRECTION('',(0.,0.,1.));
#1096 = PCURVE('',#70,#1097);
#1097 = DEFINITIONAL_REPRESENTATION('',(#1098),#1102);
#1098 = LINE('',#1099,#1100);
#1099 = CARTESIAN_POINT('',(0.,0.));
#1100 = VECTOR('',#1101,1.);
#1101 = DIRECTION('',(0.,-1.));
#1102 = ( GEOMETRIC_REPRESENTATION_CONTEXT(2) 
PARAMETRIC_REPRESENTATION_CONTEXT() REPRESENTATION_CONTEXT('2D SPACE',''
  ) );
#1103 = PCURVE('',#666,#1104);
#1104 = DEFINITIONAL_REPRESENTATION('',(#1105),#1109);
#1105 = LINE('',#1106,#1107);
#1106 = CARTESIAN_POINT('',(4.365625,0.));
#1107 = VECTOR('',#1108,1.);
#1108 = DIRECTION('',(0.,-1.));
#1109 = ( GEOMETRIC_REPRESENTATION_CONTEXT(2) 
PARAMETRIC_REPRESENTATION_CONTEXT() REPRESENTATION_CONTEXT('2D SPACE',''
  ) );
#1110 = ORIENTED_EDGE('',*,*,#939,.T.);
#1111 = ORIENTED_EDGE('',*,*,#1112,.T.);
#1112 = EDGE_CURVE('',#940,#1012,#1113,.T.);
#1113 = SURFACE_CURVE('',#1114,(#1118,#1124),.PCURVE_S1.);
#1114 = LINE('',#1115,#1116);
#1115 = CARTESIAN_POINT('',(-4.651198631898,-1.023600281668,6.5484375));
#1116 = VECTOR('',#1117,1.);
#1117 = DIRECTION('',(-0.,-0.,-1.));
#1118 = PCURVE('',#70,#1119);
#1119 = DEFINITIONAL_REPRESENTATION('',(#1120),#1123);
#1120 = B_SPLINE_CURVE_WITH_KNOTS('',1,(#1121,#1122),.UNSPECIFIED.,.F.,
  .F.,(2,2),(-1.173255835107,9.333510742948E-05),
  .PIECEWISE_BEZIER_KNOTS.);
#1121 = CARTESIAN_POINT('',(9.028013458049,-15.4432933351));
#1122 = CARTESIAN_POINT('',(9.028013458049,-14.26994416489));
#1123 = ( GEOMETRIC_REPRESENTATION_CONTEXT(2) 
PARAMETRIC_REPRESENTATION_CONTEXT() REPRESENTATION_CONTEXT('2D SPACE',''
  ) );
#1124 = PCURVE('',#224,#1125);
#1125 = DEFINITIONAL_REPRESENTATION('',(#1126),#1130);
#1126 = LINE('',#1127,#1128);
#1127 = CARTESIAN_POINT('',(-3.358211981471,0.));
#1128 = VECTOR('',#1129,1.);
#1129 = DIRECTION('',(-0.,1.));
#1130 = ( GEOMETRIC_REPRESENTATION_CONTEXT(2) 
PARAMETRIC_REPRESENTATION_CONTEXT() REPRESENTATION_CONTEXT('2D SPACE',''
  ) );
#1131 = ORIENTED_EDGE('',*,*,#1035,.T.);
#1132 = ORIENTED_EDGE('',*,*,#160,.F.);
#1133 = ORIENTED_EDGE('',*,*,#1134,.F.);
#1134 = EDGE_CURVE('',#1135,#135,#1137,.T.);
#1135 = VERTEX_POINT('',#1136);
#1136 = CARTESIAN_POINT('',(-11.46175,0.378572058824,5.6896));
#1137 = SURFACE_CURVE('',#1138,(#1142,#1148),.PCURVE_S1.);
#1138 = LINE('',#1139,#1140);
#1139 = CARTESIAN_POINT('',(-7.220476408214,-0.494631327721,5.6896));
#1140 = VECTOR('',#1141,1.);
#1141 = DIRECTION('',(0.979457043257,-0.20165292067,5.048242146149E-17)
  );
#1142 = PCURVE('',#70,#1143);
#1143 = DEFINITIONAL_REPRESENTATION('',(#1144),#1147);
#1144 = B_SPLINE_CURVE_WITH_KNOTS('',1,(#1145,#1146),.UNSPECIFIED.,.F.,
  .F.,(2,2),(-4.33022930509,7.371917388236),.PIECEWISE_BEZIER_KNOTS.);
#1145 = CARTESIAN_POINT('',(2.074618804357,-13.4112));
#1146 = CARTESIAN_POINT('',(13.776765497682,-13.4112));
#1147 = ( GEOMETRIC_REPRESENTATION_CONTEXT(2) 
PARAMETRIC_REPRESENTATION_CONTEXT() REPRESENTATION_CONTEXT('2D SPACE',''
  ) );
#1148 = PCURVE('',#149,#1149);
#1149 = DEFINITIONAL_REPRESENTATION('',(#1150),#1153);
#1150 = B_SPLINE_CURVE_WITH_KNOTS('',1,(#1151,#1152),.UNSPECIFIED.,.F.,
  .F.,(2,2),(-4.33022930509,7.371917388236),.PIECEWISE_BEZIER_KNOTS.);
#1151 = CARTESIAN_POINT('',(-2.435939679809,11.46175));
#1152 = CARTESIAN_POINT('',(-4.795711738633,-8.881784197001E-16));
#1153 = ( GEOMETRIC_REPRESENTATION_CONTEXT(2) 
PARAMETRIC_REPRESENTATION_CONTEXT() REPRESENTATION_CONTEXT('2D SPACE',''
  ) );
#1154 = ORIENTED_EDGE('',*,*,#1155,.T.);
#1155 = EDGE_CURVE('',#1135,#1156,#1158,.T.);
#1156 = VERTEX_POINT('',#1157);
#1157 = CARTESIAN_POINT('',(-11.46175,0.378572058824,-5.6896));
#1158 = SURFACE_CURVE('',#1159,(#1163,#1169),.PCURVE_S1.);
#1159 = LINE('',#1160,#1161);
#1160 = CARTESIAN_POINT('',(-11.46175,0.378572058824,-1.016));
#1161 = VECTOR('',#1162,1.);
#1162 = DIRECTION('',(0.,0.,-1.));
#1163 = PCURVE('',#70,#1164);
#1164 = DEFINITIONAL_REPRESENTATION('',(#1165),#1168);
#1165 = B_SPLINE_CURVE_WITH_KNOTS('',1,(#1166,#1167),.UNSPECIFIED.,.F.,
  .F.,(2,2),(-6.7056,4.6736),.PIECEWISE_BEZIER_KNOTS.);
#1166 = CARTESIAN_POINT('',(2.074618804357,-13.4112));
#1167 = CARTESIAN_POINT('',(2.074618804357,-2.032));
#1168 = ( GEOMETRIC_REPRESENTATION_CONTEXT(2) 
PARAMETRIC_REPRESENTATION_CONTEXT() REPRESENTATION_CONTEXT('2D SPACE',''
  ) );
#1169 = PCURVE('',#1170,#1175);
#1170 = PLANE('',#1171);
#1171 = AXIS2_PLACEMENT_3D('',#1172,#1173,#1174);
#1172 = CARTESIAN_POINT('',(-11.46175,3.429,5.6896));
#1173 = DIRECTION('',(1.,0.,0.));
#1174 = DIRECTION('',(0.,2.22044604925E-16,-1.));
#1175 = DEFINITIONAL_REPRESENTATION('',(#1176),#1179);
#1176 = B_SPLINE_CURVE_WITH_KNOTS('',1,(#1177,#1178),.UNSPECIFIED.,.F.,
  .F.,(2,2),(-6.7056,4.6736),.PIECEWISE_BEZIER_KNOTS.);
#1177 = CARTESIAN_POINT('',(-3.552713678801E-15,-3.050427941176));
#1178 = CARTESIAN_POINT('',(11.3792,-3.050427941176));
#1179 = ( GEOMETRIC_REPRESENTATION_CONTEXT(2) 
PARAMETRIC_REPRESENTATION_CONTEXT() REPRESENTATION_CONTEXT('2D SPACE',''
  ) );
#1180 = ORIENTED_EDGE('',*,*,#1181,.F.);
#1181 = EDGE_CURVE('',#55,#1156,#1182,.T.);
#1182 = SURFACE_CURVE('',#1183,(#1187,#1193),.PCURVE_S1.);
#1183 = LINE('',#1184,#1185);
#1184 = CARTESIAN_POINT('',(-7.220476408214,-0.494631327721,-5.6896));
#1185 = VECTOR('',#1186,1.);
#1186 = DIRECTION('',(-0.979457043257,0.20165292067,0.));
#1187 = PCURVE('',#70,#1188);
#1188 = DEFINITIONAL_REPRESENTATION('',(#1189),#1192);
#1189 = B_SPLINE_CURVE_WITH_KNOTS('',1,(#1190,#1191),.UNSPECIFIED.,.F.,
  .F.,(2,2),(-7.371917388236,4.33022930509),.PIECEWISE_BEZIER_KNOTS.);
#1190 = CARTESIAN_POINT('',(13.776765497682,-2.032));
#1191 = CARTESIAN_POINT('',(2.074618804357,-2.032));
#1192 = ( GEOMETRIC_REPRESENTATION_CONTEXT(2) 
PARAMETRIC_REPRESENTATION_CONTEXT() REPRESENTATION_CONTEXT('2D SPACE',''
  ) );
#1193 = PCURVE('',#97,#1194);
#1194 = DEFINITIONAL_REPRESENTATION('',(#1195),#1198);
#1195 = B_SPLINE_CURVE_WITH_KNOTS('',1,(#1196,#1197),.UNSPECIFIED.,.F.,
  .F.,(2,2),(-7.371917388236,4.33022930509),.PIECEWISE_BEZIER_KNOTS.);
#1196 = CARTESIAN_POINT('',(-1.7763568394E-15,-4.795711738633));
#1197 = CARTESIAN_POINT('',(11.46175,-2.435939679809));
#1198 = ( GEOMETRIC_REPRESENTATION_CONTEXT(2) 
PARAMETRIC_REPRESENTATION_CONTEXT() REPRESENTATION_CONTEXT('2D SPACE',''
  ) );
#1199 = ORIENTED_EDGE('',*,*,#54,.F.);
#1200 = ORIENTED_EDGE('',*,*,#404,.F.);
#1201 = ORIENTED_EDGE('',*,*,#1202,.F.);
#1202 = EDGE_CURVE('',#679,#377,#1203,.T.);
#1203 = SURFACE_CURVE('',#1204,(#1208,#1214),.PCURVE_S1.);
#1204 = LINE('',#1205,#1206);
#1205 = CARTESIAN_POINT('',(-4.651198631898,-1.023600281668,-6.5484375)
  );
#1206 = VECTOR('',#1207,1.);
#1207 = DIRECTION('',(0.,0.,1.));
#1208 = PCURVE('',#70,#1209);
#1209 = DEFINITIONAL_REPRESENTATION('',(#1210),#1213);
#1210 = B_SPLINE_CURVE_WITH_KNOTS('',1,(#1211,#1212),.UNSPECIFIED.,.F.,
  .F.,(2,2),(-1.173255835107,9.333510742948E-05),
  .PIECEWISE_BEZIER_KNOTS.);
#1211 = CARTESIAN_POINT('',(9.028013458049,9.333510742682E-05));
#1212 = CARTESIAN_POINT('',(9.028013458049,-1.173255835107));
#1213 = ( GEOMETRIC_REPRESENTATION_CONTEXT(2) 
PARAMETRIC_REPRESENTATION_CONTEXT() REPRESENTATION_CONTEXT('2D SPACE',''
  ) );
#1214 = PCURVE('',#333,#1215);
#1215 = DEFINITIONAL_REPRESENTATION('',(#1216),#1220);
#1216 = LINE('',#1217,#1218);
#1217 = CARTESIAN_POINT('',(3.358211981471,0.));
#1218 = VECTOR('',#1219,1.);
#1219 = DIRECTION('',(0.,1.));
#1220 = ( GEOMETRIC_REPRESENTATION_CONTEXT(2) 
PARAMETRIC_REPRESENTATION_CONTEXT() REPRESENTATION_CONTEXT('2D SPACE',''
  ) );
#1221 = ADVANCED_FACE('',(#1222),#149,.F.);
#1222 = FACE_BOUND('',#1223,.F.);
#1223 = EDGE_LOOP('',(#1224,#1247,#1275,#1302,#1331,#1358,#1385,#1414,
    #1441,#1469,#1490,#1491));
#1224 = ORIENTED_EDGE('',*,*,#1225,.F.);
#1225 = EDGE_CURVE('',#1226,#109,#1228,.T.);
#1226 = VERTEX_POINT('',#1227);
#1227 = CARTESIAN_POINT('',(11.46175,3.429,5.6896));
#1228 = SURFACE_CURVE('',#1229,(#1233,#1240),.PCURVE_S1.);
#1229 = LINE('',#1230,#1231);
#1230 = CARTESIAN_POINT('',(11.46175,3.429,5.6896));
#1231 = VECTOR('',#1232,1.);
#1232 = DIRECTION('',(0.,-1.,2.22044604925E-16));
#1233 = PCURVE('',#149,#1234);
#1234 = DEFINITIONAL_REPRESENTATION('',(#1235),#1239);
#1235 = LINE('',#1236,#1237);
#1236 = CARTESIAN_POINT('',(0.614488261367,-11.46175));
#1237 = VECTOR('',#1238,1.);
#1238 = DIRECTION('',(-1.,0.));
#1239 = ( GEOMETRIC_REPRESENTATION_CONTEXT(2) 
PARAMETRIC_REPRESENTATION_CONTEXT() REPRESENTATION_CONTEXT('2D SPACE',''
  ) );
#1240 = PCURVE('',#123,#1241);
#1241 = DEFINITIONAL_REPRESENTATION('',(#1242),#1246);
#1242 = LINE('',#1243,#1244);
#1243 = CARTESIAN_POINT('',(11.3792,-1.378452907375E-16));
#1244 = VECTOR('',#1245,1.);
#1245 = DIRECTION('',(4.440892098501E-16,-1.));
#1246 = ( GEOMETRIC_REPRESENTATION_CONTEXT(2) 
PARAMETRIC_REPRESENTATION_CONTEXT() REPRESENTATION_CONTEXT('2D SPACE',''
  ) );
#1247 = ORIENTED_EDGE('',*,*,#1248,.T.);
#1248 = EDGE_CURVE('',#1226,#1249,#1251,.T.);
#1249 = VERTEX_POINT('',#1250);
#1250 = CARTESIAN_POINT('',(10.59511637009,3.429,5.6896));
#1251 = SURFACE_CURVE('',#1252,(#1256,#1263),.PCURVE_S1.);
#1252 = LINE('',#1253,#1254);
#1253 = CARTESIAN_POINT('',(11.46175,3.429,5.6896));
#1254 = VECTOR('',#1255,1.);
#1255 = DIRECTION('',(-1.,-0.,0.));
#1256 = PCURVE('',#149,#1257);
#1257 = DEFINITIONAL_REPRESENTATION('',(#1258),#1262);
#1258 = LINE('',#1259,#1260);
#1259 = CARTESIAN_POINT('',(0.614488261367,-11.46175));
#1260 = VECTOR('',#1261,1.);
#1261 = DIRECTION('',(-0.,1.));
#1262 = ( GEOMETRIC_REPRESENTATION_CONTEXT(2) 
PARAMETRIC_REPRESENTATION_CONTEXT() REPRESENTATION_CONTEXT('2D SPACE',''
  ) );
#1263 = PCURVE('',#1264,#1269);
#1264 = PLANE('',#1265);
#1265 = AXIS2_PLACEMENT_3D('',#1266,#1267,#1268);
#1266 = CARTESIAN_POINT('',(0.,3.429,-1.346403572442E-15));
#1267 = DIRECTION('',(0.,1.,2.341583994569E-16));
#1268 = DIRECTION('',(0.,-2.341583994569E-16,1.));
#1269 = DEFINITIONAL_REPRESENTATION('',(#1270),#1274);
#1270 = LINE('',#1271,#1272);
#1271 = CARTESIAN_POINT('',(5.6896,11.46175));
#1272 = VECTOR('',#1273,1.);
#1273 = DIRECTION('',(0.,-1.));
#1274 = ( GEOMETRIC_REPRESENTATION_CONTEXT(2) 
PARAMETRIC_REPRESENTATION_CONTEXT() REPRESENTATION_CONTEXT('2D SPACE',''
  ) );
#1275 = ORIENTED_EDGE('',*,*,#1276,.F.);
#1276 = EDGE_CURVE('',#1277,#1249,#1279,.T.);
#1277 = VERTEX_POINT('',#1278);
#1278 = CARTESIAN_POINT('',(1.989447961947,5.572018485686,5.6896));
#1279 = SURFACE_CURVE('',#1280,(#1284,#1291),.PCURVE_S1.);
#1280 = LINE('',#1281,#1282);
#1281 = CARTESIAN_POINT('',(5.541561596372,4.687456726994,5.6896));
#1282 = VECTOR('',#1283,1.);
#1283 = DIRECTION('',(0.970364918461,-0.24164421164,0.));
#1284 = PCURVE('',#149,#1285);
#1285 = DEFINITIONAL_REPRESENTATION('',(#1286),#1290);
#1286 = LINE('',#1287,#1288);
#1287 = CARTESIAN_POINT('',(1.872944988361,-5.541561596372));
#1288 = VECTOR('',#1289,1.);
#1289 = DIRECTION('',(-0.24164421164,-0.970364918461));
#1290 = ( GEOMETRIC_REPRESENTATION_CONTEXT(2) 
PARAMETRIC_REPRESENTATION_CONTEXT() REPRESENTATION_CONTEXT('2D SPACE',''
  ) );
#1291 = PCURVE('',#1292,#1297);
#1292 = PLANE('',#1293);
#1293 = AXIS2_PLACEMENT_3D('',#1294,#1295,#1296);
#1294 = CARTESIAN_POINT('',(12.010541461947,3.076525097053,-7.7216));
#1295 = DIRECTION('',(-0.24164421164,-0.970364918461,0.));
#1296 = DIRECTION('',(-0.970364918461,0.24164421164,0.));
#1297 = DEFINITIONAL_REPRESENTATION('',(#1298),#1301);
#1298 = B_SPLINE_CURVE_WITH_KNOTS('',1,(#1299,#1300),.UNSPECIFIED.,.F.,
  .F.,(2,2),(-3.660595686062,6.66654342351),.PIECEWISE_BEZIER_KNOTS.);
#1299 = CARTESIAN_POINT('',(10.327139109572,-13.4112));
#1300 = CARTESIAN_POINT('',(0.,-13.4112));
#1301 = ( GEOMETRIC_REPRESENTATION_CONTEXT(2) 
PARAMETRIC_REPRESENTATION_CONTEXT() REPRESENTATION_CONTEXT('2D SPACE',''
  ) );
#1302 = ORIENTED_EDGE('',*,*,#1303,.F.);
#1303 = EDGE_CURVE('',#1304,#1277,#1306,.T.);
#1304 = VERTEX_POINT('',#1305);
#1305 = CARTESIAN_POINT('',(0.451882415521,7.426069505761,5.6896));
#1306 = SURFACE_CURVE('',#1307,(#1312,#1319),.PCURVE_S1.);
#1307 = CIRCLE('',#1308,2.032);
#1308 = AXIS2_PLACEMENT_3D('',#1309,#1310,#1311);
#1309 = CARTESIAN_POINT('',(2.480469,7.5438,5.6896));
#1310 = DIRECTION('',(-0.,0.,1.));
#1311 = DIRECTION('',(0.970364918461,-0.24164421164,0.));
#1312 = PCURVE('',#149,#1313);
#1313 = DEFINITIONAL_REPRESENTATION('',(#1314),#1318);
#1314 = CIRCLE('',#1315,2.032);
#1315 = AXIS2_PLACEMENT_2D('',#1316,#1317);
#1316 = CARTESIAN_POINT('',(4.729288261367,-2.480469));
#1317 = DIRECTION('',(-0.24164421164,-0.970364918461));
#1318 = ( GEOMETRIC_REPRESENTATION_CONTEXT(2) 
PARAMETRIC_REPRESENTATION_CONTEXT() REPRESENTATION_CONTEXT('2D SPACE',''
  ) );
#1319 = PCURVE('',#1320,#1325);
#1320 = CYLINDRICAL_SURFACE('',#1321,2.032);
#1321 = AXIS2_PLACEMENT_3D('',#1322,#1323,#1324);
#1322 = CARTESIAN_POINT('',(2.480469,7.5438,-7.7216));
#1323 = DIRECTION('',(0.,0.,1.));
#1324 = DIRECTION('',(0.970364918461,-0.24164421164,0.));
#1325 = DEFINITIONAL_REPRESENTATION('',(#1326),#1330);
#1326 = LINE('',#1327,#1328);
#1327 = CARTESIAN_POINT('',(-6.28318530718,13.4112));
#1328 = VECTOR('',#1329,1.);
#1329 = DIRECTION('',(1.,-0.));
#1330 = ( GEOMETRIC_REPRESENTATION_CONTEXT(2) 
PARAMETRIC_REPRESENTATION_CONTEXT() REPRESENTATION_CONTEXT('2D SPACE',''
  ) );
#1331 = ORIENTED_EDGE('',*,*,#1332,.T.);
#1332 = EDGE_CURVE('',#1304,#1333,#1335,.T.);
#1333 = VERTEX_POINT('',#1334);
#1334 = CARTESIAN_POINT('',(-2.121490043579E-16,15.212349617902,5.6896)
  );
#1335 = SURFACE_CURVE('',#1336,(#1340,#1347),.PCURVE_S1.);
#1336 = LINE('',#1337,#1338);
#1337 = CARTESIAN_POINT('',(0.376031129283,8.733045261475,5.6896));
#1338 = VECTOR('',#1339,1.);
#1339 = DIRECTION('',(-5.793823535402E-02,0.998320169527,0.));
#1340 = PCURVE('',#149,#1341);
#1341 = DEFINITIONAL_REPRESENTATION('',(#1342),#1346);
#1342 = LINE('',#1343,#1344);
#1343 = CARTESIAN_POINT('',(5.918533522843,-0.376031129283));
#1344 = VECTOR('',#1345,1.);
#1345 = DIRECTION('',(0.998320169527,5.793823535402E-02));
#1346 = ( GEOMETRIC_REPRESENTATION_CONTEXT(2) 
PARAMETRIC_REPRESENTATION_CONTEXT() REPRESENTATION_CONTEXT('2D SPACE',''
  ) );
#1347 = PCURVE('',#1348,#1353);
#1348 = PLANE('',#1349);
#1349 = AXIS2_PLACEMENT_3D('',#1350,#1351,#1352);
#1350 = CARTESIAN_POINT('',(0.451882415521,7.426069505761,-7.7216));
#1351 = DIRECTION('',(-0.998320169527,-5.793823535402E-02,0.));
#1352 = DIRECTION('',(-5.793823535402E-02,0.998320169527,0.));
#1353 = DEFINITIONAL_REPRESENTATION('',(#1354),#1357);
#1354 = B_SPLINE_CURVE_WITH_KNOTS('',1,(#1355,#1356),.UNSPECIFIED.,.F.,
  .F.,(2,2),(-1.309174947686,20.953222105289),.PIECEWISE_BEZIER_KNOTS.);
#1355 = CARTESIAN_POINT('',(0.,-13.4112));
#1356 = CARTESIAN_POINT('',(22.262397052976,-13.4112));
#1357 = ( GEOMETRIC_REPRESENTATION_CONTEXT(2) 
PARAMETRIC_REPRESENTATION_CONTEXT() REPRESENTATION_CONTEXT('2D SPACE',''
  ) );
#1358 = ORIENTED_EDGE('',*,*,#1359,.F.);
#1359 = EDGE_CURVE('',#1360,#1333,#1362,.T.);
#1360 = VERTEX_POINT('',#1361);
#1361 = CARTESIAN_POINT('',(-0.451882415521,7.426069505761,5.6896));
#1362 = SURFACE_CURVE('',#1363,(#1367,#1374),.PCURVE_S1.);
#1363 = LINE('',#1364,#1365);
#1364 = CARTESIAN_POINT('',(0.268890870717,19.845545261475,5.6896));
#1365 = VECTOR('',#1366,1.);
#1366 = DIRECTION('',(5.793823535402E-02,0.998320169527,0.));
#1367 = PCURVE('',#149,#1368);
#1368 = DEFINITIONAL_REPRESENTATION('',(#1369),#1373);
#1369 = LINE('',#1370,#1371);
#1370 = CARTESIAN_POINT('',(17.031033522843,-0.268890870717));
#1371 = VECTOR('',#1372,1.);
#1372 = DIRECTION('',(0.998320169527,-5.793823535402E-02));
#1373 = ( GEOMETRIC_REPRESENTATION_CONTEXT(2) 
PARAMETRIC_REPRESENTATION_CONTEXT() REPRESENTATION_CONTEXT('2D SPACE',''
  ) );
#1374 = PCURVE('',#1375,#1380);
#1375 = PLANE('',#1376);
#1376 = AXIS2_PLACEMENT_3D('',#1377,#1378,#1379);
#1377 = CARTESIAN_POINT('',(0.837961584479,29.651069505761,-7.7216));
#1378 = DIRECTION('',(0.998320169527,-5.793823535402E-02,0.));
#1379 = DIRECTION('',(-5.793823535402E-02,-0.998320169527,0.));
#1380 = DEFINITIONAL_REPRESENTATION('',(#1381),#1384);
#1381 = B_SPLINE_CURVE_WITH_KNOTS('',1,(#1382,#1383),.UNSPECIFIED.,.F.,
  .F.,(2,2),(-12.44037347417,9.822023578801),.PIECEWISE_BEZIER_KNOTS.);
#1382 = CARTESIAN_POINT('',(22.262397052976,-13.4112));
#1383 = CARTESIAN_POINT('',(0.,-13.4112));
#1384 = ( GEOMETRIC_REPRESENTATION_CONTEXT(2) 
PARAMETRIC_REPRESENTATION_CONTEXT() REPRESENTATION_CONTEXT('2D SPACE',''
  ) );
#1385 = ORIENTED_EDGE('',*,*,#1386,.F.);
#1386 = EDGE_CURVE('',#1387,#1360,#1389,.T.);
#1387 = VERTEX_POINT('',#1388);
#1388 = CARTESIAN_POINT('',(-1.989447961947,5.572018485686,5.6896));
#1389 = SURFACE_CURVE('',#1390,(#1395,#1402),.PCURVE_S1.);
#1390 = CIRCLE('',#1391,2.032);
#1391 = AXIS2_PLACEMENT_3D('',#1392,#1393,#1394);
#1392 = CARTESIAN_POINT('',(-2.480469,7.5438,5.6896));
#1393 = DIRECTION('',(0.,-0.,1.));
#1394 = DIRECTION('',(5.793823535402E-02,0.998320169527,0.));
#1395 = PCURVE('',#149,#1396);
#1396 = DEFINITIONAL_REPRESENTATION('',(#1397),#1401);
#1397 = CIRCLE('',#1398,2.032);
#1398 = AXIS2_PLACEMENT_2D('',#1399,#1400);
#1399 = CARTESIAN_POINT('',(4.729288261367,2.480469));
#1400 = DIRECTION('',(0.998320169527,-5.793823535402E-02));
#1401 = ( GEOMETRIC_REPRESENTATION_CONTEXT(2) 
PARAMETRIC_REPRESENTATION_CONTEXT() REPRESENTATION_CONTEXT('2D SPACE',''
  ) );
#1402 = PCURVE('',#1403,#1408);
#1403 = CYLINDRICAL_SURFACE('',#1404,2.032);
#1404 = AXIS2_PLACEMENT_3D('',#1405,#1406,#1407);
#1405 = CARTESIAN_POINT('',(-2.480469,7.5438,-7.7216));
#1406 = DIRECTION('',(0.,0.,1.));
#1407 = DIRECTION('',(5.793823535402E-02,0.998320169527,0.));
#1408 = DEFINITIONAL_REPRESENTATION('',(#1409),#1413);
#1409 = LINE('',#1410,#1411);
#1410 = CARTESIAN_POINT('',(-6.28318530718,13.4112));
#1411 = VECTOR('',#1412,1.);
#1412 = DIRECTION('',(1.,-0.));
#1413 = ( GEOMETRIC_REPRESENTATION_CONTEXT(2) 
PARAMETRIC_REPRESENTATION_CONTEXT() REPRESENTATION_CONTEXT('2D SPACE',''
  ) );
#1414 = ORIENTED_EDGE('',*,*,#1415,.F.);
#1415 = EDGE_CURVE('',#1416,#1387,#1418,.T.);
#1416 = VERTEX_POINT('',#1417);
#1417 = CARTESIAN_POINT('',(-10.59511637009,3.429,5.6896));
#1418 = SURFACE_CURVE('',#1419,(#1423,#1430),.PCURVE_S1.);
#1419 = LINE('',#1420,#1421);
#1420 = CARTESIAN_POINT('',(-0.531014846372,5.93520342131,5.6896));
#1421 = VECTOR('',#1422,1.);
#1422 = DIRECTION('',(0.970364918461,0.24164421164,0.));
#1423 = PCURVE('',#149,#1424);
#1424 = DEFINITIONAL_REPRESENTATION('',(#1425),#1429);
#1425 = LINE('',#1426,#1427);
#1426 = CARTESIAN_POINT('',(3.120691682678,0.531014846372));
#1427 = VECTOR('',#1428,1.);
#1428 = DIRECTION('',(0.24164421164,-0.970364918461));
#1429 = ( GEOMETRIC_REPRESENTATION_CONTEXT(2) 
PARAMETRIC_REPRESENTATION_CONTEXT() REPRESENTATION_CONTEXT('2D SPACE',''
  ) );
#1430 = PCURVE('',#1431,#1436);
#1431 = PLANE('',#1432);
#1432 = AXIS2_PLACEMENT_3D('',#1433,#1434,#1435);
#1433 = CARTESIAN_POINT('',(-1.989447961947,5.572018485686,-7.7216));
#1434 = DIRECTION('',(0.24164421164,-0.970364918461,0.));
#1435 = DIRECTION('',(-0.970364918461,-0.24164421164,0.));
#1436 = DEFINITIONAL_REPRESENTATION('',(#1437),#1440);
#1437 = B_SPLINE_CURVE_WITH_KNOTS('',1,(#1438,#1439),.UNSPECIFIED.,.F.,
  .F.,(2,2),(-11.83011297829,-1.502973868724),.PIECEWISE_BEZIER_KNOTS.);
#1438 = CARTESIAN_POINT('',(10.327139109572,-13.4112));
#1439 = CARTESIAN_POINT('',(0.,-13.4112));
#1440 = ( GEOMETRIC_REPRESENTATION_CONTEXT(2) 
PARAMETRIC_REPRESENTATION_CONTEXT() REPRESENTATION_CONTEXT('2D SPACE',''
  ) );
#1441 = ORIENTED_EDGE('',*,*,#1442,.T.);
#1442 = EDGE_CURVE('',#1416,#1443,#1445,.T.);
#1443 = VERTEX_POINT('',#1444);
#1444 = CARTESIAN_POINT('',(-11.46175,3.429,5.6896));
#1445 = SURFACE_CURVE('',#1446,(#1450,#1457),.PCURVE_S1.);
#1446 = LINE('',#1447,#1448);
#1447 = CARTESIAN_POINT('',(11.46175,3.429,5.6896));
#1448 = VECTOR('',#1449,1.);
#1449 = DIRECTION('',(-1.,-0.,0.));
#1450 = PCURVE('',#149,#1451);
#1451 = DEFINITIONAL_REPRESENTATION('',(#1452),#1456);
#1452 = LINE('',#1453,#1454);
#1453 = CARTESIAN_POINT('',(0.614488261367,-11.46175));
#1454 = VECTOR('',#1455,1.);
#1455 = DIRECTION('',(-0.,1.));
#1456 = ( GEOMETRIC_REPRESENTATION_CONTEXT(2) 
PARAMETRIC_REPRESENTATION_CONTEXT() REPRESENTATION_CONTEXT('2D SPACE',''
  ) );
#1457 = PCURVE('',#1458,#1463);
#1458 = PLANE('',#1459);
#1459 = AXIS2_PLACEMENT_3D('',#1460,#1461,#1462);
#1460 = CARTESIAN_POINT('',(0.,3.429,-1.346403572442E-15));
#1461 = DIRECTION('',(0.,1.,2.341583994569E-16));
#1462 = DIRECTION('',(0.,-2.341583994569E-16,1.));
#1463 = DEFINITIONAL_REPRESENTATION('',(#1464),#1468);
#1464 = LINE('',#1465,#1466);
#1465 = CARTESIAN_POINT('',(5.6896,11.46175));
#1466 = VECTOR('',#1467,1.);
#1467 = DIRECTION('',(0.,-1.));
#1468 = ( GEOMETRIC_REPRESENTATION_CONTEXT(2) 
PARAMETRIC_REPRESENTATION_CONTEXT() REPRESENTATION_CONTEXT('2D SPACE',''
  ) );
#1469 = ORIENTED_EDGE('',*,*,#1470,.T.);
#1470 = EDGE_CURVE('',#1443,#1135,#1471,.T.);
#1471 = SURFACE_CURVE('',#1472,(#1476,#1483),.PCURVE_S1.);
#1472 = LINE('',#1473,#1474);
#1473 = CARTESIAN_POINT('',(-11.46175,3.429,5.6896));
#1474 = VECTOR('',#1475,1.);
#1475 = DIRECTION('',(0.,-1.,2.22044604925E-16));
#1476 = PCURVE('',#149,#1477);
#1477 = DEFINITIONAL_REPRESENTATION('',(#1478),#1482);
#1478 = LINE('',#1479,#1480);
#1479 = CARTESIAN_POINT('',(0.614488261367,11.46175));
#1480 = VECTOR('',#1481,1.);
#1481 = DIRECTION('',(-1.,0.));
#1482 = ( GEOMETRIC_REPRESENTATION_CONTEXT(2) 
PARAMETRIC_REPRESENTATION_CONTEXT() REPRESENTATION_CONTEXT('2D SPACE',''
  ) );
#1483 = PCURVE('',#1170,#1484);
#1484 = DEFINITIONAL_REPRESENTATION('',(#1485),#1489);
#1485 = LINE('',#1486,#1487);
#1486 = CARTESIAN_POINT('',(0.,0.));
#1487 = VECTOR('',#1488,1.);
#1488 = DIRECTION('',(-4.440892098501E-16,-1.));
#1489 = ( GEOMETRIC_REPRESENTATION_CONTEXT(2) 
PARAMETRIC_REPRESENTATION_CONTEXT() REPRESENTATION_CONTEXT('2D SPACE',''
  ) );
#1490 = ORIENTED_EDGE('',*,*,#1134,.T.);
#1491 = ORIENTED_EDGE('',*,*,#134,.T.);
#1492 = ADVANCED_FACE('',(#1493),#123,.T.);
#1493 = FACE_BOUND('',#1494,.T.);
#1494 = EDGE_LOOP('',(#1495,#1518,#1539,#1540));
#1495 = ORIENTED_EDGE('',*,*,#1496,.F.);
#1496 = EDGE_CURVE('',#1497,#1226,#1499,.T.);
#1497 = VERTEX_POINT('',#1498);
#1498 = CARTESIAN_POINT('',(11.46175,3.429,-5.6896));
#1499 = SURFACE_CURVE('',#1500,(#1504,#1511),.PCURVE_S1.);
#1500 = LINE('',#1501,#1502);
#1501 = CARTESIAN_POINT('',(11.46175,3.429,-5.6896));
#1502 = VECTOR('',#1503,1.);
#1503 = DIRECTION('',(0.,-2.22044604925E-16,1.));
#1504 = PCURVE('',#123,#1505);
#1505 = DEFINITIONAL_REPRESENTATION('',(#1506),#1510);
#1506 = LINE('',#1507,#1508);
#1507 = CARTESIAN_POINT('',(0.,0.));
#1508 = VECTOR('',#1509,1.);
#1509 = DIRECTION('',(1.,0.));
#1510 = ( GEOMETRIC_REPRESENTATION_CONTEXT(2) 
PARAMETRIC_REPRESENTATION_CONTEXT() REPRESENTATION_CONTEXT('2D SPACE',''
  ) );
#1511 = PCURVE('',#1264,#1512);
#1512 = DEFINITIONAL_REPRESENTATION('',(#1513),#1517);
#1513 = LINE('',#1514,#1515);
#1514 = CARTESIAN_POINT('',(-5.6896,11.46175));
#1515 = VECTOR('',#1516,1.);
#1516 = DIRECTION('',(1.,0.));
#1517 = ( GEOMETRIC_REPRESENTATION_CONTEXT(2) 
PARAMETRIC_REPRESENTATION_CONTEXT() REPRESENTATION_CONTEXT('2D SPACE',''
  ) );
#1518 = ORIENTED_EDGE('',*,*,#1519,.T.);
#1519 = EDGE_CURVE('',#1497,#83,#1520,.T.);
#1520 = SURFACE_CURVE('',#1521,(#1525,#1532),.PCURVE_S1.);
#1521 = LINE('',#1522,#1523);
#1522 = CARTESIAN_POINT('',(11.46175,3.429,-5.6896));
#1523 = VECTOR('',#1524,1.);
#1524 = DIRECTION('',(0.,-1.,2.22044604925E-16));
#1525 = PCURVE('',#123,#1526);
#1526 = DEFINITIONAL_REPRESENTATION('',(#1527),#1531);
#1527 = LINE('',#1528,#1529);
#1528 = CARTESIAN_POINT('',(0.,0.));
#1529 = VECTOR('',#1530,1.);
#1530 = DIRECTION('',(4.440892098501E-16,-1.));
#1531 = ( GEOMETRIC_REPRESENTATION_CONTEXT(2) 
PARAMETRIC_REPRESENTATION_CONTEXT() REPRESENTATION_CONTEXT('2D SPACE',''
  ) );
#1532 = PCURVE('',#97,#1533);
#1533 = DEFINITIONAL_REPRESENTATION('',(#1534),#1538);
#1534 = LINE('',#1535,#1536);
#1535 = CARTESIAN_POINT('',(-11.46175,0.614488261367));
#1536 = VECTOR('',#1537,1.);
#1537 = DIRECTION('',(0.,-1.));
#1538 = ( GEOMETRIC_REPRESENTATION_CONTEXT(2) 
PARAMETRIC_REPRESENTATION_CONTEXT() REPRESENTATION_CONTEXT('2D SPACE',''
  ) );
#1539 = ORIENTED_EDGE('',*,*,#108,.T.);
#1540 = ORIENTED_EDGE('',*,*,#1225,.F.);
#1541 = ADVANCED_FACE('',(#1542),#97,.F.);
#1542 = FACE_BOUND('',#1543,.F.);
#1543 = EDGE_LOOP('',(#1544,#1567,#1590,#1612,#1640,#1662,#1684,#1712,
    #1734,#1755,#1756,#1757));
#1544 = ORIENTED_EDGE('',*,*,#1545,.F.);
#1545 = EDGE_CURVE('',#1546,#1156,#1548,.T.);
#1546 = VERTEX_POINT('',#1547);
#1547 = CARTESIAN_POINT('',(-11.46175,3.429,-5.6896));
#1548 = SURFACE_CURVE('',#1549,(#1553,#1560),.PCURVE_S1.);
#1549 = LINE('',#1550,#1551);
#1550 = CARTESIAN_POINT('',(-11.46175,3.429,-5.6896));
#1551 = VECTOR('',#1552,1.);
#1552 = DIRECTION('',(0.,-1.,2.22044604925E-16));
#1553 = PCURVE('',#97,#1554);
#1554 = DEFINITIONAL_REPRESENTATION('',(#1555),#1559);
#1555 = LINE('',#1556,#1557);
#1556 = CARTESIAN_POINT('',(11.46175,0.614488261367));
#1557 = VECTOR('',#1558,1.);
#1558 = DIRECTION('',(0.,-1.));
#1559 = ( GEOMETRIC_REPRESENTATION_CONTEXT(2) 
PARAMETRIC_REPRESENTATION_CONTEXT() REPRESENTATION_CONTEXT('2D SPACE',''
  ) );
#1560 = PCURVE('',#1170,#1561);
#1561 = DEFINITIONAL_REPRESENTATION('',(#1562),#1566);
#1562 = LINE('',#1563,#1564);
#1563 = CARTESIAN_POINT('',(11.3792,1.378452907375E-16));
#1564 = VECTOR('',#1565,1.);
#1565 = DIRECTION('',(-4.440892098501E-16,-1.));
#1566 = ( GEOMETRIC_REPRESENTATION_CONTEXT(2) 
PARAMETRIC_REPRESENTATION_CONTEXT() REPRESENTATION_CONTEXT('2D SPACE',''
  ) );
#1567 = ORIENTED_EDGE('',*,*,#1568,.T.);
#1568 = EDGE_CURVE('',#1546,#1569,#1571,.T.);
#1569 = VERTEX_POINT('',#1570);
#1570 = CARTESIAN_POINT('',(-10.59511637009,3.429,-5.6896));
#1571 = SURFACE_CURVE('',#1572,(#1576,#1583),.PCURVE_S1.);
#1572 = LINE('',#1573,#1574);
#1573 = CARTESIAN_POINT('',(-11.46175,3.429,-5.6896));
#1574 = VECTOR('',#1575,1.);
#1575 = DIRECTION('',(1.,0.,0.));
#1576 = PCURVE('',#97,#1577);
#1577 = DEFINITIONAL_REPRESENTATION('',(#1578),#1582);
#1578 = LINE('',#1579,#1580);
#1579 = CARTESIAN_POINT('',(11.46175,0.614488261367));
#1580 = VECTOR('',#1581,1.);
#1581 = DIRECTION('',(-1.,0.));
#1582 = ( GEOMETRIC_REPRESENTATION_CONTEXT(2) 
PARAMETRIC_REPRESENTATION_CONTEXT() REPRESENTATION_CONTEXT('2D SPACE',''
  ) );
#1583 = PCURVE('',#1458,#1584);
#1584 = DEFINITIONAL_REPRESENTATION('',(#1585),#1589);
#1585 = LINE('',#1586,#1587);
#1586 = CARTESIAN_POINT('',(-5.6896,-11.46175));
#1587 = VECTOR('',#1588,1.);
#1588 = DIRECTION('',(0.,1.));
#1589 = ( GEOMETRIC_REPRESENTATION_CONTEXT(2) 
PARAMETRIC_REPRESENTATION_CONTEXT() REPRESENTATION_CONTEXT('2D SPACE',''
  ) );
#1590 = ORIENTED_EDGE('',*,*,#1591,.T.);
#1591 = EDGE_CURVE('',#1569,#1592,#1594,.T.);
#1592 = VERTEX_POINT('',#1593);
#1593 = CARTESIAN_POINT('',(-1.989447961947,5.572018485686,-5.6896));
#1594 = SURFACE_CURVE('',#1595,(#1599,#1606),.PCURVE_S1.);
#1595 = LINE('',#1596,#1597);
#1596 = CARTESIAN_POINT('',(-0.531014846372,5.93520342131,-5.6896));
#1597 = VECTOR('',#1598,1.);
#1598 = DIRECTION('',(0.970364918461,0.24164421164,0.));
#1599 = PCURVE('',#97,#1600);
#1600 = DEFINITIONAL_REPRESENTATION('',(#1601),#1605);
#1601 = LINE('',#1602,#1603);
#1602 = CARTESIAN_POINT('',(0.531014846372,3.120691682678));
#1603 = VECTOR('',#1604,1.);
#1604 = DIRECTION('',(-0.970364918461,0.24164421164));
#1605 = ( GEOMETRIC_REPRESENTATION_CONTEXT(2) 
PARAMETRIC_REPRESENTATION_CONTEXT() REPRESENTATION_CONTEXT('2D SPACE',''
  ) );
#1606 = PCURVE('',#1431,#1607);
#1607 = DEFINITIONAL_REPRESENTATION('',(#1608),#1611);
#1608 = B_SPLINE_CURVE_WITH_KNOTS('',1,(#1609,#1610),.UNSPECIFIED.,.F.,
  .F.,(2,2),(-11.83011297829,-1.502973868724),.PIECEWISE_BEZIER_KNOTS.);
#1609 = CARTESIAN_POINT('',(10.327139109572,-2.032));
#1610 = CARTESIAN_POINT('',(0.,-2.032));
#1611 = ( GEOMETRIC_REPRESENTATION_CONTEXT(2) 
PARAMETRIC_REPRESENTATION_CONTEXT() REPRESENTATION_CONTEXT('2D SPACE',''
  ) );
#1612 = ORIENTED_EDGE('',*,*,#1613,.T.);
#1613 = EDGE_CURVE('',#1592,#1614,#1616,.T.);
#1614 = VERTEX_POINT('',#1615);
#1615 = CARTESIAN_POINT('',(-0.451882415521,7.426069505761,-5.6896));
#1616 = SURFACE_CURVE('',#1617,(#1622,#1633),.PCURVE_S1.);
#1617 = CIRCLE('',#1618,2.032);
#1618 = AXIS2_PLACEMENT_3D('',#1619,#1620,#1621);
#1619 = CARTESIAN_POINT('',(-2.480469,7.5438,-5.6896));
#1620 = DIRECTION('',(0.,-0.,1.));
#1621 = DIRECTION('',(5.793823535402E-02,0.998320169527,0.));
#1622 = PCURVE('',#97,#1623);
#1623 = DEFINITIONAL_REPRESENTATION('',(#1624),#1632);
#1624 = ( BOUNDED_CURVE() B_SPLINE_CURVE(2,(#1625,#1626,#1627,#1628,
#1629,#1630,#1631),.UNSPECIFIED.,.T.,.F.) B_SPLINE_CURVE_WITH_KNOTS((1,2
    ,2,2,2,1),(-2.094395102393,0.,2.094395102393,4.188790204786,
6.28318530718,8.377580409573),.UNSPECIFIED.) CURVE() 
GEOMETRIC_REPRESENTATION_ITEM() RATIONAL_B_SPLINE_CURVE((1.,0.5,1.,0.5,
1.,0.5,1.)) REPRESENTATION_ITEM('') );
#1625 = CARTESIAN_POINT('',(2.362738505761,6.757874845846));
#1626 = CARTESIAN_POINT('',(5.87635353763,6.961790043469));
#1627 = CARTESIAN_POINT('',(4.296141763054,3.81695256794));
#1628 = CARTESIAN_POINT('',(2.715929988479,0.67211509241));
#1629 = CARTESIAN_POINT('',(0.782526731185,3.613037370317));
#1630 = CARTESIAN_POINT('',(-1.150876526109,6.553959648223));
#1631 = CARTESIAN_POINT('',(2.362738505761,6.757874845846));
#1632 = ( GEOMETRIC_REPRESENTATION_CONTEXT(2) 
PARAMETRIC_REPRESENTATION_CONTEXT() REPRESENTATION_CONTEXT('2D SPACE',''
  ) );
#1633 = PCURVE('',#1403,#1634);
#1634 = DEFINITIONAL_REPRESENTATION('',(#1635),#1639);
#1635 = LINE('',#1636,#1637);
#1636 = CARTESIAN_POINT('',(-6.28318530718,2.032));
#1637 = VECTOR('',#1638,1.);
#1638 = DIRECTION('',(1.,-0.));
#1639 = ( GEOMETRIC_REPRESENTATION_CONTEXT(2) 
PARAMETRIC_REPRESENTATION_CONTEXT() REPRESENTATION_CONTEXT('2D SPACE',''
  ) );
#1640 = ORIENTED_EDGE('',*,*,#1641,.F.);
#1641 = EDGE_CURVE('',#1642,#1614,#1644,.T.);
#1642 = VERTEX_POINT('',#1643);
#1643 = CARTESIAN_POINT('',(-2.121490043579E-16,15.212349617902,-5.6896)
  );
#1644 = SURFACE_CURVE('',#1645,(#1649,#1656),.PCURVE_S1.);
#1645 = LINE('',#1646,#1647);
#1646 = CARTESIAN_POINT('',(0.268890870717,19.845545261475,-5.6896));
#1647 = VECTOR('',#1648,1.);
#1648 = DIRECTION('',(-5.793823535402E-02,-0.998320169527,0.));
#1649 = PCURVE('',#97,#1650);
#1650 = DEFINITIONAL_REPRESENTATION('',(#1651),#1655);
#1651 = LINE('',#1652,#1653);
#1652 = CARTESIAN_POINT('',(-0.268890870717,17.031033522843));
#1653 = VECTOR('',#1654,1.);
#1654 = DIRECTION('',(5.793823535402E-02,-0.998320169527));
#1655 = ( GEOMETRIC_REPRESENTATION_CONTEXT(2) 
PARAMETRIC_REPRESENTATION_CONTEXT() REPRESENTATION_CONTEXT('2D SPACE',''
  ) );
#1656 = PCURVE('',#1375,#1657);
#1657 = DEFINITIONAL_REPRESENTATION('',(#1658),#1661);
#1658 = B_SPLINE_CURVE_WITH_KNOTS('',1,(#1659,#1660),.UNSPECIFIED.,.F.,
  .F.,(2,2),(-9.822023578801,12.440373474174),.PIECEWISE_BEZIER_KNOTS.);
#1659 = CARTESIAN_POINT('',(0.,-2.032));
#1660 = CARTESIAN_POINT('',(22.262397052976,-2.032));
#1661 = ( GEOMETRIC_REPRESENTATION_CONTEXT(2) 
PARAMETRIC_REPRESENTATION_CONTEXT() REPRESENTATION_CONTEXT('2D SPACE',''
  ) );
#1662 = ORIENTED_EDGE('',*,*,#1663,.F.);
#1663 = EDGE_CURVE('',#1664,#1642,#1666,.T.);
#1664 = VERTEX_POINT('',#1665);
#1665 = CARTESIAN_POINT('',(0.451882415521,7.426069505761,-5.6896));
#1666 = SURFACE_CURVE('',#1667,(#1671,#1678),.PCURVE_S1.);
#1667 = LINE('',#1668,#1669);
#1668 = CARTESIAN_POINT('',(0.376031129283,8.733045261475,-5.6896));
#1669 = VECTOR('',#1670,1.);
#1670 = DIRECTION('',(-5.793823535402E-02,0.998320169527,0.));
#1671 = PCURVE('',#97,#1672);
#1672 = DEFINITIONAL_REPRESENTATION('',(#1673),#1677);
#1673 = LINE('',#1674,#1675);
#1674 = CARTESIAN_POINT('',(-0.376031129283,5.918533522843));
#1675 = VECTOR('',#1676,1.);
#1676 = DIRECTION('',(5.793823535402E-02,0.998320169527));
#1677 = ( GEOMETRIC_REPRESENTATION_CONTEXT(2) 
PARAMETRIC_REPRESENTATION_CONTEXT() REPRESENTATION_CONTEXT('2D SPACE',''
  ) );
#1678 = PCURVE('',#1348,#1679);
#1679 = DEFINITIONAL_REPRESENTATION('',(#1680),#1683);
#1680 = B_SPLINE_CURVE_WITH_KNOTS('',1,(#1681,#1682),.UNSPECIFIED.,.F.,
  .F.,(2,2),(-1.309174947686,20.953222105289),.PIECEWISE_BEZIER_KNOTS.);
#1681 = CARTESIAN_POINT('',(0.,-2.032));
#1682 = CARTESIAN_POINT('',(22.262397052976,-2.032));
#1683 = ( GEOMETRIC_REPRESENTATION_CONTEXT(2) 
PARAMETRIC_REPRESENTATION_CONTEXT() REPRESENTATION_CONTEXT('2D SPACE',''
  ) );
#1684 = ORIENTED_EDGE('',*,*,#1685,.T.);
#1685 = EDGE_CURVE('',#1664,#1686,#1688,.T.);
#1686 = VERTEX_POINT('',#1687);
#1687 = CARTESIAN_POINT('',(1.989447961947,5.572018485686,-5.6896));
#1688 = SURFACE_CURVE('',#1689,(#1694,#1705),.PCURVE_S1.);
#1689 = CIRCLE('',#1690,2.032);
#1690 = AXIS2_PLACEMENT_3D('',#1691,#1692,#1693);
#1691 = CARTESIAN_POINT('',(2.480469,7.5438,-5.6896));
#1692 = DIRECTION('',(-0.,0.,1.));
#1693 = DIRECTION('',(0.970364918461,-0.24164421164,0.));
#1694 = PCURVE('',#97,#1695);
#1695 = DEFINITIONAL_REPRESENTATION('',(#1696),#1704);
#1696 = ( BOUNDED_CURVE() B_SPLINE_CURVE(2,(#1697,#1698,#1699,#1700,
#1701,#1702,#1703),.UNSPECIFIED.,.T.,.F.) B_SPLINE_CURVE_WITH_KNOTS((1,2
    ,2,2,2,1),(-2.094395102393,0.,2.094395102393,4.188790204786,
6.28318530718,8.377580409573),.UNSPECIFIED.) CURVE() 
GEOMETRIC_REPRESENTATION_ITEM() RATIONAL_B_SPLINE_CURVE((1.,0.5,1.,0.5,
1.,0.5,1.)) REPRESENTATION_ITEM('') );
#1697 = CARTESIAN_POINT('',(-4.452250514314,4.238267223314));
#1698 = CARTESIAN_POINT('',(-5.302723899807,7.653492987531));
#1699 = CARTESIAN_POINT('',(-1.91981493559,6.682411662502));
#1700 = CARTESIAN_POINT('',(1.463094028627,5.711330337474));
#1701 = CARTESIAN_POINT('',(-1.069341550096,3.267185898286));
#1702 = CARTESIAN_POINT('',(-3.60177712882,0.823041459098));
#1703 = CARTESIAN_POINT('',(-4.452250514314,4.238267223314));
#1704 = ( GEOMETRIC_REPRESENTATION_CONTEXT(2) 
PARAMETRIC_REPRESENTATION_CONTEXT() REPRESENTATION_CONTEXT('2D SPACE',''
  ) );
#1705 = PCURVE('',#1320,#1706);
#1706 = DEFINITIONAL_REPRESENTATION('',(#1707),#1711);
#1707 = LINE('',#1708,#1709);
#1708 = CARTESIAN_POINT('',(-6.28318530718,2.032));
#1709 = VECTOR('',#1710,1.);
#1710 = DIRECTION('',(1.,-0.));
#1711 = ( GEOMETRIC_REPRESENTATION_CONTEXT(2) 
PARAMETRIC_REPRESENTATION_CONTEXT() REPRESENTATION_CONTEXT('2D SPACE',''
  ) );
#1712 = ORIENTED_EDGE('',*,*,#1713,.F.);
#1713 = EDGE_CURVE('',#1714,#1686,#1716,.T.);
#1714 = VERTEX_POINT('',#1715);
#1715 = CARTESIAN_POINT('',(10.59511637009,3.429,-5.6896));
#1716 = SURFACE_CURVE('',#1717,(#1721,#1728),.PCURVE_S1.);
#1717 = LINE('',#1718,#1719);
#1718 = CARTESIAN_POINT('',(5.541561596372,4.687456726994,-5.6896));
#1719 = VECTOR('',#1720,1.);
#1720 = DIRECTION('',(-0.970364918461,0.24164421164,0.));
#1721 = PCURVE('',#97,#1722);
#1722 = DEFINITIONAL_REPRESENTATION('',(#1723),#1727);
#1723 = LINE('',#1724,#1725);
#1724 = CARTESIAN_POINT('',(-5.541561596372,1.872944988361));
#1725 = VECTOR('',#1726,1.);
#1726 = DIRECTION('',(0.970364918461,0.24164421164));
#1727 = ( GEOMETRIC_REPRESENTATION_CONTEXT(2) 
PARAMETRIC_REPRESENTATION_CONTEXT() REPRESENTATION_CONTEXT('2D SPACE',''
  ) );
#1728 = PCURVE('',#1292,#1729);
#1729 = DEFINITIONAL_REPRESENTATION('',(#1730),#1733);
#1730 = B_SPLINE_CURVE_WITH_KNOTS('',1,(#1731,#1732),.UNSPECIFIED.,.F.,
  .F.,(2,2),(-6.66654342351,3.660595686062),.PIECEWISE_BEZIER_KNOTS.);
#1731 = CARTESIAN_POINT('',(0.,-2.032));
#1732 = CARTESIAN_POINT('',(10.327139109572,-2.032));
#1733 = ( GEOMETRIC_REPRESENTATION_CONTEXT(2) 
PARAMETRIC_REPRESENTATION_CONTEXT() REPRESENTATION_CONTEXT('2D SPACE',''
  ) );
#1734 = ORIENTED_EDGE('',*,*,#1735,.T.);
#1735 = EDGE_CURVE('',#1714,#1497,#1736,.T.);
#1736 = SURFACE_CURVE('',#1737,(#1741,#1748),.PCURVE_S1.);
#1737 = LINE('',#1738,#1739);
#1738 = CARTESIAN_POINT('',(-11.46175,3.429,-5.6896));
#1739 = VECTOR('',#1740,1.);
#1740 = DIRECTION('',(1.,0.,0.));
#1741 = PCURVE('',#97,#1742);
#1742 = DEFINITIONAL_REPRESENTATION('',(#1743),#1747);
#1743 = LINE('',#1744,#1745);
#1744 = CARTESIAN_POINT('',(11.46175,0.614488261367));
#1745 = VECTOR('',#1746,1.);
#1746 = DIRECTION('',(-1.,0.));
#1747 = ( GEOMETRIC_REPRESENTATION_CONTEXT(2) 
PARAMETRIC_REPRESENTATION_CONTEXT() REPRESENTATION_CONTEXT('2D SPACE',''
  ) );
#1748 = PCURVE('',#1264,#1749);
#1749 = DEFINITIONAL_REPRESENTATION('',(#1750),#1754);
#1750 = LINE('',#1751,#1752);
#1751 = CARTESIAN_POINT('',(-5.6896,-11.46175));
#1752 = VECTOR('',#1753,1.);
#1753 = DIRECTION('',(0.,1.));
#1754 = ( GEOMETRIC_REPRESENTATION_CONTEXT(2) 
PARAMETRIC_REPRESENTATION_CONTEXT() REPRESENTATION_CONTEXT('2D SPACE',''
  ) );
#1755 = ORIENTED_EDGE('',*,*,#1519,.T.);
#1756 = ORIENTED_EDGE('',*,*,#82,.T.);
#1757 = ORIENTED_EDGE('',*,*,#1181,.T.);
#1758 = ADVANCED_FACE('',(#1759),#447,.T.);
#1759 = FACE_BOUND('',#1760,.T.);
#1760 = EDGE_LOOP('',(#1761,#1784,#1811,#1812));
#1761 = ORIENTED_EDGE('',*,*,#1762,.T.);
#1762 = EDGE_CURVE('',#427,#1763,#1765,.T.);
#1763 = VERTEX_POINT('',#1764);
#1764 = CARTESIAN_POINT('',(1.091406,0.,-7.7216));
#1765 = SEAM_CURVE('',#1766,(#1770,#1777),.PCURVE_S1.);
#1766 = LINE('',#1767,#1768);
#1767 = CARTESIAN_POINT('',(1.091406,0.,-6.5484375));
#1768 = VECTOR('',#1769,1.);
#1769 = DIRECTION('',(-0.,-0.,-1.));
#1770 = PCURVE('',#447,#1771);
#1771 = DEFINITIONAL_REPRESENTATION('',(#1772),#1776);
#1772 = LINE('',#1773,#1774);
#1773 = CARTESIAN_POINT('',(0.,0.));
#1774 = VECTOR('',#1775,1.);
#1775 = DIRECTION('',(0.,-1.));
#1776 = ( GEOMETRIC_REPRESENTATION_CONTEXT(2) 
PARAMETRIC_REPRESENTATION_CONTEXT() REPRESENTATION_CONTEXT('2D SPACE',''
  ) );
#1777 = PCURVE('',#447,#1778);
#1778 = DEFINITIONAL_REPRESENTATION('',(#1779),#1783);
#1779 = LINE('',#1780,#1781);
#1780 = CARTESIAN_POINT('',(6.28318530718,0.));
#1781 = VECTOR('',#1782,1.);
#1782 = DIRECTION('',(0.,-1.));
#1783 = ( GEOMETRIC_REPRESENTATION_CONTEXT(2) 
PARAMETRIC_REPRESENTATION_CONTEXT() REPRESENTATION_CONTEXT('2D SPACE',''
  ) );
#1784 = ORIENTED_EDGE('',*,*,#1785,.T.);
#1785 = EDGE_CURVE('',#1763,#1763,#1786,.T.);
#1786 = SURFACE_CURVE('',#1787,(#1792,#1799),.PCURVE_S1.);
#1787 = CIRCLE('',#1788,1.091406);
#1788 = AXIS2_PLACEMENT_3D('',#1789,#1790,#1791);
#1789 = CARTESIAN_POINT('',(0.,0.,-7.7216));
#1790 = DIRECTION('',(0.,0.,1.));
#1791 = DIRECTION('',(1.,0.,0.));
#1792 = PCURVE('',#447,#1793);
#1793 = DEFINITIONAL_REPRESENTATION('',(#1794),#1798);
#1794 = LINE('',#1795,#1796);
#1795 = CARTESIAN_POINT('',(0.,-1.1731625));
#1796 = VECTOR('',#1797,1.);
#1797 = DIRECTION('',(1.,0.));
#1798 = ( GEOMETRIC_REPRESENTATION_CONTEXT(2) 
PARAMETRIC_REPRESENTATION_CONTEXT() REPRESENTATION_CONTEXT('2D SPACE',''
  ) );
#1799 = PCURVE('',#1800,#1805);
#1800 = PLANE('',#1801);
#1801 = AXIS2_PLACEMENT_3D('',#1802,#1803,#1804);
#1802 = CARTESIAN_POINT('',(-1.368466519923E-16,10.022599862208,-7.7216)
  );
#1803 = DIRECTION('',(0.,0.,1.));
#1804 = DIRECTION('',(1.,0.,0.));
#1805 = DEFINITIONAL_REPRESENTATION('',(#1806),#1810);
#1806 = CIRCLE('',#1807,1.091406);
#1807 = AXIS2_PLACEMENT_2D('',#1808,#1809);
#1808 = CARTESIAN_POINT('',(1.368466519923E-16,-10.0225998622));
#1809 = DIRECTION('',(1.,0.));
#1810 = ( GEOMETRIC_REPRESENTATION_CONTEXT(2) 
PARAMETRIC_REPRESENTATION_CONTEXT() REPRESENTATION_CONTEXT('2D SPACE',''
  ) );
#1811 = ORIENTED_EDGE('',*,*,#1762,.F.);
#1812 = ORIENTED_EDGE('',*,*,#426,.F.);
#1813 = ADVANCED_FACE('',(#1814),#666,.F.);
#1814 = FACE_BOUND('',#1815,.F.);
#1815 = EDGE_LOOP('',(#1816,#1837,#1838,#1839));
#1816 = ORIENTED_EDGE('',*,*,#1817,.T.);
#1817 = EDGE_CURVE('',#623,#894,#1818,.T.);
#1818 = SURFACE_CURVE('',#1819,(#1823,#1830),.PCURVE_S1.);
#1819 = LINE('',#1820,#1821);
#1820 = CARTESIAN_POINT('',(-12.5015625,5.048306611367,-7.7216));
#1821 = VECTOR('',#1822,1.);
#1822 = DIRECTION('',(0.,0.,1.));
#1823 = PCURVE('',#666,#1824);
#1824 = DEFINITIONAL_REPRESENTATION('',(#1825),#1829);
#1825 = LINE('',#1826,#1827);
#1826 = CARTESIAN_POINT('',(0.,0.));
#1827 = VECTOR('',#1828,1.);
#1828 = DIRECTION('',(0.,-1.));
#1829 = ( GEOMETRIC_REPRESENTATION_CONTEXT(2) 
PARAMETRIC_REPRESENTATION_CONTEXT() REPRESENTATION_CONTEXT('2D SPACE',''
  ) );
#1830 = PCURVE('',#638,#1831);
#1831 = DEFINITIONAL_REPRESENTATION('',(#1832),#1836);
#1832 = LINE('',#1833,#1834);
#1833 = CARTESIAN_POINT('',(10.327139109572,0.));
#1834 = VECTOR('',#1835,1.);
#1835 = DIRECTION('',(0.,-1.));
#1836 = ( GEOMETRIC_REPRESENTATION_CONTEXT(2) 
PARAMETRIC_REPRESENTATION_CONTEXT() REPRESENTATION_CONTEXT('2D SPACE',''
  ) );
#1837 = ORIENTED_EDGE('',*,*,#916,.T.);
#1838 = ORIENTED_EDGE('',*,*,#1090,.F.);
#1839 = ORIENTED_EDGE('',*,*,#650,.F.);
#1840 = ADVANCED_FACE('',(#1841),#638,.F.);
#1841 = FACE_BOUND('',#1842,.F.);
#1842 = EDGE_LOOP('',(#1843,#1864,#1865,#1866));
#1843 = ORIENTED_EDGE('',*,*,#1844,.T.);
#1844 = EDGE_CURVE('',#595,#871,#1845,.T.);
#1845 = SURFACE_CURVE('',#1846,(#1850,#1857),.PCURVE_S1.);
#1846 = LINE('',#1847,#1848);
#1847 = CARTESIAN_POINT('',(-2.480469,7.5438,-7.7216));
#1848 = VECTOR('',#1849,1.);
#1849 = DIRECTION('',(0.,0.,1.));
#1850 = PCURVE('',#638,#1851);
#1851 = DEFINITIONAL_REPRESENTATION('',(#1852),#1856);
#1852 = LINE('',#1853,#1854);
#1853 = CARTESIAN_POINT('',(0.,0.));
#1854 = VECTOR('',#1855,1.);
#1855 = DIRECTION('',(0.,-1.));
#1856 = ( GEOMETRIC_REPRESENTATION_CONTEXT(2) 
PARAMETRIC_REPRESENTATION_CONTEXT() REPRESENTATION_CONTEXT('2D SPACE',''
  ) );
#1857 = PCURVE('',#610,#1858);
#1858 = DEFINITIONAL_REPRESENTATION('',(#1859),#1863);
#1859 = LINE('',#1860,#1861);
#1860 = CARTESIAN_POINT('',(22.262397052976,0.));
#1861 = VECTOR('',#1862,1.);
#1862 = DIRECTION('',(0.,-1.));
#1863 = ( GEOMETRIC_REPRESENTATION_CONTEXT(2) 
PARAMETRIC_REPRESENTATION_CONTEXT() REPRESENTATION_CONTEXT('2D SPACE',''
  ) );
#1864 = ORIENTED_EDGE('',*,*,#893,.T.);
#1865 = ORIENTED_EDGE('',*,*,#1817,.F.);
#1866 = ORIENTED_EDGE('',*,*,#622,.F.);
#1867 = ADVANCED_FACE('',(#1868),#610,.F.);
#1868 = FACE_BOUND('',#1869,.F.);
#1869 = EDGE_LOOP('',(#1870,#1891,#1892,#1893));
#1870 = ORIENTED_EDGE('',*,*,#1871,.T.);
#1871 = EDGE_CURVE('',#567,#848,#1872,.T.);
#1872 = SURFACE_CURVE('',#1873,(#1877,#1884),.PCURVE_S1.);
#1873 = LINE('',#1874,#1875);
#1874 = CARTESIAN_POINT('',(-1.190625,29.7688,-7.7216));
#1875 = VECTOR('',#1876,1.);
#1876 = DIRECTION('',(0.,0.,1.));
#1877 = PCURVE('',#610,#1878);
#1878 = DEFINITIONAL_REPRESENTATION('',(#1879),#1883);
#1879 = LINE('',#1880,#1881);
#1880 = CARTESIAN_POINT('',(0.,0.));
#1881 = VECTOR('',#1882,1.);
#1882 = DIRECTION('',(0.,-1.));
#1883 = ( GEOMETRIC_REPRESENTATION_CONTEXT(2) 
PARAMETRIC_REPRESENTATION_CONTEXT() REPRESENTATION_CONTEXT('2D SPACE',''
  ) );
#1884 = PCURVE('',#582,#1885);
#1885 = DEFINITIONAL_REPRESENTATION('',(#1886),#1890);
#1886 = LINE('',#1887,#1888);
#1887 = CARTESIAN_POINT('',(2.38125,0.));
#1888 = VECTOR('',#1889,1.);
#1889 = DIRECTION('',(0.,-1.));
#1890 = ( GEOMETRIC_REPRESENTATION_CONTEXT(2) 
PARAMETRIC_REPRESENTATION_CONTEXT() REPRESENTATION_CONTEXT('2D SPACE',''
  ) );
#1891 = ORIENTED_EDGE('',*,*,#870,.T.);
#1892 = ORIENTED_EDGE('',*,*,#1844,.F.);
#1893 = ORIENTED_EDGE('',*,*,#594,.F.);
#1894 = ADVANCED_FACE('',(#1895),#582,.F.);
#1895 = FACE_BOUND('',#1896,.F.);
#1896 = EDGE_LOOP('',(#1897,#1918,#1919,#1920));
#1897 = ORIENTED_EDGE('',*,*,#1898,.T.);
#1898 = EDGE_CURVE('',#539,#825,#1899,.T.);
#1899 = SURFACE_CURVE('',#1900,(#1904,#1911),.PCURVE_S1.);
#1900 = LINE('',#1901,#1902);
#1901 = CARTESIAN_POINT('',(1.190625,29.7688,-7.7216));
#1902 = VECTOR('',#1903,1.);
#1903 = DIRECTION('',(0.,0.,1.));
#1904 = PCURVE('',#582,#1905);
#1905 = DEFINITIONAL_REPRESENTATION('',(#1906),#1910);
#1906 = LINE('',#1907,#1908);
#1907 = CARTESIAN_POINT('',(0.,-0.));
#1908 = VECTOR('',#1909,1.);
#1909 = DIRECTION('',(0.,-1.));
#1910 = ( GEOMETRIC_REPRESENTATION_CONTEXT(2) 
PARAMETRIC_REPRESENTATION_CONTEXT() REPRESENTATION_CONTEXT('2D SPACE',''
  ) );
#1911 = PCURVE('',#554,#1912);
#1912 = DEFINITIONAL_REPRESENTATION('',(#1913),#1917);
#1913 = LINE('',#1914,#1915);
#1914 = CARTESIAN_POINT('',(22.262397052976,0.));
#1915 = VECTOR('',#1916,1.);
#1916 = DIRECTION('',(0.,-1.));
#1917 = ( GEOMETRIC_REPRESENTATION_CONTEXT(2) 
PARAMETRIC_REPRESENTATION_CONTEXT() REPRESENTATION_CONTEXT('2D SPACE',''
  ) );
#1918 = ORIENTED_EDGE('',*,*,#847,.T.);
#1919 = ORIENTED_EDGE('',*,*,#1871,.F.);
#1920 = ORIENTED_EDGE('',*,*,#566,.F.);
#1921 = ADVANCED_FACE('',(#1922),#554,.F.);
#1922 = FACE_BOUND('',#1923,.F.);
#1923 = EDGE_LOOP('',(#1924,#1945,#1946,#1947));
#1924 = ORIENTED_EDGE('',*,*,#1925,.T.);
#1925 = EDGE_CURVE('',#511,#802,#1926,.T.);
#1926 = SURFACE_CURVE('',#1927,(#1931,#1938),.PCURVE_S1.);
#1927 = LINE('',#1928,#1929);
#1928 = CARTESIAN_POINT('',(2.480469,7.5438,-7.7216));
#1929 = VECTOR('',#1930,1.);
#1930 = DIRECTION('',(0.,0.,1.));
#1931 = PCURVE('',#554,#1932);
#1932 = DEFINITIONAL_REPRESENTATION('',(#1933),#1937);
#1933 = LINE('',#1934,#1935);
#1934 = CARTESIAN_POINT('',(0.,0.));
#1935 = VECTOR('',#1936,1.);
#1936 = DIRECTION('',(0.,-1.));
#1937 = ( GEOMETRIC_REPRESENTATION_CONTEXT(2) 
PARAMETRIC_REPRESENTATION_CONTEXT() REPRESENTATION_CONTEXT('2D SPACE',''
  ) );
#1938 = PCURVE('',#526,#1939);
#1939 = DEFINITIONAL_REPRESENTATION('',(#1940),#1944);
#1940 = LINE('',#1941,#1942);
#1941 = CARTESIAN_POINT('',(10.327139109572,0.));
#1942 = VECTOR('',#1943,1.);
#1943 = DIRECTION('',(0.,-1.));
#1944 = ( GEOMETRIC_REPRESENTATION_CONTEXT(2) 
PARAMETRIC_REPRESENTATION_CONTEXT() REPRESENTATION_CONTEXT('2D SPACE',''
  ) );
#1945 = ORIENTED_EDGE('',*,*,#824,.T.);
#1946 = ORIENTED_EDGE('',*,*,#1898,.F.);
#1947 = ORIENTED_EDGE('',*,*,#538,.F.);
#1948 = ADVANCED_FACE('',(#1949),#526,.F.);
#1949 = FACE_BOUND('',#1950,.F.);
#1950 = EDGE_LOOP('',(#1951,#1952,#1953,#1954));
#1951 = ORIENTED_EDGE('',*,*,#750,.T.);
#1952 = ORIENTED_EDGE('',*,*,#801,.T.);
#1953 = ORIENTED_EDGE('',*,*,#1925,.F.);
#1954 = ORIENTED_EDGE('',*,*,#510,.F.);
#1955 = ADVANCED_FACE('',(#1956),#1074,.T.);
#1956 = FACE_BOUND('',#1957,.F.);
#1957 = EDGE_LOOP('',(#1958,#1981,#2008,#2009));
#1958 = ORIENTED_EDGE('',*,*,#1959,.T.);
#1959 = EDGE_CURVE('',#1058,#1960,#1962,.T.);
#1960 = VERTEX_POINT('',#1961);
#1961 = CARTESIAN_POINT('',(1.091406,0.,7.7216));
#1962 = SEAM_CURVE('',#1963,(#1967,#1974),.PCURVE_S1.);
#1963 = LINE('',#1964,#1965);
#1964 = CARTESIAN_POINT('',(1.091406,0.,6.5484375));
#1965 = VECTOR('',#1966,1.);
#1966 = DIRECTION('',(0.,0.,1.));
#1967 = PCURVE('',#1074,#1968);
#1968 = DEFINITIONAL_REPRESENTATION('',(#1969),#1973);
#1969 = LINE('',#1970,#1971);
#1970 = CARTESIAN_POINT('',(-0.,0.));
#1971 = VECTOR('',#1972,1.);
#1972 = DIRECTION('',(-0.,-1.));
#1973 = ( GEOMETRIC_REPRESENTATION_CONTEXT(2) 
PARAMETRIC_REPRESENTATION_CONTEXT() REPRESENTATION_CONTEXT('2D SPACE',''
  ) );
#1974 = PCURVE('',#1074,#1975);
#1975 = DEFINITIONAL_REPRESENTATION('',(#1976),#1980);
#1976 = LINE('',#1977,#1978);
#1977 = CARTESIAN_POINT('',(-6.28318530718,0.));
#1978 = VECTOR('',#1979,1.);
#1979 = DIRECTION('',(-0.,-1.));
#1980 = ( GEOMETRIC_REPRESENTATION_CONTEXT(2) 
PARAMETRIC_REPRESENTATION_CONTEXT() REPRESENTATION_CONTEXT('2D SPACE',''
  ) );
#1981 = ORIENTED_EDGE('',*,*,#1982,.T.);
#1982 = EDGE_CURVE('',#1960,#1960,#1983,.T.);
#1983 = SURFACE_CURVE('',#1984,(#1989,#1996),.PCURVE_S1.);
#1984 = CIRCLE('',#1985,1.091406);
#1985 = AXIS2_PLACEMENT_3D('',#1986,#1987,#1988);
#1986 = CARTESIAN_POINT('',(0.,0.,7.7216));
#1987 = DIRECTION('',(0.,0.,1.));
#1988 = DIRECTION('',(1.,0.,0.));
#1989 = PCURVE('',#1074,#1990);
#1990 = DEFINITIONAL_REPRESENTATION('',(#1991),#1995);
#1991 = LINE('',#1992,#1993);
#1992 = CARTESIAN_POINT('',(-0.,-1.1731625));
#1993 = VECTOR('',#1994,1.);
#1994 = DIRECTION('',(-1.,0.));
#1995 = ( GEOMETRIC_REPRESENTATION_CONTEXT(2) 
PARAMETRIC_REPRESENTATION_CONTEXT() REPRESENTATION_CONTEXT('2D SPACE',''
  ) );
#1996 = PCURVE('',#1997,#2002);
#1997 = PLANE('',#1998);
#1998 = AXIS2_PLACEMENT_3D('',#1999,#2000,#2001);
#1999 = CARTESIAN_POINT('',(-1.368466519923E-16,10.022599862208,7.7216)
  );
#2000 = DIRECTION('',(0.,0.,1.));
#2001 = DIRECTION('',(1.,0.,0.));
#2002 = DEFINITIONAL_REPRESENTATION('',(#2003),#2007);
#2003 = CIRCLE('',#2004,1.091406);
#2004 = AXIS2_PLACEMENT_2D('',#2005,#2006);
#2005 = CARTESIAN_POINT('',(1.368466519923E-16,-10.0225998622));
#2006 = DIRECTION('',(1.,0.));
#2007 = ( GEOMETRIC_REPRESENTATION_CONTEXT(2) 
PARAMETRIC_REPRESENTATION_CONTEXT() REPRESENTATION_CONTEXT('2D SPACE',''
  ) );
#2008 = ORIENTED_EDGE('',*,*,#1959,.F.);
#2009 = ORIENTED_EDGE('',*,*,#1057,.F.);
#2010 = ADVANCED_FACE('',(#2011),#1170,.T.);
#2011 = FACE_BOUND('',#2012,.T.);
#2012 = EDGE_LOOP('',(#2013,#2034,#2035,#2036));
#2013 = ORIENTED_EDGE('',*,*,#2014,.F.);
#2014 = EDGE_CURVE('',#1443,#1546,#2015,.T.);
#2015 = SURFACE_CURVE('',#2016,(#2020,#2027),.PCURVE_S1.);
#2016 = LINE('',#2017,#2018);
#2017 = CARTESIAN_POINT('',(-11.46175,3.429,5.6896));
#2018 = VECTOR('',#2019,1.);
#2019 = DIRECTION('',(0.,2.22044604925E-16,-1.));
#2020 = PCURVE('',#1170,#2021);
#2021 = DEFINITIONAL_REPRESENTATION('',(#2022),#2026);
#2022 = LINE('',#2023,#2024);
#2023 = CARTESIAN_POINT('',(0.,0.));
#2024 = VECTOR('',#2025,1.);
#2025 = DIRECTION('',(1.,0.));
#2026 = ( GEOMETRIC_REPRESENTATION_CONTEXT(2) 
PARAMETRIC_REPRESENTATION_CONTEXT() REPRESENTATION_CONTEXT('2D SPACE',''
  ) );
#2027 = PCURVE('',#1458,#2028);
#2028 = DEFINITIONAL_REPRESENTATION('',(#2029),#2033);
#2029 = LINE('',#2030,#2031);
#2030 = CARTESIAN_POINT('',(5.6896,-11.46175));
#2031 = VECTOR('',#2032,1.);
#2032 = DIRECTION('',(-1.,0.));
#2033 = ( GEOMETRIC_REPRESENTATION_CONTEXT(2) 
PARAMETRIC_REPRESENTATION_CONTEXT() REPRESENTATION_CONTEXT('2D SPACE',''
  ) );
#2034 = ORIENTED_EDGE('',*,*,#1470,.T.);
#2035 = ORIENTED_EDGE('',*,*,#1155,.T.);
#2036 = ORIENTED_EDGE('',*,*,#1545,.F.);
#2037 = ADVANCED_FACE('',(#2038),#1458,.F.);
#2038 = FACE_BOUND('',#2039,.F.);
#2039 = EDGE_LOOP('',(#2040,#2041,#2042,#2043));
#2040 = ORIENTED_EDGE('',*,*,#1568,.F.);
#2041 = ORIENTED_EDGE('',*,*,#2014,.F.);
#2042 = ORIENTED_EDGE('',*,*,#1442,.F.);
#2043 = ORIENTED_EDGE('',*,*,#2044,.T.);
#2044 = EDGE_CURVE('',#1416,#1569,#2045,.T.);
#2045 = SURFACE_CURVE('',#2046,(#2050,#2056),.PCURVE_S1.);
#2046 = LINE('',#2047,#2048);
#2047 = CARTESIAN_POINT('',(-10.59511637009,3.429,-3.8608));
#2048 = VECTOR('',#2049,1.);
#2049 = DIRECTION('',(9.403043203627E-16,2.341583994569E-16,-1.));
#2050 = PCURVE('',#1458,#2051);
#2051 = DEFINITIONAL_REPRESENTATION('',(#2052),#2055);
#2052 = B_SPLINE_CURVE_WITH_KNOTS('',1,(#2053,#2054),.UNSPECIFIED.,.F.,
  .F.,(2,2),(-9.5504,1.8288),.PIECEWISE_BEZIER_KNOTS.);
#2053 = CARTESIAN_POINT('',(5.6896,-10.59511637009));
#2054 = CARTESIAN_POINT('',(-5.6896,-10.59511637009));
#2055 = ( GEOMETRIC_REPRESENTATION_CONTEXT(2) 
PARAMETRIC_REPRESENTATION_CONTEXT() REPRESENTATION_CONTEXT('2D SPACE',''
  ) );
#2056 = PCURVE('',#1431,#2057);
#2057 = DEFINITIONAL_REPRESENTATION('',(#2058),#2061);
#2058 = B_SPLINE_CURVE_WITH_KNOTS('',1,(#2059,#2060),.UNSPECIFIED.,.F.,
  .F.,(2,2),(-9.5504,1.8288),.PIECEWISE_BEZIER_KNOTS.);
#2059 = CARTESIAN_POINT('',(8.868486735679,-13.4112));
#2060 = CARTESIAN_POINT('',(8.868486735679,-2.032));
#2061 = ( GEOMETRIC_REPRESENTATION_CONTEXT(2) 
PARAMETRIC_REPRESENTATION_CONTEXT() REPRESENTATION_CONTEXT('2D SPACE',''
  ) );
#2062 = ADVANCED_FACE('',(#2063),#1431,.T.);
#2063 = FACE_BOUND('',#2064,.T.);
#2064 = EDGE_LOOP('',(#2065,#2066,#2087,#2088));
#2065 = ORIENTED_EDGE('',*,*,#1591,.T.);
#2066 = ORIENTED_EDGE('',*,*,#2067,.T.);
#2067 = EDGE_CURVE('',#1592,#1387,#2068,.T.);
#2068 = SURFACE_CURVE('',#2069,(#2073,#2080),.PCURVE_S1.);
#2069 = LINE('',#2070,#2071);
#2070 = CARTESIAN_POINT('',(-1.989447961947,5.572018485686,-7.7216));
#2071 = VECTOR('',#2072,1.);
#2072 = DIRECTION('',(0.,0.,1.));
#2073 = PCURVE('',#1431,#2074);
#2074 = DEFINITIONAL_REPRESENTATION('',(#2075),#2079);
#2075 = LINE('',#2076,#2077);
#2076 = CARTESIAN_POINT('',(0.,0.));
#2077 = VECTOR('',#2078,1.);
#2078 = DIRECTION('',(0.,-1.));
#2079 = ( GEOMETRIC_REPRESENTATION_CONTEXT(2) 
PARAMETRIC_REPRESENTATION_CONTEXT() REPRESENTATION_CONTEXT('2D SPACE',''
  ) );
#2080 = PCURVE('',#1403,#2081);
#2081 = DEFINITIONAL_REPRESENTATION('',(#2082),#2086);
#2082 = LINE('',#2083,#2084);
#2083 = CARTESIAN_POINT('',(-2.839562033672,0.));
#2084 = VECTOR('',#2085,1.);
#2085 = DIRECTION('',(-0.,1.));
#2086 = ( GEOMETRIC_REPRESENTATION_CONTEXT(2) 
PARAMETRIC_REPRESENTATION_CONTEXT() REPRESENTATION_CONTEXT('2D SPACE',''
  ) );
#2087 = ORIENTED_EDGE('',*,*,#1415,.F.);
#2088 = ORIENTED_EDGE('',*,*,#2044,.T.);
#2089 = ADVANCED_FACE('',(#2090),#1403,.T.);
#2090 = FACE_BOUND('',#2091,.F.);
#2091 = EDGE_LOOP('',(#2092,#2093,#2094,#2095,#2118,#2395));
#2092 = ORIENTED_EDGE('',*,*,#1613,.F.);
#2093 = ORIENTED_EDGE('',*,*,#2067,.T.);
#2094 = ORIENTED_EDGE('',*,*,#1386,.T.);
#2095 = ORIENTED_EDGE('',*,*,#2096,.F.);
#2096 = EDGE_CURVE('',#2097,#1360,#2099,.T.);
#2097 = VERTEX_POINT('',#2098);
#2098 = CARTESIAN_POINT('',(-0.451882415521,7.426069505761,
    1.521827366209));
#2099 = SURFACE_CURVE('',#2100,(#2104,#2111),.PCURVE_S1.);
#2100 = LINE('',#2101,#2102);
#2101 = CARTESIAN_POINT('',(-0.451882415521,7.426069505761,-7.7216));
#2102 = VECTOR('',#2103,1.);
#2103 = DIRECTION('',(0.,0.,1.));
#2104 = PCURVE('',#1403,#2105);
#2105 = DEFINITIONAL_REPRESENTATION('',(#2106),#2110);
#2106 = LINE('',#2107,#2108);
#2107 = CARTESIAN_POINT('',(-1.570796326795,0.));
#2108 = VECTOR('',#2109,1.);
#2109 = DIRECTION('',(-0.,1.));
#2110 = ( GEOMETRIC_REPRESENTATION_CONTEXT(2) 
PARAMETRIC_REPRESENTATION_CONTEXT() REPRESENTATION_CONTEXT('2D SPACE',''
  ) );
#2111 = PCURVE('',#1375,#2112);
#2112 = DEFINITIONAL_REPRESENTATION('',(#2113),#2117);
#2113 = LINE('',#2114,#2115);
#2114 = CARTESIAN_POINT('',(22.262397052976,0.));
#2115 = VECTOR('',#2116,1.);
#2116 = DIRECTION('',(0.,-1.));
#2117 = ( GEOMETRIC_REPRESENTATION_CONTEXT(2) 
PARAMETRIC_REPRESENTATION_CONTEXT() REPRESENTATION_CONTEXT('2D SPACE',''
  ) );
#2118 = ORIENTED_EDGE('',*,*,#2119,.T.);
#2119 = EDGE_CURVE('',#2097,#2120,#2122,.T.);
#2120 = VERTEX_POINT('',#2121);
#2121 = CARTESIAN_POINT('',(-0.451882415521,7.426069505761,
    -1.521827366209));
#2122 = SURFACE_CURVE('',#2123,(#2210,#2300),.PCURVE_S1.);
#2123 = B_SPLINE_CURVE_WITH_KNOTS('',7,(#2124,#2125,#2126,#2127,#2128,
    #2129,#2130,#2131,#2132,#2133,#2134,#2135,#2136,#2137,#2138,#2139,
    #2140,#2141,#2142,#2143,#2144,#2145,#2146,#2147,#2148,#2149,#2150,
    #2151,#2152,#2153,#2154,#2155,#2156,#2157,#2158,#2159,#2160,#2161,
    #2162,#2163,#2164,#2165,#2166,#2167,#2168,#2169,#2170,#2171,#2172,
    #2173,#2174,#2175,#2176,#2177,#2178,#2179,#2180,#2181,#2182,#2183,
    #2184,#2185,#2186,#2187,#2188,#2189,#2190,#2191,#2192,#2193,#2194,
    #2195,#2196,#2197,#2198,#2199,#2200,#2201,#2202,#2203,#2204,#2205,
    #2206,#2207,#2208,#2209),.UNSPECIFIED.,.F.,.F.,(8,6,6,6,6,6,6,6,6,6,
    6,6,6,6,8),(0.,0.161435247826,0.202842915776,0.272119390527,
    0.336027268069,0.370435273906,0.408431494597,0.499994779739,
    0.590949281791,0.630295534774,0.664529202315,0.727806375891,
    0.798139257347,0.838704588717,1.),.UNSPECIFIED.);
#2124 = CARTESIAN_POINT('',(-0.451882415521,7.426069505761,
    1.521827366209));
#2125 = CARTESIAN_POINT('',(-0.459695595171,7.291442436364,
    1.519507366864));
#2126 = CARTESIAN_POINT('',(-0.47795926462,7.156958699862,1.514033433649
    ));
#2127 = CARTESIAN_POINT('',(-0.50673971309,7.023689136603,1.505139620394
    ));
#2128 = CARTESIAN_POINT('',(-0.545947119956,6.892749435956,
    1.492111193988));
#2129 = CARTESIAN_POINT('',(-0.595299118575,6.765282624236,
    1.473748509821));
#2130 = CARTESIAN_POINT('',(-0.654301739727,6.642464242249,
    1.448388793704));
#2131 = CARTESIAN_POINT('',(-0.739410012375,6.495496831321,
    1.404923363638));
#2132 = CARTESIAN_POINT('',(-0.75734147634,6.465909559371,1.39545175906)
  );
#2133 = CARTESIAN_POINT('',(-0.775801045829,6.436775756763,
    1.385351575767));
#2134 = CARTESIAN_POINT('',(-0.794756386723,6.40813149305,1.374593125336
    ));
#2135 = CARTESIAN_POINT('',(-0.814172473805,6.380009597091,
    1.363146891198));
#2136 = CARTESIAN_POINT('',(-0.834011590757,6.352439657055,
    1.350983528637));
#2137 = CARTESIAN_POINT('',(-0.888065006488,6.28029006957,1.316475546274
    ));
#2138 = CARTESIAN_POINT('',(-0.922990427254,6.236720731522,
    1.292774541033));
#2139 = CARTESIAN_POINT('',(-0.958755332134,6.194960537194,
    1.266873492867));
#2140 = CARTESIAN_POINT('',(-0.995077863198,6.155177515479,
    1.238702357458));
#2141 = CARTESIAN_POINT('',(-1.031659931601,6.117490685169,
    1.208223195257));
#2142 = CARTESIAN_POINT('',(-1.068198584283,6.081973546892,
    1.175434964363));
#2143 = CARTESIAN_POINT('',(-1.13779092331,6.017923432498,1.108038386109
    ));
#2144 = CARTESIAN_POINT('',(-1.170847694759,5.989106343648,
    1.073813906941));
#2145 = CARTESIAN_POINT('',(-1.203337689883,5.962221330694,
    1.037744139146));
#2146 = CARTESIAN_POINT('',(-1.235032814389,5.937258492225,
    0.999902204165));
#2147 = CARTESIAN_POINT('',(-1.265714530067,5.914186571793,0.9603963877)
  );
#2148 = CARTESIAN_POINT('',(-1.295181510052,5.892956526504,
    0.919371445778));
#2149 = CARTESIAN_POINT('',(-1.338373298199,5.863032443809,
    0.854202457373));
#2150 = CARTESIAN_POINT('',(-1.353091154333,5.853071929555,
    0.830999890254));
#2151 = CARTESIAN_POINT('',(-1.367389365473,5.843609614047,
    0.807420094818));
#2152 = CARTESIAN_POINT('',(-1.381247918176,5.834631634943,
    0.783482557833));
#2153 = CARTESIAN_POINT('',(-1.394648282557,5.826124206347,
    0.759208367484));
#2154 = CARTESIAN_POINT('',(-1.407573412295,5.818073618813,0.73462021337
    ));
#2155 = CARTESIAN_POINT('',(-1.433738782619,5.802065529608,
    0.682270192843));
#2156 = CARTESIAN_POINT('',(-1.446871760404,5.794205148572,
    0.654444050078));
#2157 = CARTESIAN_POINT('',(-1.459390441972,5.786864061585,
    0.626287471124));
#2158 = CARTESIAN_POINT('',(-1.471280291922,5.780022455734,
    0.597824852781));
#2159 = CARTESIAN_POINT('',(-1.482528475449,5.773661739845,
    0.569081475735));
#2160 = CARTESIAN_POINT('',(-1.493123858354,5.767764544476,
    0.540083504555));
#2161 = CARTESIAN_POINT('',(-1.526993906784,5.749181740596,
    0.440430342917));
#2162 = CARTESIAN_POINT('',(-1.547075881006,5.738651696851,
    0.368708243241));
#2163 = CARTESIAN_POINT('',(-1.563215764712,5.730475281031,
    0.295959232829));
#2164 = CARTESIAN_POINT('',(-1.57535335375,5.724467165406,0.222449874691
    ));
#2165 = CARTESIAN_POINT('',(-1.583452798904,5.720504361646,
    0.148445244649));
#2166 = CARTESIAN_POINT('',(-1.5875,5.718524578306,7.420842530211E-02));
#2167 = CARTESIAN_POINT('',(-1.5875,5.718524578306,-7.371503065775E-02)
  );
#2168 = CARTESIAN_POINT('',(-1.583506442684,5.720478124496,
    -0.147457460226));
#2169 = CARTESIAN_POINT('',(-1.57551449093,5.724388328534,
    -0.220972202027));
#2170 = CARTESIAN_POINT('',(-1.563537862338,5.730315850876,
    -0.294001718808));
#2171 = CARTESIAN_POINT('',(-1.547611342309,5.738380489318,
    -0.366286504536));
#2172 = CARTESIAN_POINT('',(-1.527793297128,5.748762767539,
    -0.437565566193));
#2173 = CARTESIAN_POINT('',(-1.493948137059,5.767304465372,
    -0.53786329941));
#2174 = CARTESIAN_POINT('',(-1.48301716503,5.773381745453,
    -0.567907994039));
#2175 = CARTESIAN_POINT('',(-1.471385635883,5.779955201159,
    -0.597680867665));
#2176 = CARTESIAN_POINT('',(-1.459065870601,5.787044072718,
    -0.627152820218));
#2177 = CARTESIAN_POINT('',(-1.446072146233,5.794669003313,
    -0.656295773344));
#2178 = CARTESIAN_POINT('',(-1.432420695895,5.802852039085,
    -0.685082670409));
#2179 = CARTESIAN_POINT('',(-1.405695668289,5.819242363206,
    -0.738201410211));
#2180 = CARTESIAN_POINT('',(-1.392777266455,5.827308368638,
    -0.762626410069));
#2181 = CARTESIAN_POINT('',(-1.379390030325,5.835828062123,
    -0.786738507912));
#2182 = CARTESIAN_POINT('',(-1.365550943436,5.84481491745,
    -0.810515326279));
#2183 = CARTESIAN_POINT('',(-1.351278445794,5.854282465511,
    -0.833936078407));
#2184 = CARTESIAN_POINT('',(-1.336592433883,5.864244294298,
    -0.85698156823));
#2185 = CARTESIAN_POINT('',(-1.293643913917,5.894066240093,
    -0.921505073829));
#2186 = CARTESIAN_POINT('',(-1.264416891648,5.915165095673,
    -0.962058787448));
#2187 = CARTESIAN_POINT('',(-1.234005423296,5.938071520816,
    -1.001119009584));
#2188 = CARTESIAN_POINT('',(-1.202605513777,5.962832598145,
    -1.038545779235));
#2189 = CARTESIAN_POINT('',(-1.170429635343,5.98947818739,
    -1.074234244451));
#2190 = CARTESIAN_POINT('',(-1.137699419444,6.018017525053,
    -1.108113410724));
#2191 = CARTESIAN_POINT('',(-1.06789081003,6.082245909088,
    -1.175748031323));
#2192 = CARTESIAN_POINT('',(-1.030792463773,6.118323937928,
    -1.209012511188));
#2193 = CARTESIAN_POINT('',(-0.993652972188,6.156637446514,
    -1.239896325437));
#2194 = CARTESIAN_POINT('',(-0.95678889412,6.197109466439,
    -1.268401578576));
#2195 = CARTESIAN_POINT('',(-0.920511494643,6.239614784462,
    -1.294569312629));
#2196 = CARTESIAN_POINT('',(-0.885114554799,6.283976201994,
    -1.318474336603));
#2197 = CARTESIAN_POINT('',(-0.831106714897,6.356482958881,
    -1.352762159908));
#2198 = CARTESIAN_POINT('',(-0.81172341105,6.383556515639,
    -1.364591152004));
#2199 = CARTESIAN_POINT('',(-0.792749869249,6.411156548828,
    -1.375734621651));
#2200 = CARTESIAN_POINT('',(-0.774221214401,6.439255187908,
    -1.386220283309));
#2201 = CARTESIAN_POINT('',(-0.756170096872,6.467821607841,
    -1.396075976484));
#2202 = CARTESIAN_POINT('',(-0.738626692486,6.496822029091,
    -1.405329665723));
#2203 = CARTESIAN_POINT('',(-0.653991725438,6.643110473891,
    -1.448521863282));
#2204 = CARTESIAN_POINT('',(-0.595083279029,6.765840505668,
    -1.473828850876));
#2205 = CARTESIAN_POINT('',(-0.54580962592,6.893208264643,
    -1.492156906447));
#2206 = CARTESIAN_POINT('',(-0.506663542205,7.02404068477,
    -1.505163177603));
#2207 = CARTESIAN_POINT('',(-0.477926720982,7.15719687762,
    -1.514043185905));
#2208 = CARTESIAN_POINT('',(-0.45968859912,7.291562983666,-1.51950944423
    ));
#2209 = CARTESIAN_POINT('',(-0.451882415521,7.426069505761,
    -1.521827366209));
#2210 = PCURVE('',#1403,#2211);
#2211 = DEFINITIONAL_REPRESENTATION('',(#2212),#2299);
#2212 = B_SPLINE_CURVE_WITH_KNOTS('',7,(#2213,#2214,#2215,#2216,#2217,
    #2218,#2219,#2220,#2221,#2222,#2223,#2224,#2225,#2226,#2227,#2228,
    #2229,#2230,#2231,#2232,#2233,#2234,#2235,#2236,#2237,#2238,#2239,
    #2240,#2241,#2242,#2243,#2244,#2245,#2246,#2247,#2248,#2249,#2250,
    #2251,#2252,#2253,#2254,#2255,#2256,#2257,#2258,#2259,#2260,#2261,
    #2262,#2263,#2264,#2265,#2266,#2267,#2268,#2269,#2270,#2271,#2272,
    #2273,#2274,#2275,#2276,#2277,#2278,#2279,#2280,#2281,#2282,#2283,
    #2284,#2285,#2286,#2287,#2288,#2289,#2290,#2291,#2292,#2293,#2294,
    #2295,#2296,#2297,#2298),.UNSPECIFIED.,.F.,.F.,(8,6,6,6,6,6,6,6,6,6,
    6,6,6,6,8),(0.,0.161435247826,0.202842915776,0.272119390527,
    0.336027268069,0.370435273906,0.408431494597,0.499994779739,
    0.590949281791,0.630295534774,0.664529202315,0.727806375891,
    0.798139257347,0.838704588717,1.),.UNSPECIFIED.);
#2213 = CARTESIAN_POINT('',(-1.570796326795,9.243427366209));
#2214 = CARTESIAN_POINT('',(-1.637161287713,9.241107366864));
#2215 = CARTESIAN_POINT('',(-1.703753860264,9.235633433649));
#2216 = CARTESIAN_POINT('',(-1.77052683031,9.226739620394));
#2217 = CARTESIAN_POINT('',(-1.837423076607,9.213711193988));
#2218 = CARTESIAN_POINT('',(-1.904359665004,9.195348509821));
#2219 = CARTESIAN_POINT('',(-1.971215701545,9.169988793704));
#2220 = CARTESIAN_POINT('',(-2.054794339882,9.126523363638));
#2221 = CARTESIAN_POINT('',(-2.07181688767,9.11705175906));
#2222 = CARTESIAN_POINT('',(-2.088784794485,9.106951575767));
#2223 = CARTESIAN_POINT('',(-2.105682610164,9.096193125336));
#2224 = CARTESIAN_POINT('',(-2.122495162105,9.084746891198));
#2225 = CARTESIAN_POINT('',(-2.139207555265,9.072583528637));
#2226 = CARTESIAN_POINT('',(-2.183573564955,9.038075546274));
#2227 = CARTESIAN_POINT('',(-2.211038855073,9.014374541033));
#2228 = CARTESIAN_POINT('',(-2.238074712286,8.988473492867));
#2229 = CARTESIAN_POINT('',(-2.264562638683,8.960302357458));
#2230 = CARTESIAN_POINT('',(-2.290391932601,8.929823195257));
#2231 = CARTESIAN_POINT('',(-2.315459652533,8.897034964363));
#2232 = CARTESIAN_POINT('',(-2.362005277795,8.829638386109));
#2233 = CARTESIAN_POINT('',(-2.383579053262,8.795413906941));
#2234 = CARTESIAN_POINT('',(-2.404322115939,8.759344139146));
#2235 = CARTESIAN_POINT('',(-2.42416742336,8.721502204165));
#2236 = CARTESIAN_POINT('',(-2.443052788845,8.6819963877));
#2237 = CARTESIAN_POINT('',(-2.460922988248,8.640971445778));
#2238 = CARTESIAN_POINT('',(-2.486781768055,8.575802457373));
#2239 = CARTESIAN_POINT('',(-2.495527101304,8.552599890254));
#2240 = CARTESIAN_POINT('',(-2.503964225627,8.529020094818));
#2241 = CARTESIAN_POINT('',(-2.512089788762,8.505082557833));
#2242 = CARTESIAN_POINT('',(-2.519900726994,8.480808367484));
#2243 = CARTESIAN_POINT('',(-2.527394265165,8.45622021337));
#2244 = CARTESIAN_POINT('',(-2.5424896674,8.403870192843));
#2245 = CARTESIAN_POINT('',(-2.550021622529,8.376044050078));
#2246 = CARTESIAN_POINT('',(-2.557163086419,8.347887471124));
#2247 = CARTESIAN_POINT('',(-2.563913524709,8.319424852781));
#2248 = CARTESIAN_POINT('',(-2.570272564309,8.290681475735));
#2249 = CARTESIAN_POINT('',(-2.576239993404,8.261683504555));
#2250 = CARTESIAN_POINT('',(-2.595252246183,8.162030342917));
#2251 = CARTESIAN_POINT('',(-2.606409547593,8.090308243241));
#2252 = CARTESIAN_POINT('',(-2.615312254263,8.017559232829));
#2253 = CARTESIAN_POINT('',(-2.621977160575,7.944049874691));
#2254 = CARTESIAN_POINT('',(-2.626414978076,7.870045244649));
#2255 = CARTESIAN_POINT('',(-2.628632046842,7.795808425302));
#2256 = CARTESIAN_POINT('',(-2.628632046842,7.647884969342));
#2257 = CARTESIAN_POINT('',(-2.626444358253,7.574142539774));
#2258 = CARTESIAN_POINT('',(-2.622065449027,7.500627797973));
#2259 = CARTESIAN_POINT('',(-2.615489127028,7.427598281192));
#2260 = CARTESIAN_POINT('',(-2.606704898653,7.355313495464));
#2261 = CARTESIAN_POINT('',(-2.595696327455,7.284034433807));
#2262 = CARTESIAN_POINT('',(-2.576704539692,7.18373670059));
#2263 = CARTESIAN_POINT('',(-2.570549705866,7.153692005961));
#2264 = CARTESIAN_POINT('',(-2.563974941359,7.123919132335));
#2265 = CARTESIAN_POINT('',(-2.556980481875,7.094447179782));
#2266 = CARTESIAN_POINT('',(-2.549566748754,7.065304226656));
#2267 = CARTESIAN_POINT('',(-2.541734348973,7.036517329591));
#2268 = CARTESIAN_POINT('',(-2.526305827919,6.983398589789));
#2269 = CARTESIAN_POINT('',(-2.518811085418,6.958973589931));
#2270 = CARTESIAN_POINT('',(-2.511002361662,6.934861492088));
#2271 = CARTESIAN_POINT('',(-2.502882456564,6.911084673721));
#2272 = CARTESIAN_POINT('',(-2.494454455927,6.887663921593));
#2273 = CARTESIAN_POINT('',(-2.485721731441,6.86461843177));
#2274 = CARTESIAN_POINT('',(-2.45998997093,6.800094926171));
#2275 = CARTESIAN_POINT('',(-2.442253262372,6.759541212552));
#2276 = CARTESIAN_POINT('',(-2.423522981626,6.720480990416));
#2277 = CARTESIAN_POINT('',(-2.40385299094,6.683054220765));
#2278 = CARTESIAN_POINT('',(-2.383303844709,6.647365755549));
#2279 = CARTESIAN_POINT('',(-2.361940785988,6.613486589276));
#2280 = CARTESIAN_POINT('',(-2.315257435847,6.545851968677));
#2281 = CARTESIAN_POINT('',(-2.289800222358,6.512587488812));
#2282 = CARTESIAN_POINT('',(-2.263559436485,6.481703674563));
#2283 = CARTESIAN_POINT('',(-2.236642538686,6.453198421424));
#2284 = CARTESIAN_POINT('',(-2.209165182095,6.427030687371));
#2285 = CARTESIAN_POINT('',(-2.181251278703,6.403125663397));
#2286 = CARTESIAN_POINT('',(-2.136757873265,6.368837840092));
#2287 = CARTESIAN_POINT('',(-2.120374551037,6.357008847996));
#2288 = CARTESIAN_POINT('',(-2.10389675213,6.345865378349));
#2289 = CARTESIAN_POINT('',(-2.087338380945,6.335379716691));
#2290 = CARTESIAN_POINT('',(-2.070713592998,6.325524023516));
#2291 = CARTESIAN_POINT('',(-2.054036794917,6.316270334277));
#2292 = CARTESIAN_POINT('',(-1.970864028588,6.273078136718));
#2293 = CARTESIAN_POINT('',(-1.904066723819,6.247771149124));
#2294 = CARTESIAN_POINT('',(-1.837188638157,6.229443093553));
#2295 = CARTESIAN_POINT('',(-1.770350662394,6.216436822397));
#2296 = CARTESIAN_POINT('',(-1.703635915882,6.207556814095));
#2297 = CARTESIAN_POINT('',(-1.63710186343,6.20209055577));
#2298 = CARTESIAN_POINT('',(-1.570796326795,6.199772633791));
#2299 = ( GEOMETRIC_REPRESENTATION_CONTEXT(2) 
PARAMETRIC_REPRESENTATION_CONTEXT() REPRESENTATION_CONTEXT('2D SPACE',''
  ) );
#2300 = PCURVE('',#2301,#2306);
#2301 = CYLINDRICAL_SURFACE('',#2302,1.5875);
#2302 = AXIS2_PLACEMENT_3D('',#2303,#2304,#2305);
#2303 = CARTESIAN_POINT('',(0.,13.208,-2.93276514185E-15));
#2304 = DIRECTION('',(0.,1.,2.22044604925E-16));
#2305 = DIRECTION('',(1.,0.,0.));
#2306 = DEFINITIONAL_REPRESENTATION('',(#2307),#2394);
#2307 = B_SPLINE_CURVE_WITH_KNOTS('',7,(#2308,#2309,#2310,#2311,#2312,
    #2313,#2314,#2315,#2316,#2317,#2318,#2319,#2320,#2321,#2322,#2323,
    #2324,#2325,#2326,#2327,#2328,#2329,#2330,#2331,#2332,#2333,#2334,
    #2335,#2336,#2337,#2338,#2339,#2340,#2341,#2342,#2343,#2344,#2345,
    #2346,#2347,#2348,#2349,#2350,#2351,#2352,#2353,#2354,#2355,#2356,
    #2357,#2358,#2359,#2360,#2361,#2362,#2363,#2364,#2365,#2366,#2367,
    #2368,#2369,#2370,#2371,#2372,#2373,#2374,#2375,#2376,#2377,#2378,
    #2379,#2380,#2381,#2382,#2383,#2384,#2385,#2386,#2387,#2388,#2389,
    #2390,#2391,#2392,#2393),.UNSPECIFIED.,.F.,.F.,(8,6,6,6,6,6,6,6,6,6,
    6,6,6,6,8),(0.,0.161435247826,0.202842915776,0.272119390527,
    0.336027268069,0.370435273906,0.408431494597,0.499994779739,
    0.590949281791,0.630295534774,0.664529202315,0.727806375891,
    0.798139257347,0.838704588717,1.),.UNSPECIFIED.);
#2308 = CARTESIAN_POINT('',(-1.859437986555,-5.781930494239));
#2309 = CARTESIAN_POINT('',(-1.864572064061,-5.916557563636));
#2310 = CARTESIAN_POINT('',(-1.876582231688,-6.051041300138));
#2311 = CARTESIAN_POINT('',(-1.895557062052,-6.184310863397));
#2312 = CARTESIAN_POINT('',(-1.921571221498,-6.315250564044));
#2313 = CARTESIAN_POINT('',(-1.954697493537,-6.442717375764));
#2314 = CARTESIAN_POINT('',(-1.995063466331,-6.565535757751));
#2315 = CARTESIAN_POINT('',(-2.055261866674,-6.712503168679));
#2316 = CARTESIAN_POINT('',(-2.068035078929,-6.742090440629));
#2317 = CARTESIAN_POINT('',(-2.081287558133,-6.771224243237));
#2318 = CARTESIAN_POINT('',(-2.095013832048,-6.79986850695));
#2319 = CARTESIAN_POINT('',(-2.109208203307,-6.827990402909));
#2320 = CARTESIAN_POINT('',(-2.123864749414,-6.855560342945));
#2321 = CARTESIAN_POINT('',(-2.164261185779,-6.92770993043));
#2322 = CARTESIAN_POINT('',(-2.190838681802,-6.971279268478));
#2323 = CARTESIAN_POINT('',(-2.218633503132,-7.013039462806));
#2324 = CARTESIAN_POINT('',(-2.247559169075,-7.052822484521));
#2325 = CARTESIAN_POINT('',(-2.277522039382,-7.090509314831));
#2326 = CARTESIAN_POINT('',(-2.308424327721,-7.126026453108));
#2327 = CARTESIAN_POINT('',(-2.369449987547,-7.190076567502));
#2328 = CARTESIAN_POINT('',(-2.399406452771,-7.218893656352));
#2329 = CARTESIAN_POINT('',(-2.429955752869,-7.245778669306));
#2330 = CARTESIAN_POINT('',(-2.46101273402,-7.270741507775));
#2331 = CARTESIAN_POINT('',(-2.492487042012,-7.293813428207));
#2332 = CARTESIAN_POINT('',(-2.524282317741,-7.315043473496));
#2333 = CARTESIAN_POINT('',(-2.573531234559,-7.344967556191));
#2334 = CARTESIAN_POINT('',(-2.590835924543,-7.354928070445));
#2335 = CARTESIAN_POINT('',(-2.608201094239,-7.364390385953));
#2336 = CARTESIAN_POINT('',(-2.625618180048,-7.373368365057));
#2337 = CARTESIAN_POINT('',(-2.6430784232,-7.381875793653));
#2338 = CARTESIAN_POINT('',(-2.660572869752,-7.389926381187));
#2339 = CARTESIAN_POINT('',(-2.697438880324,-7.405934470392));
#2340 = CARTESIAN_POINT('',(-2.716816342204,-7.413794851428));
#2341 = CARTESIAN_POINT('',(-2.736218892915,-7.421135938415));
#2342 = CARTESIAN_POINT('',(-2.755640658043,-7.427977544266));
#2343 = CARTESIAN_POINT('',(-2.775075752069,-7.434338260155));
#2344 = CARTESIAN_POINT('',(-2.794518278368,-7.440235455524));
#2345 = CARTESIAN_POINT('',(-2.860818599094,-7.458818259404));
#2346 = CARTESIAN_POINT('',(-2.907665420576,-7.469348303149));
#2347 = CARTESIAN_POINT('',(-2.954493797,-7.477524718969));
#2348 = CARTESIAN_POINT('',(-3.001299955342,-7.483532834594));
#2349 = CARTESIAN_POINT('',(-3.048083770374,-7.487495638354));
#2350 = CARTESIAN_POINT('',(-3.094847188833,-7.489475421694));
#2351 = CARTESIAN_POINT('',(-3.188027318571,-7.489475421694));
#2352 = CARTESIAN_POINT('',(-3.234479307436,-7.487521875504));
#2353 = CARTESIAN_POINT('',(-3.280951230528,-7.483611671466));
#2354 = CARTESIAN_POINT('',(-3.327445183928,-7.477684149124));
#2355 = CARTESIAN_POINT('',(-3.373961243425,-7.469619510682));
#2356 = CARTESIAN_POINT('',(-3.42049595848,-7.459237232461));
#2357 = CARTESIAN_POINT('',(-3.487175824522,-7.440695534628));
#2358 = CARTESIAN_POINT('',(-3.50730966391,-7.434618254547));
#2359 = CARTESIAN_POINT('',(-3.527435785993,-7.428044798841));
#2360 = CARTESIAN_POINT('',(-3.547547627242,-7.420955927282));
#2361 = CARTESIAN_POINT('',(-3.567638638958,-7.413330996687));
#2362 = CARTESIAN_POINT('',(-3.587702287281,-7.405147960915));
#2363 = CARTESIAN_POINT('',(-3.625159185245,-7.388757636794));
#2364 = CARTESIAN_POINT('',(-3.642560802905,-7.380691631362));
#2365 = CARTESIAN_POINT('',(-3.65992780319,-7.372171937877));
#2366 = CARTESIAN_POINT('',(-3.677251278742,-7.36318508255));
#2367 = CARTESIAN_POINT('',(-3.694522517813,-7.353717534489));
#2368 = CARTESIAN_POINT('',(-3.711733004269,-7.343755705702));
#2369 = CARTESIAN_POINT('',(-3.760558436971,-7.313933759907));
#2370 = CARTESIAN_POINT('',(-3.79202517328,-7.292834904327));
#2371 = CARTESIAN_POINT('',(-3.823174471703,-7.269928479184));
#2372 = CARTESIAN_POINT('',(-3.853912707268,-7.245167401855));
#2373 = CARTESIAN_POINT('',(-3.884152028734,-7.21852181261));
#2374 = CARTESIAN_POINT('',(-3.913809602477,-7.189982474947));
#2375 = CARTESIAN_POINT('',(-3.975037442959,-7.125754090912));
#2376 = CARTESIAN_POINT('',(-4.006401426762,-7.089676062072));
#2377 = CARTESIAN_POINT('',(-4.036795853606,-7.051362553486));
#2378 = CARTESIAN_POINT('',(-4.066118854266,-7.010890533561));
#2379 = CARTESIAN_POINT('',(-4.094272905769,-6.968385215538));
#2380 = CARTESIAN_POINT('',(-4.121168092674,-6.924023798006));
#2381 = CARTESIAN_POINT('',(-4.161465833081,-6.851517041119));
#2382 = CARTESIAN_POINT('',(-4.175767702389,-6.824443484361));
#2383 = CARTESIAN_POINT('',(-4.189625328188,-6.796843451172));
#2384 = CARTESIAN_POINT('',(-4.203033263896,-6.768744812092));
#2385 = CARTESIAN_POINT('',(-4.215986264449,-6.740178392159));
#2386 = CARTESIAN_POINT('',(-4.228479286304,-6.711177970909));
#2387 = CARTESIAN_POINT('',(-4.288333884595,-6.564889526109));
#2388 = CARTESIAN_POINT('',(-4.328632708299,-6.442159494332));
#2389 = CARTESIAN_POINT('',(-4.361705310245,-6.314791735358));
#2390 = CARTESIAN_POINT('',(-4.387678470877,-6.18395931523));
#2391 = CARTESIAN_POINT('',(-4.406624475305,-6.050803122381));
#2392 = CARTESIAN_POINT('',(-4.418617840256,-5.916437016334));
#2393 = CARTESIAN_POINT('',(-4.423747320624,-5.781930494239));
#2394 = ( GEOMETRIC_REPRESENTATION_CONTEXT(2) 
PARAMETRIC_REPRESENTATION_CONTEXT() REPRESENTATION_CONTEXT('2D SPACE',''
  ) );
#2395 = ORIENTED_EDGE('',*,*,#2396,.F.);
#2396 = EDGE_CURVE('',#1614,#2120,#2397,.T.);
#2397 = SURFACE_CURVE('',#2398,(#2402,#2409),.PCURVE_S1.);
#2398 = LINE('',#2399,#2400);
#2399 = CARTESIAN_POINT('',(-0.451882415521,7.426069505761,-7.7216));
#2400 = VECTOR('',#2401,1.);
#2401 = DIRECTION('',(0.,0.,1.));
#2402 = PCURVE('',#1403,#2403);
#2403 = DEFINITIONAL_REPRESENTATION('',(#2404),#2408);
#2404 = LINE('',#2405,#2406);
#2405 = CARTESIAN_POINT('',(-1.570796326795,0.));
#2406 = VECTOR('',#2407,1.);
#2407 = DIRECTION('',(-0.,1.));
#2408 = ( GEOMETRIC_REPRESENTATION_CONTEXT(2) 
PARAMETRIC_REPRESENTATION_CONTEXT() REPRESENTATION_CONTEXT('2D SPACE',''
  ) );
#2409 = PCURVE('',#1375,#2410);
#2410 = DEFINITIONAL_REPRESENTATION('',(#2411),#2415);
#2411 = LINE('',#2412,#2413);
#2412 = CARTESIAN_POINT('',(22.262397052976,0.));
#2413 = VECTOR('',#2414,1.);
#2414 = DIRECTION('',(0.,-1.));
#2415 = ( GEOMETRIC_REPRESENTATION_CONTEXT(2) 
PARAMETRIC_REPRESENTATION_CONTEXT() REPRESENTATION_CONTEXT('2D SPACE',''
  ) );
#2416 = ADVANCED_FACE('',(#2417),#1375,.T.);
#2417 = FACE_BOUND('',#2418,.T.);
#2418 = EDGE_LOOP('',(#2419,#2420,#2421,#2440,#2441,#2442,#2469,#2495));
#2419 = ORIENTED_EDGE('',*,*,#2396,.F.);
#2420 = ORIENTED_EDGE('',*,*,#1641,.F.);
#2421 = ORIENTED_EDGE('',*,*,#2422,.T.);
#2422 = EDGE_CURVE('',#1642,#1333,#2423,.T.);
#2423 = SURFACE_CURVE('',#2424,(#2428,#2434),.PCURVE_S1.);
#2424 = LINE('',#2425,#2426);
#2425 = CARTESIAN_POINT('',(-1.618150058391E-14,15.212349617902,-7.7216)
  );
#2426 = VECTOR('',#2427,1.);
#2427 = DIRECTION('',(0.,0.,1.));
#2428 = PCURVE('',#1375,#2429);
#2429 = DEFINITIONAL_REPRESENTATION('',(#2430),#2433);
#2430 = B_SPLINE_CURVE_WITH_KNOTS('',1,(#2431,#2432),.UNSPECIFIED.,.F.,
  .F.,(2,2),(0.,15.4432),.PIECEWISE_BEZIER_KNOTS.);
#2431 = CARTESIAN_POINT('',(14.463015301696,0.));
#2432 = CARTESIAN_POINT('',(14.463015301696,-15.4432));
#2433 = ( GEOMETRIC_REPRESENTATION_CONTEXT(2) 
PARAMETRIC_REPRESENTATION_CONTEXT() REPRESENTATION_CONTEXT('2D SPACE',''
  ) );
#2434 = PCURVE('',#1348,#2435);
#2435 = DEFINITIONAL_REPRESENTATION('',(#2436),#2439);
#2436 = B_SPLINE_CURVE_WITH_KNOTS('',1,(#2437,#2438),.UNSPECIFIED.,.F.,
  .F.,(2,2),(0.,15.4432),.PIECEWISE_BEZIER_KNOTS.);
#2437 = CARTESIAN_POINT('',(7.799381751279,0.));
#2438 = CARTESIAN_POINT('',(7.799381751279,-15.4432));
#2439 = ( GEOMETRIC_REPRESENTATION_CONTEXT(2) 
PARAMETRIC_REPRESENTATION_CONTEXT() REPRESENTATION_CONTEXT('2D SPACE',''
  ) );
#2440 = ORIENTED_EDGE('',*,*,#1359,.F.);
#2441 = ORIENTED_EDGE('',*,*,#2096,.F.);
#2442 = ORIENTED_EDGE('',*,*,#2443,.F.);
#2443 = EDGE_CURVE('',#2444,#2097,#2446,.T.);
#2444 = VERTEX_POINT('',#2445);
#2445 = CARTESIAN_POINT('',(-0.116323884299,13.208,1.583232454171));
#2446 = SURFACE_CURVE('',#2447,(#2452,#2459),.PCURVE_S1.);
#2447 = ELLIPSE('',#2448,27.399867985275,1.5875);
#2448 = AXIS2_PLACEMENT_3D('',#2449,#2450,#2451);
#2449 = CARTESIAN_POINT('',(0.,15.212349617902,-2.487710122811E-15));
#2450 = DIRECTION('',(0.998320169527,-5.793823535402E-02,
    1.54074395551E-33));
#2451 = DIRECTION('',(5.793823535402E-02,0.998320169527,
    2.224182298453E-16));
#2452 = PCURVE('',#1375,#2453);
#2453 = DEFINITIONAL_REPRESENTATION('',(#2454),#2458);
#2454 = ELLIPSE('',#2455,27.399867985275,1.5875);
#2455 = AXIS2_PLACEMENT_2D('',#2456,#2457);
#2456 = CARTESIAN_POINT('',(14.463015301696,-7.7216));
#2457 = DIRECTION('',(-1.,-2.224182298453E-16));
#2458 = ( GEOMETRIC_REPRESENTATION_CONTEXT(2) 
PARAMETRIC_REPRESENTATION_CONTEXT() REPRESENTATION_CONTEXT('2D SPACE',''
  ) );
#2459 = PCURVE('',#2301,#2460);
#2460 = DEFINITIONAL_REPRESENTATION('',(#2461),#2468);
#2461 = B_SPLINE_CURVE_WITH_KNOTS('',5,(#2462,#2463,#2464,#2465,#2466,
    #2467),.UNSPECIFIED.,.F.,.F.,(6,6),(1.644134427133,1.889267918562),
  .PIECEWISE_BEZIER_KNOTS.);
#2462 = CARTESIAN_POINT('',(-1.644134427133,6.868401457716E-05));
#2463 = CARTESIAN_POINT('',(-1.693161125419,-1.337394981521));
#2464 = CARTESIAN_POINT('',(-1.742187823705,-2.668836774696));
#2465 = CARTESIAN_POINT('',(-1.791214521991,-3.987559091848));
#2466 = CARTESIAN_POINT('',(-1.840241220276,-5.286925504889));
#2467 = CARTESIAN_POINT('',(-1.889267918562,-6.560558505454));
#2468 = ( GEOMETRIC_REPRESENTATION_CONTEXT(2) 
PARAMETRIC_REPRESENTATION_CONTEXT() REPRESENTATION_CONTEXT('2D SPACE',''
  ) );
#2469 = ORIENTED_EDGE('',*,*,#2470,.F.);
#2470 = EDGE_CURVE('',#2471,#2444,#2473,.T.);
#2471 = VERTEX_POINT('',#2472);
#2472 = CARTESIAN_POINT('',(-0.116323884299,13.208,-1.583232454171));
#2473 = SURFACE_CURVE('',#2474,(#2478,#2484),.PCURVE_S1.);
#2474 = LINE('',#2475,#2476);
#2475 = CARTESIAN_POINT('',(-0.116323884299,13.208,-3.8608));
#2476 = VECTOR('',#2477,1.);
#2477 = DIRECTION('',(0.,0.,1.));
#2478 = PCURVE('',#1375,#2479);
#2479 = DEFINITIONAL_REPRESENTATION('',(#2480),#2483);
#2480 = B_SPLINE_CURVE_WITH_KNOTS('',1,(#2481,#2482),.UNSPECIFIED.,.F.,
  .F.,(2,2),(2.2733,5.4483),.PIECEWISE_BEZIER_KNOTS.);
#2481 = CARTESIAN_POINT('',(16.470737552617,-6.1341));
#2482 = CARTESIAN_POINT('',(16.470737552617,-9.3091));
#2483 = ( GEOMETRIC_REPRESENTATION_CONTEXT(2) 
PARAMETRIC_REPRESENTATION_CONTEXT() REPRESENTATION_CONTEXT('2D SPACE',''
  ) );
#2484 = PCURVE('',#2485,#2490);
#2485 = PLANE('',#2486);
#2486 = AXIS2_PLACEMENT_3D('',#2487,#2488,#2489);
#2487 = CARTESIAN_POINT('',(-5.383622569053E-17,13.208,
    -2.814719895765E-15));
#2488 = DIRECTION('',(0.,1.,0.));
#2489 = DIRECTION('',(0.,0.,1.));
#2490 = DEFINITIONAL_REPRESENTATION('',(#2491),#2494);
#2491 = B_SPLINE_CURVE_WITH_KNOTS('',1,(#2492,#2493),.UNSPECIFIED.,.F.,
  .F.,(2,2),(2.2733,5.4483),.PIECEWISE_BEZIER_KNOTS.);
#2492 = CARTESIAN_POINT('',(-1.5875,-0.116323884299));
#2493 = CARTESIAN_POINT('',(1.5875,-0.116323884299));
#2494 = ( GEOMETRIC_REPRESENTATION_CONTEXT(2) 
PARAMETRIC_REPRESENTATION_CONTEXT() REPRESENTATION_CONTEXT('2D SPACE',''
  ) );
#2495 = ORIENTED_EDGE('',*,*,#2496,.F.);
#2496 = EDGE_CURVE('',#2120,#2471,#2497,.T.);
#2497 = SURFACE_CURVE('',#2498,(#2503,#2510),.PCURVE_S1.);
#2498 = ELLIPSE('',#2499,27.399867985275,1.5875);
#2499 = AXIS2_PLACEMENT_3D('',#2500,#2501,#2502);
#2500 = CARTESIAN_POINT('',(0.,15.212349617902,-2.487710122811E-15));
#2501 = DIRECTION('',(0.998320169527,-5.793823535402E-02,
    1.54074395551E-33));
#2502 = DIRECTION('',(5.793823535402E-02,0.998320169527,
    2.224182298453E-16));
#2503 = PCURVE('',#1375,#2504);
#2504 = DEFINITIONAL_REPRESENTATION('',(#2505),#2509);
#2505 = ELLIPSE('',#2506,27.399867985275,1.5875);
#2506 = AXIS2_PLACEMENT_2D('',#2507,#2508);
#2507 = CARTESIAN_POINT('',(14.463015301696,-7.7216));
#2508 = DIRECTION('',(-1.,-2.224182298453E-16));
#2509 = ( GEOMETRIC_REPRESENTATION_CONTEXT(2) 
PARAMETRIC_REPRESENTATION_CONTEXT() REPRESENTATION_CONTEXT('2D SPACE',''
  ) );
#2510 = PCURVE('',#2301,#2511);
#2511 = DEFINITIONAL_REPRESENTATION('',(#2512),#2519);
#2512 = B_SPLINE_CURVE_WITH_KNOTS('',5,(#2513,#2514,#2515,#2516,#2517,
    #2518),.UNSPECIFIED.,.F.,.F.,(6,6),(4.393917388617,4.639050880046),
  .PIECEWISE_BEZIER_KNOTS.);
#2513 = CARTESIAN_POINT('',(-4.393917388617,-6.560558505454));
#2514 = CARTESIAN_POINT('',(-4.442944086903,-5.286925504889));
#2515 = CARTESIAN_POINT('',(-4.491970785189,-3.987559091848));
#2516 = CARTESIAN_POINT('',(-4.540997483475,-2.668836774696));
#2517 = CARTESIAN_POINT('',(-4.59002418176,-1.337394981521));
#2518 = CARTESIAN_POINT('',(-4.639050880046,6.868401457716E-05));
#2519 = ( GEOMETRIC_REPRESENTATION_CONTEXT(2) 
PARAMETRIC_REPRESENTATION_CONTEXT() REPRESENTATION_CONTEXT('2D SPACE',''
  ) );
#2520 = ADVANCED_FACE('',(#2521),#1348,.T.);
#2521 = FACE_BOUND('',#2522,.T.);
#2522 = EDGE_LOOP('',(#2523,#2524,#2547,#2598,#2624,#2670,#2691,#2692));
#2523 = ORIENTED_EDGE('',*,*,#1663,.F.);
#2524 = ORIENTED_EDGE('',*,*,#2525,.T.);
#2525 = EDGE_CURVE('',#1664,#2526,#2528,.T.);
#2526 = VERTEX_POINT('',#2527);
#2527 = CARTESIAN_POINT('',(0.451882415521,7.426069505761,
    -1.521827366209));
#2528 = SURFACE_CURVE('',#2529,(#2533,#2540),.PCURVE_S1.);
#2529 = LINE('',#2530,#2531);
#2530 = CARTESIAN_POINT('',(0.451882415521,7.426069505761,-7.7216));
#2531 = VECTOR('',#2532,1.);
#2532 = DIRECTION('',(0.,0.,1.));
#2533 = PCURVE('',#1348,#2534);
#2534 = DEFINITIONAL_REPRESENTATION('',(#2535),#2539);
#2535 = LINE('',#2536,#2537);
#2536 = CARTESIAN_POINT('',(0.,0.));
#2537 = VECTOR('',#2538,1.);
#2538 = DIRECTION('',(0.,-1.));
#2539 = ( GEOMETRIC_REPRESENTATION_CONTEXT(2) 
PARAMETRIC_REPRESENTATION_CONTEXT() REPRESENTATION_CONTEXT('2D SPACE',''
  ) );
#2540 = PCURVE('',#1320,#2541);
#2541 = DEFINITIONAL_REPRESENTATION('',(#2542),#2546);
#2542 = LINE('',#2543,#2544);
#2543 = CARTESIAN_POINT('',(-2.839562033672,0.));
#2544 = VECTOR('',#2545,1.);
#2545 = DIRECTION('',(-0.,1.));
#2546 = ( GEOMETRIC_REPRESENTATION_CONTEXT(2) 
PARAMETRIC_REPRESENTATION_CONTEXT() REPRESENTATION_CONTEXT('2D SPACE',''
  ) );
#2547 = ORIENTED_EDGE('',*,*,#2548,.F.);
#2548 = EDGE_CURVE('',#2549,#2526,#2551,.T.);
#2549 = VERTEX_POINT('',#2550);
#2550 = CARTESIAN_POINT('',(0.116323884299,13.208,-1.583232454171));
#2551 = SURFACE_CURVE('',#2552,(#2557,#2564),.PCURVE_S1.);
#2552 = ELLIPSE('',#2553,27.399867985275,1.5875);
#2553 = AXIS2_PLACEMENT_3D('',#2554,#2555,#2556);
#2554 = CARTESIAN_POINT('',(0.,15.212349617902,-2.487710122811E-15));
#2555 = DIRECTION('',(-0.998320169527,-5.793823535402E-02,
    1.54074395551E-33));
#2556 = DIRECTION('',(-5.793823535402E-02,0.998320169527,
    2.224182298453E-16));
#2557 = PCURVE('',#1348,#2558);
#2558 = DEFINITIONAL_REPRESENTATION('',(#2559),#2563);
#2559 = ELLIPSE('',#2560,27.399867985275,1.5875);
#2560 = AXIS2_PLACEMENT_2D('',#2561,#2562);
#2561 = CARTESIAN_POINT('',(7.799381751279,-7.7216));
#2562 = DIRECTION('',(1.,-2.224182298453E-16));
#2563 = ( GEOMETRIC_REPRESENTATION_CONTEXT(2) 
PARAMETRIC_REPRESENTATION_CONTEXT() REPRESENTATION_CONTEXT('2D SPACE',''
  ) );
#2564 = PCURVE('',#2565,#2570);
#2565 = CYLINDRICAL_SURFACE('',#2566,1.5875);
#2566 = AXIS2_PLACEMENT_3D('',#2567,#2568,#2569);
#2567 = CARTESIAN_POINT('',(0.,13.208,-2.93276514185E-15));
#2568 = DIRECTION('',(0.,1.,2.22044604925E-16));
#2569 = DIRECTION('',(1.,0.,0.));
#2570 = DEFINITIONAL_REPRESENTATION('',(#2571),#2597);
#2571 = B_SPLINE_CURVE_WITH_KNOTS('',3,(#2572,#2573,#2574,#2575,#2576,
    #2577,#2578,#2579,#2580,#2581,#2582,#2583,#2584,#2585,#2586,#2587,
    #2588,#2589,#2590,#2591,#2592,#2593,#2594,#2595,#2596),
  .UNSPECIFIED.,.F.,.F.,(4,1,1,1,1,1,1,1,1,1,1,1,1,1,1,1,1,1,1,1,1,1,4),
  (1.644136944847,1.653923355834,1.663709766821,1.673496177807,
    1.683282588794,1.693068999781,1.702855410768,1.712641821754,
    1.722428232741,1.732214643728,1.742001054714,1.751787465701,
    1.761573876688,1.771360287675,1.781146698661,1.790933109648,
    1.800719520635,1.810505931622,1.820292342608,1.830078753595,
    1.839865164582,1.849651575568,1.859437986555),
  .QUASI_UNIFORM_KNOTS.);
#2572 = CARTESIAN_POINT('',(1.497455708743,-1.7763568394E-15));
#2573 = CARTESIAN_POINT('',(1.494193571747,-8.899210300068E-02));
#2574 = CARTESIAN_POINT('',(1.487669297756,-0.266912314234));
#2575 = CARTESIAN_POINT('',(1.477882886769,-0.533575110303));
#2576 = CARTESIAN_POINT('',(1.468096475782,-0.799994840187));
#2577 = CARTESIAN_POINT('',(1.458310064796,-1.066145989732));
#2578 = CARTESIAN_POINT('',(1.448523653809,-1.332003068375));
#2579 = CARTESIAN_POINT('',(1.438737242822,-1.597540614284));
#2580 = CARTESIAN_POINT('',(1.428950831836,-1.862733196082));
#2581 = CARTESIAN_POINT('',(1.419164420849,-2.127555415466));
#2582 = CARTESIAN_POINT('',(1.409378009862,-2.391981909597));
#2583 = CARTESIAN_POINT('',(1.399591598875,-2.655987353536));
#2584 = CARTESIAN_POINT('',(1.389805187889,-2.919546462669));
#2585 = CARTESIAN_POINT('',(1.380018776902,-3.182633995131));
#2586 = CARTESIAN_POINT('',(1.370232365915,-3.44522475422));
#2587 = CARTESIAN_POINT('',(1.360445954928,-3.70729359081));
#2588 = CARTESIAN_POINT('',(1.350659543942,-3.968815405761));
#2589 = CARTESIAN_POINT('',(1.340873132955,-4.229765152334));
#2590 = CARTESIAN_POINT('',(1.331086721968,-4.490117838538));
#2591 = CARTESIAN_POINT('',(1.321300310982,-4.749848529702));
#2592 = CARTESIAN_POINT('',(1.311513899995,-5.008932350231));
#2593 = CARTESIAN_POINT('',(1.301727489008,-5.267344488316));
#2594 = CARTESIAN_POINT('',(1.291941078021,-5.525060189631));
#2595 = CARTESIAN_POINT('',(1.28541680403,-5.69638992462));
#2596 = CARTESIAN_POINT('',(1.282154667035,-5.781930494239));
#2597 = ( GEOMETRIC_REPRESENTATION_CONTEXT(2) 
PARAMETRIC_REPRESENTATION_CONTEXT() REPRESENTATION_CONTEXT('2D SPACE',''
  ) );
#2598 = ORIENTED_EDGE('',*,*,#2599,.F.);
#2599 = EDGE_CURVE('',#2600,#2549,#2602,.T.);
#2600 = VERTEX_POINT('',#2601);
#2601 = CARTESIAN_POINT('',(0.116323884299,13.208,1.583232454171));
#2602 = SURFACE_CURVE('',#2603,(#2607,#2613),.PCURVE_S1.);
#2603 = LINE('',#2604,#2605);
#2604 = CARTESIAN_POINT('',(0.116323884299,13.208,-3.8608));
#2605 = VECTOR('',#2606,1.);
#2606 = DIRECTION('',(0.,0.,-1.));
#2607 = PCURVE('',#1348,#2608);
#2608 = DEFINITIONAL_REPRESENTATION('',(#2609),#2612);
#2609 = B_SPLINE_CURVE_WITH_KNOTS('',1,(#2610,#2611),.UNSPECIFIED.,.F.,
  .F.,(2,2),(-5.4483,-2.2733),.PIECEWISE_BEZIER_KNOTS.);
#2610 = CARTESIAN_POINT('',(5.791659500358,-9.3091));
#2611 = CARTESIAN_POINT('',(5.791659500358,-6.1341));
#2612 = ( GEOMETRIC_REPRESENTATION_CONTEXT(2) 
PARAMETRIC_REPRESENTATION_CONTEXT() REPRESENTATION_CONTEXT('2D SPACE',''
  ) );
#2613 = PCURVE('',#2614,#2619);
#2614 = PLANE('',#2615);
#2615 = AXIS2_PLACEMENT_3D('',#2616,#2617,#2618);
#2616 = CARTESIAN_POINT('',(-5.383622569053E-17,13.208,
    -2.814719895765E-15));
#2617 = DIRECTION('',(0.,1.,0.));
#2618 = DIRECTION('',(0.,0.,1.));
#2619 = DEFINITIONAL_REPRESENTATION('',(#2620),#2623);
#2620 = B_SPLINE_CURVE_WITH_KNOTS('',1,(#2621,#2622),.UNSPECIFIED.,.F.,
  .F.,(2,2),(-5.4483,-2.2733),.PIECEWISE_BEZIER_KNOTS.);
#2621 = CARTESIAN_POINT('',(1.5875,0.116323884299));
#2622 = CARTESIAN_POINT('',(-1.5875,0.116323884299));
#2623 = ( GEOMETRIC_REPRESENTATION_CONTEXT(2) 
PARAMETRIC_REPRESENTATION_CONTEXT() REPRESENTATION_CONTEXT('2D SPACE',''
  ) );
#2624 = ORIENTED_EDGE('',*,*,#2625,.F.);
#2625 = EDGE_CURVE('',#2626,#2600,#2628,.T.);
#2626 = VERTEX_POINT('',#2627);
#2627 = CARTESIAN_POINT('',(0.451882415521,7.426069505761,1.521827366209
    ));
#2628 = SURFACE_CURVE('',#2629,(#2634,#2641),.PCURVE_S1.);
#2629 = ELLIPSE('',#2630,27.399867985275,1.5875);
#2630 = AXIS2_PLACEMENT_3D('',#2631,#2632,#2633);
#2631 = CARTESIAN_POINT('',(0.,15.212349617902,-2.487710122811E-15));
#2632 = DIRECTION('',(-0.998320169527,-5.793823535402E-02,
    1.54074395551E-33));
#2633 = DIRECTION('',(-5.793823535402E-02,0.998320169527,
    2.224182298453E-16));
#2634 = PCURVE('',#1348,#2635);
#2635 = DEFINITIONAL_REPRESENTATION('',(#2636),#2640);
#2636 = ELLIPSE('',#2637,27.399867985275,1.5875);
#2637 = AXIS2_PLACEMENT_2D('',#2638,#2639);
#2638 = CARTESIAN_POINT('',(7.799381751279,-7.7216));
#2639 = DIRECTION('',(1.,-2.224182298453E-16));
#2640 = ( GEOMETRIC_REPRESENTATION_CONTEXT(2) 
PARAMETRIC_REPRESENTATION_CONTEXT() REPRESENTATION_CONTEXT('2D SPACE',''
  ) );
#2641 = PCURVE('',#2565,#2642);
#2642 = DEFINITIONAL_REPRESENTATION('',(#2643),#2669);
#2643 = B_SPLINE_CURVE_WITH_KNOTS('',3,(#2644,#2645,#2646,#2647,#2648,
    #2649,#2650,#2651,#2652,#2653,#2654,#2655,#2656,#2657,#2658,#2659,
    #2660,#2661,#2662,#2663,#2664,#2665,#2666,#2667,#2668),
  .UNSPECIFIED.,.F.,.F.,(4,1,1,1,1,1,1,1,1,1,1,1,1,1,1,1,1,1,1,1,1,1,4),
  (4.423747320624,4.433533731611,4.443320142598,4.453106553585,
    4.462892964571,4.472679375558,4.482465786545,4.492252197532,
    4.502038608518,4.511825019505,4.521611430492,4.531397841478,
    4.541184252465,4.550970663452,4.560757074439,4.570543485425,
    4.580329896412,4.590116307399,4.599902718385,4.609689129372,
    4.619475540359,4.629261951346,4.639048362332),
  .QUASI_UNIFORM_KNOTS.);
#2644 = CARTESIAN_POINT('',(-1.282154667035,-5.781930494239));
#2645 = CARTESIAN_POINT('',(-1.28541680403,-5.69638992462));
#2646 = CARTESIAN_POINT('',(-1.291941078021,-5.525060189631));
#2647 = CARTESIAN_POINT('',(-1.301727489008,-5.267344488316));
#2648 = CARTESIAN_POINT('',(-1.311513899995,-5.008932350231));
#2649 = CARTESIAN_POINT('',(-1.321300310982,-4.749848529702));
#2650 = CARTESIAN_POINT('',(-1.331086721968,-4.490117838538));
#2651 = CARTESIAN_POINT('',(-1.340873132955,-4.229765152334));
#2652 = CARTESIAN_POINT('',(-1.350659543942,-3.968815405761));
#2653 = CARTESIAN_POINT('',(-1.360445954928,-3.70729359081));
#2654 = CARTESIAN_POINT('',(-1.370232365915,-3.44522475422));
#2655 = CARTESIAN_POINT('',(-1.380018776902,-3.182633995131));
#2656 = CARTESIAN_POINT('',(-1.389805187889,-2.919546462669));
#2657 = CARTESIAN_POINT('',(-1.399591598875,-2.655987353536));
#2658 = CARTESIAN_POINT('',(-1.409378009862,-2.391981909597));
#2659 = CARTESIAN_POINT('',(-1.419164420849,-2.127555415466));
#2660 = CARTESIAN_POINT('',(-1.428950831836,-1.862733196082));
#2661 = CARTESIAN_POINT('',(-1.438737242822,-1.597540614284));
#2662 = CARTESIAN_POINT('',(-1.448523653809,-1.332003068375));
#2663 = CARTESIAN_POINT('',(-1.458310064796,-1.066145989732));
#2664 = CARTESIAN_POINT('',(-1.468096475782,-0.799994840187));
#2665 = CARTESIAN_POINT('',(-1.477882886769,-0.533575110303));
#2666 = CARTESIAN_POINT('',(-1.487669297756,-0.266912314234));
#2667 = CARTESIAN_POINT('',(-1.494193571747,-8.899210300067E-02));
#2668 = CARTESIAN_POINT('',(-1.497455708743,3.552713678801E-15));
#2669 = ( GEOMETRIC_REPRESENTATION_CONTEXT(2) 
PARAMETRIC_REPRESENTATION_CONTEXT() REPRESENTATION_CONTEXT('2D SPACE',''
  ) );
#2670 = ORIENTED_EDGE('',*,*,#2671,.T.);
#2671 = EDGE_CURVE('',#2626,#1304,#2672,.T.);
#2672 = SURFACE_CURVE('',#2673,(#2677,#2684),.PCURVE_S1.);
#2673 = LINE('',#2674,#2675);
#2674 = CARTESIAN_POINT('',(0.451882415521,7.426069505761,-7.7216));
#2675 = VECTOR('',#2676,1.);
#2676 = DIRECTION('',(0.,0.,1.));
#2677 = PCURVE('',#1348,#2678);
#2678 = DEFINITIONAL_REPRESENTATION('',(#2679),#2683);
#2679 = LINE('',#2680,#2681);
#2680 = CARTESIAN_POINT('',(0.,0.));
#2681 = VECTOR('',#2682,1.);
#2682 = DIRECTION('',(0.,-1.));
#2683 = ( GEOMETRIC_REPRESENTATION_CONTEXT(2) 
PARAMETRIC_REPRESENTATION_CONTEXT() REPRESENTATION_CONTEXT('2D SPACE',''
  ) );
#2684 = PCURVE('',#1320,#2685);
#2685 = DEFINITIONAL_REPRESENTATION('',(#2686),#2690);
#2686 = LINE('',#2687,#2688);
#2687 = CARTESIAN_POINT('',(-2.839562033672,0.));
#2688 = VECTOR('',#2689,1.);
#2689 = DIRECTION('',(-0.,1.));
#2690 = ( GEOMETRIC_REPRESENTATION_CONTEXT(2) 
PARAMETRIC_REPRESENTATION_CONTEXT() REPRESENTATION_CONTEXT('2D SPACE',''
  ) );
#2691 = ORIENTED_EDGE('',*,*,#1332,.T.);
#2692 = ORIENTED_EDGE('',*,*,#2422,.F.);
#2693 = ADVANCED_FACE('',(#2694),#1320,.T.);
#2694 = FACE_BOUND('',#2695,.F.);
#2695 = EDGE_LOOP('',(#2696,#2717,#2718,#2719,#2878,#3035,#3036));
#2696 = ORIENTED_EDGE('',*,*,#2697,.F.);
#2697 = EDGE_CURVE('',#1686,#1277,#2698,.T.);
#2698 = SURFACE_CURVE('',#2699,(#2703,#2710),.PCURVE_S1.);
#2699 = LINE('',#2700,#2701);
#2700 = CARTESIAN_POINT('',(1.989447961947,5.572018485686,-7.7216));
#2701 = VECTOR('',#2702,1.);
#2702 = DIRECTION('',(0.,0.,1.));
#2703 = PCURVE('',#1320,#2704);
#2704 = DEFINITIONAL_REPRESENTATION('',(#2705),#2709);
#2705 = LINE('',#2706,#2707);
#2706 = CARTESIAN_POINT('',(-1.570796326795,0.));
#2707 = VECTOR('',#2708,1.);
#2708 = DIRECTION('',(-0.,1.));
#2709 = ( GEOMETRIC_REPRESENTATION_CONTEXT(2) 
PARAMETRIC_REPRESENTATION_CONTEXT() REPRESENTATION_CONTEXT('2D SPACE',''
  ) );
#2710 = PCURVE('',#1292,#2711);
#2711 = DEFINITIONAL_REPRESENTATION('',(#2712),#2716);
#2712 = LINE('',#2713,#2714);
#2713 = CARTESIAN_POINT('',(10.327139109572,0.));
#2714 = VECTOR('',#2715,1.);
#2715 = DIRECTION('',(0.,-1.));
#2716 = ( GEOMETRIC_REPRESENTATION_CONTEXT(2) 
PARAMETRIC_REPRESENTATION_CONTEXT() REPRESENTATION_CONTEXT('2D SPACE',''
  ) );
#2717 = ORIENTED_EDGE('',*,*,#1685,.F.);
#2718 = ORIENTED_EDGE('',*,*,#2525,.T.);
#2719 = ORIENTED_EDGE('',*,*,#2720,.T.);
#2720 = EDGE_CURVE('',#2526,#2721,#2723,.T.);
#2721 = VERTEX_POINT('',#2722);
#2722 = CARTESIAN_POINT('',(1.5875,5.718524578306,-1.269767530744E-15));
#2723 = SURFACE_CURVE('',#2724,(#2763,#2805),.PCURVE_S1.);
#2724 = B_SPLINE_CURVE_WITH_KNOTS('',7,(#2725,#2726,#2727,#2728,#2729,
    #2730,#2731,#2732,#2733,#2734,#2735,#2736,#2737,#2738,#2739,#2740,
    #2741,#2742,#2743,#2744,#2745,#2746,#2747,#2748,#2749,#2750,#2751,
    #2752,#2753,#2754,#2755,#2756,#2757,#2758,#2759,#2760,#2761,#2762),
  .UNSPECIFIED.,.F.,.F.,(8,6,6,6,6,6,8),(0.,0.322771129875,
    0.405560966209,0.544071230914,0.671847609071,0.740642431489,1.),
  .UNSPECIFIED.);
#2725 = CARTESIAN_POINT('',(0.451882415521,7.426069505761,
    -1.521827366209));
#2726 = CARTESIAN_POINT('',(0.459695595224,7.291442435447,
    -1.519507366848));
#2727 = CARTESIAN_POINT('',(0.477959264614,7.156958702292,
    -1.514033433592));
#2728 = CARTESIAN_POINT('',(0.506739712482,7.023689134694,
    -1.505139620794));
#2729 = CARTESIAN_POINT('',(0.54594712148,6.892749434995,-1.492111193163
    ));
#2730 = CARTESIAN_POINT('',(0.595299117061,6.765282626506,
    -1.473748510596));
#2731 = CARTESIAN_POINT('',(0.654301740299,6.642464241262,
    -1.448388793412));
#2732 = CARTESIAN_POINT('',(0.739410009598,6.495496836117,
    -1.404923365056));
#2733 = CARTESIAN_POINT('',(0.757341476298,6.465909560024,
    -1.395451758894));
#2734 = CARTESIAN_POINT('',(0.775801048412,6.436775753086,
    -1.385351574198));
#2735 = CARTESIAN_POINT('',(0.794756389066,6.408131489258,
    -1.374593124062));
#2736 = CARTESIAN_POINT('',(0.814172473163,6.380009597457,-1.36314689177
    ));
#2737 = CARTESIAN_POINT('',(0.83401158738,6.352439661563,-1.350983530793
    ));
#2738 = CARTESIAN_POINT('',(0.888065006488,6.28029006957,-1.316475546274
    ));
#2739 = CARTESIAN_POINT('',(0.922990427254,6.236720731522,
    -1.292774541033));
#2740 = CARTESIAN_POINT('',(0.958755332134,6.194960537194,
    -1.266873492867));
#2741 = CARTESIAN_POINT('',(0.995077863198,6.155177515479,
    -1.238702357458));
#2742 = CARTESIAN_POINT('',(1.031659931601,6.117490685169,
    -1.208223195258));
#2743 = CARTESIAN_POINT('',(1.068198584283,6.081973546892,
    -1.175434964363));
#2744 = CARTESIAN_POINT('',(1.137790923309,6.017923432498,
    -1.108038386109));
#2745 = CARTESIAN_POINT('',(1.170847694759,5.989106343648,
    -1.073813906941));
#2746 = CARTESIAN_POINT('',(1.203337689883,5.962221330694,
    -1.037744139146));
#2747 = CARTESIAN_POINT('',(1.235032814388,5.937258492225,
    -0.999902204166));
#2748 = CARTESIAN_POINT('',(1.265714530067,5.914186571793,-0.9603963877)
  );
#2749 = CARTESIAN_POINT('',(1.295181510052,5.892956526504,
    -0.919371445778));
#2750 = CARTESIAN_POINT('',(1.338373300678,5.863032442091,
    -0.854202453632));
#2751 = CARTESIAN_POINT('',(1.353091154834,5.853071929135,
    -0.830999889934));
#2752 = CARTESIAN_POINT('',(1.367389363794,5.84360961511,-0.807420097942
    ));
#2753 = CARTESIAN_POINT('',(1.381247916294,5.83463163621,-0.783482560875
    ));
#2754 = CARTESIAN_POINT('',(1.394648282551,5.826124206438,
    -0.759208366959));
#2755 = CARTESIAN_POINT('',(1.407573414267,5.818073617606,
    -0.734620209424));
#2756 = CARTESIAN_POINT('',(1.466885366731,5.781786302955,
    -0.615952600656));
#2757 = CARTESIAN_POINT('',(1.506661553304,5.759483412376,
    -0.518298717978));
#2758 = CARTESIAN_POINT('',(1.538862593441,5.742599689716,
    -0.417555724237));
#2759 = CARTESIAN_POINT('',(1.563173469472,5.730425061426,
    -0.314530189335));
#2760 = CARTESIAN_POINT('',(1.579408736095,5.722483298011,
    -0.210045473457));
#2761 = CARTESIAN_POINT('',(1.5875,5.718524578306,-0.104928772102));
#2762 = CARTESIAN_POINT('',(1.5875,5.718524578306,-4.662936703426E-15));
#2763 = PCURVE('',#1320,#2764);
#2764 = DEFINITIONAL_REPRESENTATION('',(#2765),#2804);
#2765 = B_SPLINE_CURVE_WITH_KNOTS('',7,(#2766,#2767,#2768,#2769,#2770,
    #2771,#2772,#2773,#2774,#2775,#2776,#2777,#2778,#2779,#2780,#2781,
    #2782,#2783,#2784,#2785,#2786,#2787,#2788,#2789,#2790,#2791,#2792,
    #2793,#2794,#2795,#2796,#2797,#2798,#2799,#2800,#2801,#2802,#2803),
  .UNSPECIFIED.,.F.,.F.,(8,6,6,6,6,6,8),(0.,0.322771129875,
    0.405560966209,0.544071230914,0.671847609071,0.740642431489,1.),
  .UNSPECIFIED.);
#2766 = CARTESIAN_POINT('',(-2.839562033672,6.199772633791));
#2767 = CARTESIAN_POINT('',(-2.773197072302,6.202092633152));
#2768 = CARTESIAN_POINT('',(-2.706604501372,6.207566566408));
#2769 = CARTESIAN_POINT('',(-2.639831529337,6.216460379206));
#2770 = CARTESIAN_POINT('',(-2.572935283165,6.229488806837));
#2771 = CARTESIAN_POINT('',(-2.505998696782,6.247851489404));
#2772 = CARTESIAN_POINT('',(-2.43914265836,6.273211206588));
#2773 = CARTESIAN_POINT('',(-2.355564023312,6.316676634944));
#2774 = CARTESIAN_POINT('',(-2.338541473077,6.326148241106));
#2775 = CARTESIAN_POINT('',(-2.321573563768,6.336248425802));
#2776 = CARTESIAN_POINT('',(-2.304675748107,6.347006875938));
#2777 = CARTESIAN_POINT('',(-2.287863198687,6.35845310823));
#2778 = CARTESIAN_POINT('',(-2.271150807973,6.370616469207));
#2779 = CARTESIAN_POINT('',(-2.226784795512,6.405124453726));
#2780 = CARTESIAN_POINT('',(-2.199319505393,6.428825458967));
#2781 = CARTESIAN_POINT('',(-2.172283648181,6.454726507133));
#2782 = CARTESIAN_POINT('',(-2.145795721783,6.482897642542));
#2783 = CARTESIAN_POINT('',(-2.119966427866,6.513376804742));
#2784 = CARTESIAN_POINT('',(-2.094898707934,6.546165035637));
#2785 = CARTESIAN_POINT('',(-2.048353082671,6.613561613891));
#2786 = CARTESIAN_POINT('',(-2.026779307205,6.647786093059));
#2787 = CARTESIAN_POINT('',(-2.006036244527,6.683855860854));
#2788 = CARTESIAN_POINT('',(-1.986190937107,6.721697795834));
#2789 = CARTESIAN_POINT('',(-1.967305571621,6.7612036123));
#2790 = CARTESIAN_POINT('',(-1.949435372219,6.802228554222));
#2791 = CARTESIAN_POINT('',(-1.923576590927,6.867397546368));
#2792 = CARTESIAN_POINT('',(-1.914831258843,6.890600110066));
#2793 = CARTESIAN_POINT('',(-1.906394135817,6.914179902058));
#2794 = CARTESIAN_POINT('',(-1.898268572822,6.938117439125));
#2795 = CARTESIAN_POINT('',(-1.890457633499,6.962391633041));
#2796 = CARTESIAN_POINT('',(-1.882964094164,6.986979790576));
#2797 = CARTESIAN_POINT('',(-1.848745668486,7.105647399344));
#2798 = CARTESIAN_POINT('',(-1.826319801931,7.203301282022));
#2799 = CARTESIAN_POINT('',(-1.808433648478,7.304044275763));
#2800 = CARTESIAN_POINT('',(-1.795053679685,7.407069810665));
#2801 = CARTESIAN_POINT('',(-1.786159313284,7.511554526543));
#2802 = CARTESIAN_POINT('',(-1.781726313625,7.616671227898));
#2803 = CARTESIAN_POINT('',(-1.781726313625,7.7216));
#2804 = ( GEOMETRIC_REPRESENTATION_CONTEXT(2) 
PARAMETRIC_REPRESENTATION_CONTEXT() REPRESENTATION_CONTEXT('2D SPACE',''
  ) );
#2805 = PCURVE('',#2565,#2806);
#2806 = DEFINITIONAL_REPRESENTATION('',(#2807),#2877);
#2807 = B_SPLINE_CURVE_WITH_KNOTS('',3,(#2808,#2809,#2810,#2811,#2812,
    #2813,#2814,#2815,#2816,#2817,#2818,#2819,#2820,#2821,#2822,#2823,
    #2824,#2825,#2826,#2827,#2828,#2829,#2830,#2831,#2832,#2833,#2834,
    #2835,#2836,#2837,#2838,#2839,#2840,#2841,#2842,#2843,#2844,#2845,
    #2846,#2847,#2848,#2849,#2850,#2851,#2852,#2853,#2854,#2855,#2856,
    #2857,#2858,#2859,#2860,#2861,#2862,#2863,#2864,#2865,#2866,#2867,
    #2868,#2869,#2870,#2871,#2872,#2873,#2874,#2875,#2876),
  .UNSPECIFIED.,.F.,.F.,(4,1,1,1,1,1,1,1,1,1,1,1,1,1,1,1,1,1,1,1,1,1,1,1
    ,1,1,1,1,1,1,1,1,1,1,1,1,1,1,1,1,1,1,1,1,1,1,1,1,1,1,1,1,1,1,1,1,1,1
    ,1,1,1,1,1,1,1,1,4),(0.,1.515151515152E-02,3.030303030303E-02,
    4.545454545455E-02,6.060606060606E-02,7.575757575758E-02,
    9.090909090909E-02,0.106060606061,0.121212121212,0.136363636364,
    0.151515151515,0.166666666667,0.181818181818,0.19696969697,
    0.212121212121,0.227272727273,0.242424242424,0.257575757576,
    0.272727272727,0.287878787879,0.30303030303,0.318181818182,
    0.333333333333,0.348484848485,0.363636363636,0.378787878788,
    0.393939393939,0.409090909091,0.424242424242,0.439393939394,
    0.454545454545,0.469696969697,0.484848484848,0.5,0.515151515152,
    0.530303030303,0.545454545455,0.560606060606,0.575757575758,
    0.590909090909,0.606060606061,0.621212121212,0.636363636364,
    0.651515151515,0.666666666667,0.681818181818,0.69696969697,
    0.712121212121,0.727272727273,0.742424242424,0.757575757576,
    0.772727272727,0.787878787879,0.80303030303,0.818181818182,
    0.833333333333,0.848484848485,0.863636363636,0.878787878788,
    0.893939393939,0.909090909091,0.924242424242,0.939393939394,
    0.954545454545,0.969696969697,0.984848484848,1.),
  .QUASI_UNIFORM_KNOTS.);
#2808 = CARTESIAN_POINT('',(1.282154667035,-5.781930494239));
#2809 = CARTESIAN_POINT('',(1.281592328317,-5.796676355394));
#2810 = CARTESIAN_POINT('',(1.280255509919,-5.826163710442));
#2811 = CARTESIAN_POINT('',(1.277612016265,-5.870358101297));
#2812 = CARTESIAN_POINT('',(1.274328399105,-5.914492376004));
#2813 = CARTESIAN_POINT('',(1.270402850949,-5.958542830868));
#2814 = CARTESIAN_POINT('',(1.2658335843,-6.002485621422));
#2815 = CARTESIAN_POINT('',(1.26061882242,-6.046296746954));
#2816 = CARTESIAN_POINT('',(1.254756780248,-6.089952061724));
#2817 = CARTESIAN_POINT('',(1.248245643858,-6.133427277969));
#2818 = CARTESIAN_POINT('',(1.241083546395,-6.176697970144));
#2819 = CARTESIAN_POINT('',(1.233268541224,-6.219739577979));
#2820 = CARTESIAN_POINT('',(1.224798572224,-6.262527409094));
#2821 = CARTESIAN_POINT('',(1.215671441339,-6.305036641076));
#2822 = CARTESIAN_POINT('',(1.205884773426,-6.347242323173));
#2823 = CARTESIAN_POINT('',(1.195435978377,-6.389119377564));
#2824 = CARTESIAN_POINT('',(1.184322210422,-6.430642600683));
#2825 = CARTESIAN_POINT('',(1.172540324668,-6.471786663232));
#2826 = CARTESIAN_POINT('',(1.160086829961,-6.51252611434));
#2827 = CARTESIAN_POINT('',(1.146957840542,-6.552835369885));
#2828 = CARTESIAN_POINT('',(1.133149015946,-6.592688759955));
#2829 = CARTESIAN_POINT('',(1.118655526803,-6.632060356009));
#2830 = CARTESIAN_POINT('',(1.103471903946,-6.670924620986));
#2831 = CARTESIAN_POINT('',(1.087592300414,-6.70925398932));
#2832 = CARTESIAN_POINT('',(1.071038065003,-6.746960096063));
#2833 = CARTESIAN_POINT('',(1.053813329846,-6.784003467888));
#2834 = CARTESIAN_POINT('',(1.035926221442,-6.820338063954));
#2835 = CARTESIAN_POINT('',(1.017383683054,-6.855924155664));
#2836 = CARTESIAN_POINT('',(0.998194691035,-6.890721680015));
#2837 = CARTESIAN_POINT('',(0.978360795706,-6.924706071015));
#2838 = CARTESIAN_POINT('',(0.957903282648,-6.957821644926));
#2839 = CARTESIAN_POINT('',(0.936845209622,-6.990018435602));
#2840 = CARTESIAN_POINT('',(0.915210466391,-7.021252589472));
#2841 = CARTESIAN_POINT('',(0.893023780674,-7.051486126599));
#2842 = CARTESIAN_POINT('',(0.870310685066,-7.080686674494));
#2843 = CARTESIAN_POINT('',(0.847096812599,-7.108827944818));
#2844 = CARTESIAN_POINT('',(0.823410046916,-7.135887265819));
#2845 = CARTESIAN_POINT('',(0.799272067552,-7.161854148898));
#2846 = CARTESIAN_POINT('',(0.774730229772,-7.186697018278));
#2847 = CARTESIAN_POINT('',(0.74982411849,-7.21040172597));
#2848 = CARTESIAN_POINT('',(0.724580303544,-7.232972370333));
#2849 = CARTESIAN_POINT('',(0.699029927072,-7.254412907256));
#2850 = CARTESIAN_POINT('',(0.673204006523,-7.274731805722));
#2851 = CARTESIAN_POINT('',(0.647134689771,-7.293940549429));
#2852 = CARTESIAN_POINT('',(0.620855123158,-7.312053709767));
#2853 = CARTESIAN_POINT('',(0.59439905836,-7.32908888735));
#2854 = CARTESIAN_POINT('',(0.567803038235,-7.34506560795));
#2855 = CARTESIAN_POINT('',(0.541078348987,-7.360020107585));
#2856 = CARTESIAN_POINT('',(0.514245026752,-7.373982854653));
#2857 = CARTESIAN_POINT('',(0.487323677414,-7.386984417593));
#2858 = CARTESIAN_POINT('',(0.460329128309,-7.39905772856));
#2859 = CARTESIAN_POINT('',(0.433302481906,-7.410224795486));
#2860 = CARTESIAN_POINT('',(0.406256806046,-7.420520511854));
#2861 = CARTESIAN_POINT('',(0.379193267547,-7.429982086763));
#2862 = CARTESIAN_POINT('',(0.352115844307,-7.438643089448));
#2863 = CARTESIAN_POINT('',(0.325027427287,-7.446535071412));
#2864 = CARTESIAN_POINT('',(0.29793090553,-7.453687156481));
#2865 = CARTESIAN_POINT('',(0.270828912611,-7.460126173698));
#2866 = CARTESIAN_POINT('',(0.243723928605,-7.46587664311));
#2867 = CARTESIAN_POINT('',(0.216618283893,-7.470960799286));
#2868 = CARTESIAN_POINT('',(0.189514186641,-7.47539860319));
#2869 = CARTESIAN_POINT('',(0.162413741633,-7.479207755053));
#2870 = CARTESIAN_POINT('',(0.135318969445,-7.482403707034));
#2871 = CARTESIAN_POINT('',(0.108231823951,-7.484999667926));
#2872 = CARTESIAN_POINT('',(8.115420894721E-02,-7.487006632005));
#2873 = CARTESIAN_POINT('',(5.408799460191E-02,-7.488433311444));
#2874 = CARTESIAN_POINT('',(2.703503196848E-02,-7.489286422469));
#2875 = CARTESIAN_POINT('',(9.009793229906E-03,-7.489475237595));
#2876 = CARTESIAN_POINT('',(8.881784197001E-16,-7.489475421694));
#2877 = ( GEOMETRIC_REPRESENTATION_CONTEXT(2) 
PARAMETRIC_REPRESENTATION_CONTEXT() REPRESENTATION_CONTEXT('2D SPACE',''
  ) );
#2878 = ORIENTED_EDGE('',*,*,#2879,.T.);
#2879 = EDGE_CURVE('',#2721,#2626,#2880,.T.);
#2880 = SURFACE_CURVE('',#2881,(#2920,#2962),.PCURVE_S1.);
#2881 = B_SPLINE_CURVE_WITH_KNOTS('',7,(#2882,#2883,#2884,#2885,#2886,
    #2887,#2888,#2889,#2890,#2891,#2892,#2893,#2894,#2895,#2896,#2897,
    #2898,#2899,#2900,#2901,#2902,#2903,#2904,#2905,#2906,#2907,#2908,
    #2909,#2910,#2911,#2912,#2913,#2914,#2915,#2916,#2917,#2918,#2919),
  .UNSPECIFIED.,.F.,.F.,(8,6,6,6,6,6,8),(0.,0.260842649431,
    0.329286688872,0.455797976594,0.596415878744,0.677518937215,1.),
  .UNSPECIFIED.);
#2882 = CARTESIAN_POINT('',(1.5875,5.718524578306,-4.712740105093E-15));
#2883 = CARTESIAN_POINT('',(1.5875,5.718524578306,0.105525773088));
#2884 = CARTESIAN_POINT('',(1.579316405451,5.72252848306,0.211245572412)
  );
#2885 = CARTESIAN_POINT('',(1.562894456055,5.730561527412,0.31632320019)
  );
#2886 = CARTESIAN_POINT('',(1.53830435343,5.742879247254,0.419915009689)
  );
#2887 = CARTESIAN_POINT('',(1.505736911631,5.759968431064,0.521181670781
    ));
#2888 = CARTESIAN_POINT('',(1.465516275771,5.782554687511,0.619301803053
    ));
#2889 = CARTESIAN_POINT('',(1.405695668289,5.819242363206,0.738201410211
    ));
#2890 = CARTESIAN_POINT('',(1.392777266455,5.827308368638,0.762626410069
    ));
#2891 = CARTESIAN_POINT('',(1.379390030325,5.835828062123,0.786738507912
    ));
#2892 = CARTESIAN_POINT('',(1.365550943436,5.84481491745,0.810515326279)
  );
#2893 = CARTESIAN_POINT('',(1.351278445794,5.854282465511,0.833936078407
    ));
#2894 = CARTESIAN_POINT('',(1.336592433883,5.864244294298,0.85698156823)
  );
#2895 = CARTESIAN_POINT('',(1.293643913917,5.894066240093,0.921505073829
    ));
#2896 = CARTESIAN_POINT('',(1.264416891648,5.915165095673,0.962058787448
    ));
#2897 = CARTESIAN_POINT('',(1.234005423296,5.938071520816,1.001119009584
    ));
#2898 = CARTESIAN_POINT('',(1.202605513777,5.962832598145,1.038545779235
    ));
#2899 = CARTESIAN_POINT('',(1.170429635343,5.98947818739,1.074234244451)
  );
#2900 = CARTESIAN_POINT('',(1.137699419444,6.018017525053,1.108113410724
    ));
#2901 = CARTESIAN_POINT('',(1.06789081003,6.082245909088,1.175748031323)
  );
#2902 = CARTESIAN_POINT('',(1.030792463773,6.118323937928,1.209012511188
    ));
#2903 = CARTESIAN_POINT('',(0.993652972188,6.156637446514,1.239896325437
    ));
#2904 = CARTESIAN_POINT('',(0.95678889412,6.197109466439,1.268401578576)
  );
#2905 = CARTESIAN_POINT('',(0.920511494643,6.239614784462,1.294569312629
    ));
#2906 = CARTESIAN_POINT('',(0.885114554799,6.283976201994,1.318474336603
    ));
#2907 = CARTESIAN_POINT('',(0.831106714897,6.356482958881,1.352762159908
    ));
#2908 = CARTESIAN_POINT('',(0.81172341105,6.383556515639,1.364591152004)
  );
#2909 = CARTESIAN_POINT('',(0.792749869249,6.411156548828,1.375734621651
    ));
#2910 = CARTESIAN_POINT('',(0.774221214401,6.439255187908,1.38622028331)
  );
#2911 = CARTESIAN_POINT('',(0.756170096872,6.467821607841,1.396075976484
    ));
#2912 = CARTESIAN_POINT('',(0.738626692486,6.496822029091,1.405329665723
    ));
#2913 = CARTESIAN_POINT('',(0.653991725438,6.643110473892,1.448521863282
    ));
#2914 = CARTESIAN_POINT('',(0.595083279029,6.765840505668,1.473828850876
    ));
#2915 = CARTESIAN_POINT('',(0.54580962592,6.893208264642,1.492156906447)
  );
#2916 = CARTESIAN_POINT('',(0.506663542205,7.024040684771,1.505163177603
    ));
#2917 = CARTESIAN_POINT('',(0.477926720982,7.157196877619,1.514043185905
    ));
#2918 = CARTESIAN_POINT('',(0.45968859912,7.291562983666,1.51950944423)
  );
#2919 = CARTESIAN_POINT('',(0.451882415521,7.426069505761,1.521827366209
    ));
#2920 = PCURVE('',#1320,#2921);
#2921 = DEFINITIONAL_REPRESENTATION('',(#2922),#2961);
#2922 = B_SPLINE_CURVE_WITH_KNOTS('',7,(#2923,#2924,#2925,#2926,#2927,
    #2928,#2929,#2930,#2931,#2932,#2933,#2934,#2935,#2936,#2937,#2938,
    #2939,#2940,#2941,#2942,#2943,#2944,#2945,#2946,#2947,#2948,#2949,
    #2950,#2951,#2952,#2953,#2954,#2955,#2956,#2957,#2958,#2959,#2960),
  .UNSPECIFIED.,.F.,.F.,(8,6,6,6,6,6,8),(0.,0.260842649431,
    0.329286688872,0.455797976594,0.596415878744,0.677518937215,1.),
  .UNSPECIFIED.);
#2923 = CARTESIAN_POINT('',(-1.781726313625,7.7216));
#2924 = CARTESIAN_POINT('',(-1.781726313625,7.827125773088));
#2925 = CARTESIAN_POINT('',(-1.786209902335,7.932845572412));
#2926 = CARTESIAN_POINT('',(-1.795206530303,8.03792320019));
#2927 = CARTESIAN_POINT('',(-1.808740884588,8.141515009689));
#2928 = CARTESIAN_POINT('',(-1.82683344309,8.242781670781));
#2929 = CARTESIAN_POINT('',(-1.849517731851,8.340901803053));
#2930 = CARTESIAN_POINT('',(-1.884052532547,8.459801410211));
#2931 = CARTESIAN_POINT('',(-1.891547275049,8.484226410069));
#2932 = CARTESIAN_POINT('',(-1.899355998804,8.508338507912));
#2933 = CARTESIAN_POINT('',(-1.907475903902,8.532115326279));
#2934 = CARTESIAN_POINT('',(-1.91590390454,8.555536078407));
#2935 = CARTESIAN_POINT('',(-1.924636629026,8.57858156823));
#2936 = CARTESIAN_POINT('',(-1.950368389536,8.643105073829));
#2937 = CARTESIAN_POINT('',(-1.968105098095,8.683658787448));
#2938 = CARTESIAN_POINT('',(-1.986835378841,8.722719009584));
#2939 = CARTESIAN_POINT('',(-2.006505369527,8.760145779235));
#2940 = CARTESIAN_POINT('',(-2.027054515757,8.795834244451));
#2941 = CARTESIAN_POINT('',(-2.048417574478,8.829713410724));
#2942 = CARTESIAN_POINT('',(-2.095100924619,8.897348031323));
#2943 = CARTESIAN_POINT('',(-2.120558138109,8.930612511188));
#2944 = CARTESIAN_POINT('',(-2.146798923981,8.961496325437));
#2945 = CARTESIAN_POINT('',(-2.173715821781,8.990001578576));
#2946 = CARTESIAN_POINT('',(-2.201193178371,9.016169312629));
#2947 = CARTESIAN_POINT('',(-2.229107081764,9.040074336603));
#2948 = CARTESIAN_POINT('',(-2.273600487202,9.074362159908));
#2949 = CARTESIAN_POINT('',(-2.28998380943,9.086191152004));
#2950 = CARTESIAN_POINT('',(-2.306461608337,9.097334621651));
#2951 = CARTESIAN_POINT('',(-2.323019979521,9.10782028331));
#2952 = CARTESIAN_POINT('',(-2.339644767468,9.117675976484));
#2953 = CARTESIAN_POINT('',(-2.356321565549,9.126929665723));
#2954 = CARTESIAN_POINT('',(-2.439494331879,9.170121863282));
#2955 = CARTESIAN_POINT('',(-2.506291636647,9.195428850876));
#2956 = CARTESIAN_POINT('',(-2.573169722309,9.213756906447));
#2957 = CARTESIAN_POINT('',(-2.640007698073,9.226763177603));
#2958 = CARTESIAN_POINT('',(-2.706722444585,9.235643185905));
#2959 = CARTESIAN_POINT('',(-2.773256497037,9.24110944423));
#2960 = CARTESIAN_POINT('',(-2.839562033672,9.243427366209));
#2961 = ( GEOMETRIC_REPRESENTATION_CONTEXT(2) 
PARAMETRIC_REPRESENTATION_CONTEXT() REPRESENTATION_CONTEXT('2D SPACE',''
  ) );
#2962 = PCURVE('',#2565,#2963);
#2963 = DEFINITIONAL_REPRESENTATION('',(#2964),#3034);
#2964 = B_SPLINE_CURVE_WITH_KNOTS('',3,(#2965,#2966,#2967,#2968,#2969,
    #2970,#2971,#2972,#2973,#2974,#2975,#2976,#2977,#2978,#2979,#2980,
    #2981,#2982,#2983,#2984,#2985,#2986,#2987,#2988,#2989,#2990,#2991,
    #2992,#2993,#2994,#2995,#2996,#2997,#2998,#2999,#3000,#3001,#3002,
    #3003,#3004,#3005,#3006,#3007,#3008,#3009,#3010,#3011,#3012,#3013,
    #3014,#3015,#3016,#3017,#3018,#3019,#3020,#3021,#3022,#3023,#3024,
    #3025,#3026,#3027,#3028,#3029,#3030,#3031,#3032,#3033),
  .UNSPECIFIED.,.F.,.F.,(4,1,1,1,1,1,1,1,1,1,1,1,1,1,1,1,1,1,1,1,1,1,1,1
    ,1,1,1,1,1,1,1,1,1,1,1,1,1,1,1,1,1,1,1,1,1,1,1,1,1,1,1,1,1,1,1,1,1,1
    ,1,1,1,1,1,1,1,1,4),(0.,1.515151515152E-02,3.030303030303E-02,
    4.545454545455E-02,6.060606060606E-02,7.575757575758E-02,
    9.090909090909E-02,0.106060606061,0.121212121212,0.136363636364,
    0.151515151515,0.166666666667,0.181818181818,0.19696969697,
    0.212121212121,0.227272727273,0.242424242424,0.257575757576,
    0.272727272727,0.287878787879,0.30303030303,0.318181818182,
    0.333333333333,0.348484848485,0.363636363636,0.378787878788,
    0.393939393939,0.409090909091,0.424242424242,0.439393939394,
    0.454545454545,0.469696969697,0.484848484848,0.5,0.515151515152,
    0.530303030303,0.545454545455,0.560606060606,0.575757575758,
    0.590909090909,0.606060606061,0.621212121212,0.636363636364,
    0.651515151515,0.666666666667,0.681818181818,0.69696969697,
    0.712121212121,0.727272727273,0.742424242424,0.757575757576,
    0.772727272727,0.787878787879,0.80303030303,0.818181818182,
    0.833333333333,0.848484848485,0.863636363636,0.878787878788,
    0.893939393939,0.909090909091,0.924242424242,0.939393939394,
    0.954545454545,0.969696969697,0.984848484848,1.),
  .QUASI_UNIFORM_KNOTS.);
#2965 = CARTESIAN_POINT('',(0.,-7.489475421694));
#2966 = CARTESIAN_POINT('',(-9.009467131771E-03,-7.489475237918));
#2967 = CARTESIAN_POINT('',(-2.70341704016E-02,-7.489286435437));
#2968 = CARTESIAN_POINT('',(-5.408662534078E-02,-7.488433365378));
#2969 = CARTESIAN_POINT('',(-8.115257226284E-02,-7.487006733375));
#2970 = CARTESIAN_POINT('',(-0.108230106851,-7.484999813001));
#2971 = CARTESIAN_POINT('',(-0.135317306897,-7.482403885421));
#2972 = CARTESIAN_POINT('',(-0.162412217937,-7.479207953795));
#2973 = CARTESIAN_POINT('',(-0.189512836721,-7.475398810828));
#2974 = CARTESIAN_POINT('',(-0.21661709461,-7.470961010075));
#2975 = CARTESIAN_POINT('',(-0.243722840015,-7.465876861391));
#2976 = CARTESIAN_POINT('',(-0.270827819441,-7.460126418361));
#2977 = CARTESIAN_POINT('',(-0.297929657944,-7.453687465964));
#2978 = CARTESIAN_POINT('',(-0.325025834491,-7.446535507673));
#2979 = CARTESIAN_POINT('',(-0.352113667773,-7.438643746849));
#2980 = CARTESIAN_POINT('',(-0.37919025329,-7.429983083869));
#2981 = CARTESIAN_POINT('',(-0.40625257152,-7.420522048322));
#2982 = CARTESIAN_POINT('',(-0.433296945867,-7.410226967522));
#2983 = CARTESIAN_POINT('',(-0.460320914776,-7.399061246999));
#2984 = CARTESIAN_POINT('',(-0.487316080913,-7.386987959078));
#2985 = CARTESIAN_POINT('',(-0.514238339534,-7.373986221304));
#2986 = CARTESIAN_POINT('',(-0.541072665353,-7.360023191303));
#2987 = CARTESIAN_POINT('',(-0.567798317757,-7.345068351221));
#2988 = CARTESIAN_POINT('',(-0.594394618737,-7.3290916454));
#2989 = CARTESIAN_POINT('',(-0.620850370295,-7.312056872261));
#2990 = CARTESIAN_POINT('',(-0.647130205369,-7.293943751922));
#2991 = CARTESIAN_POINT('',(-0.673199939601,-7.274734911317));
#2992 = CARTESIAN_POINT('',(-0.6990264318,-7.254415758434));
#2993 = CARTESIAN_POINT('',(-0.724577424462,-7.2329748748));
#2994 = CARTESIAN_POINT('',(-0.749821837541,-7.210403838095));
#2995 = CARTESIAN_POINT('',(-0.774728417066,-7.186698806016));
#2996 = CARTESIAN_POINT('',(-0.799270654383,-7.161855625003));
#2997 = CARTESIAN_POINT('',(-0.82340840566,-7.135889078267));
#2998 = CARTESIAN_POINT('',(-0.847094706841,-7.108830414069));
#2999 = CARTESIAN_POINT('',(-0.870307966165,-7.080690054272));
#3000 = CARTESIAN_POINT('',(-0.893020427757,-7.051490545066));
#3001 = CARTESIAN_POINT('',(-0.91520656578,-7.02125803848));
#3002 = CARTESIAN_POINT('',(-0.936840936694,-6.990024769116));
#3003 = CARTESIAN_POINT('',(-0.957898930204,-6.95782848711));
#3004 = CARTESIAN_POINT('',(-0.978356609234,-6.924713070959));
#3005 = CARTESIAN_POINT('',(-0.998191425047,-6.890727464672));
#3006 = CARTESIAN_POINT('',(-1.017380461138,-6.855930137735));
#3007 = CARTESIAN_POINT('',(-1.035922370642,-6.820345632825));
#3008 = CARTESIAN_POINT('',(-1.053808812554,-6.784012879835));
#3009 = CARTESIAN_POINT('',(-1.071032868226,-6.746971568138));
#3010 = CARTESIAN_POINT('',(-1.087586543279,-6.709267457609));
#3011 = CARTESIAN_POINT('',(-1.103465952614,-6.670939404642));
#3012 = CARTESIAN_POINT('',(-1.118649868071,-6.632075279209));
#3013 = CARTESIAN_POINT('',(-1.133143631302,-6.592703837199));
#3014 = CARTESIAN_POINT('',(-1.146952819851,-6.552850321158));
#3015 = CARTESIAN_POINT('',(-1.160082210477,-6.512540762785));
#3016 = CARTESIAN_POINT('',(-1.172536137179,-6.471800828601));
#3017 = CARTESIAN_POINT('',(-1.184318469537,-6.430656128053));
#3018 = CARTESIAN_POINT('',(-1.195432687474,-6.38913212997));
#3019 = CARTESIAN_POINT('',(-1.205881925427,-6.347254184048));
#3020 = CARTESIAN_POINT('',(-1.215669020409,-6.305047514185));
#3021 = CARTESIAN_POINT('',(-1.224796555074,-6.262537219257));
#3022 = CARTESIAN_POINT('',(-1.233266898411,-6.219748271688));
#3023 = CARTESIAN_POINT('',(-1.241082243548,-6.176705516298));
#3024 = CARTESIAN_POINT('',(-1.248244642889,-6.133433668673));
#3025 = CARTESIAN_POINT('',(-1.254756040541,-6.089957313146));
#3026 = CARTESIAN_POINT('',(-1.260618302041,-6.046300900249));
#3027 = CARTESIAN_POINT('',(-1.265833241231,-6.00248874371));
#3028 = CARTESIAN_POINT('',(-1.270402644359,-5.958545016275));
#3029 = CARTESIAN_POINT('',(-1.274328290664,-5.914493746749));
#3030 = CARTESIAN_POINT('',(-1.277611971566,-5.870358808885));
#3031 = CARTESIAN_POINT('',(-1.280255499769,-5.826163936747));
#3032 = CARTESIAN_POINT('',(-1.281592326617,-5.796676403531));
#3033 = CARTESIAN_POINT('',(-1.282154667035,-5.781930494239));
#3034 = ( GEOMETRIC_REPRESENTATION_CONTEXT(2) 
PARAMETRIC_REPRESENTATION_CONTEXT() REPRESENTATION_CONTEXT('2D SPACE',''
  ) );
#3035 = ORIENTED_EDGE('',*,*,#2671,.T.);
#3036 = ORIENTED_EDGE('',*,*,#1303,.T.);
#3037 = ADVANCED_FACE('',(#3038),#1292,.T.);
#3038 = FACE_BOUND('',#3039,.T.);
#3039 = EDGE_LOOP('',(#3040,#3059,#3060,#3061));
#3040 = ORIENTED_EDGE('',*,*,#3041,.T.);
#3041 = EDGE_CURVE('',#1714,#1249,#3042,.T.);
#3042 = SURFACE_CURVE('',#3043,(#3047,#3053),.PCURVE_S1.);
#3043 = LINE('',#3044,#3045);
#3044 = CARTESIAN_POINT('',(10.59511637009,3.429,-3.8608));
#3045 = VECTOR('',#3046,1.);
#3046 = DIRECTION('',(9.403043203627E-16,-2.341583994569E-16,1.));
#3047 = PCURVE('',#1292,#3048);
#3048 = DEFINITIONAL_REPRESENTATION('',(#3049),#3052);
#3049 = B_SPLINE_CURVE_WITH_KNOTS('',1,(#3050,#3051),.UNSPECIFIED.,.F.,
  .F.,(2,2),(-1.8288,9.5504),.PIECEWISE_BEZIER_KNOTS.);
#3050 = CARTESIAN_POINT('',(1.458652373893,-2.032));
#3051 = CARTESIAN_POINT('',(1.458652373893,-13.4112));
#3052 = ( GEOMETRIC_REPRESENTATION_CONTEXT(2) 
PARAMETRIC_REPRESENTATION_CONTEXT() REPRESENTATION_CONTEXT('2D SPACE',''
  ) );
#3053 = PCURVE('',#1264,#3054);
#3054 = DEFINITIONAL_REPRESENTATION('',(#3055),#3058);
#3055 = B_SPLINE_CURVE_WITH_KNOTS('',1,(#3056,#3057),.UNSPECIFIED.,.F.,
  .F.,(2,2),(-1.8288,9.5504),.PIECEWISE_BEZIER_KNOTS.);
#3056 = CARTESIAN_POINT('',(-5.6896,10.59511637009));
#3057 = CARTESIAN_POINT('',(5.6896,10.59511637009));
#3058 = ( GEOMETRIC_REPRESENTATION_CONTEXT(2) 
PARAMETRIC_REPRESENTATION_CONTEXT() REPRESENTATION_CONTEXT('2D SPACE',''
  ) );
#3059 = ORIENTED_EDGE('',*,*,#1276,.F.);
#3060 = ORIENTED_EDGE('',*,*,#2697,.F.);
#3061 = ORIENTED_EDGE('',*,*,#1713,.F.);
#3062 = ADVANCED_FACE('',(#3063),#1264,.F.);
#3063 = FACE_BOUND('',#3064,.F.);
#3064 = EDGE_LOOP('',(#3065,#3066,#3067,#3068));
#3065 = ORIENTED_EDGE('',*,*,#1735,.F.);
#3066 = ORIENTED_EDGE('',*,*,#3041,.T.);
#3067 = ORIENTED_EDGE('',*,*,#1248,.F.);
#3068 = ORIENTED_EDGE('',*,*,#1496,.F.);
#3069 = ADVANCED_FACE('',(#3070),#1800,.F.);
#3070 = FACE_BOUND('',#3071,.F.);
#3071 = EDGE_LOOP('',(#3072));
#3072 = ORIENTED_EDGE('',*,*,#1785,.T.);
#3073 = ADVANCED_FACE('',(#3074),#1997,.T.);
#3074 = FACE_BOUND('',#3075,.T.);
#3075 = EDGE_LOOP('',(#3076));
#3076 = ORIENTED_EDGE('',*,*,#1982,.T.);
#3077 = ADVANCED_FACE('',(#3078),#2301,.F.);
#3078 = FACE_BOUND('',#3079,.T.);
#3079 = EDGE_LOOP('',(#3080,#3106,#3107,#3108));
#3080 = ORIENTED_EDGE('',*,*,#3081,.F.);
#3081 = EDGE_CURVE('',#2444,#2471,#3082,.T.);
#3082 = SURFACE_CURVE('',#3083,(#3088,#3095),.PCURVE_S1.);
#3083 = CIRCLE('',#3084,1.5875);
#3084 = AXIS2_PLACEMENT_3D('',#3085,#3086,#3087);
#3085 = CARTESIAN_POINT('',(0.,13.208,-2.93276514185E-15));
#3086 = DIRECTION('',(0.,-1.,-2.22044604925E-16));
#3087 = DIRECTION('',(1.,0.,0.));
#3088 = PCURVE('',#2301,#3089);
#3089 = DEFINITIONAL_REPRESENTATION('',(#3090),#3094);
#3090 = LINE('',#3091,#3092);
#3091 = CARTESIAN_POINT('',(-0.,0.));
#3092 = VECTOR('',#3093,1.);
#3093 = DIRECTION('',(-1.,0.));
#3094 = ( GEOMETRIC_REPRESENTATION_CONTEXT(2) 
PARAMETRIC_REPRESENTATION_CONTEXT() REPRESENTATION_CONTEXT('2D SPACE',''
  ) );
#3095 = PCURVE('',#2485,#3096);
#3096 = DEFINITIONAL_REPRESENTATION('',(#3097),#3105);
#3097 = ( BOUNDED_CURVE() B_SPLINE_CURVE(2,(#3098,#3099,#3100,#3101,
#3102,#3103,#3104),.UNSPECIFIED.,.T.,.F.) B_SPLINE_CURVE_WITH_KNOTS((1,2
    ,2,2,2,1),(-2.094395102393,0.,2.094395102393,4.188790204786,
6.28318530718,8.377580409573),.UNSPECIFIED.) CURVE() 
GEOMETRIC_REPRESENTATION_ITEM() RATIONAL_B_SPLINE_CURVE((1.,0.5,1.,0.5,
1.,0.5,1.)) REPRESENTATION_ITEM('') );
#3098 = CARTESIAN_POINT('',(-1.180452460844E-16,1.5875));
#3099 = CARTESIAN_POINT('',(2.749630657016,1.5875));
#3100 = CARTESIAN_POINT('',(1.374815328508,-0.79375));
#3101 = CARTESIAN_POINT('',(2.707801126448E-16,-3.175));
#3102 = CARTESIAN_POINT('',(-1.374815328508,-0.79375));
#3103 = CARTESIAN_POINT('',(-2.749630657016,1.5875));
#3104 = CARTESIAN_POINT('',(-1.180452460844E-16,1.5875));
#3105 = ( GEOMETRIC_REPRESENTATION_CONTEXT(2) 
PARAMETRIC_REPRESENTATION_CONTEXT() REPRESENTATION_CONTEXT('2D SPACE',''
  ) );
#3106 = ORIENTED_EDGE('',*,*,#2443,.T.);
#3107 = ORIENTED_EDGE('',*,*,#2119,.T.);
#3108 = ORIENTED_EDGE('',*,*,#2496,.T.);
#3109 = ADVANCED_FACE('',(#3110),#2485,.F.);
#3110 = FACE_BOUND('',#3111,.F.);
#3111 = EDGE_LOOP('',(#3112,#3113));
#3112 = ORIENTED_EDGE('',*,*,#3081,.F.);
#3113 = ORIENTED_EDGE('',*,*,#2470,.F.);
#3114 = ADVANCED_FACE('',(#3115),#2565,.F.);
#3115 = FACE_BOUND('',#3116,.T.);
#3116 = EDGE_LOOP('',(#3117,#3118,#3119,#3120,#3121,#3149));
#3117 = ORIENTED_EDGE('',*,*,#2548,.T.);
#3118 = ORIENTED_EDGE('',*,*,#2720,.T.);
#3119 = ORIENTED_EDGE('',*,*,#2879,.T.);
#3120 = ORIENTED_EDGE('',*,*,#2625,.T.);
#3121 = ORIENTED_EDGE('',*,*,#3122,.F.);
#3122 = EDGE_CURVE('',#3123,#2600,#3125,.T.);
#3123 = VERTEX_POINT('',#3124);
#3124 = CARTESIAN_POINT('',(1.5875,13.208,-2.93276514185E-15));
#3125 = SURFACE_CURVE('',#3126,(#3131,#3138),.PCURVE_S1.);
#3126 = CIRCLE('',#3127,1.5875);
#3127 = AXIS2_PLACEMENT_3D('',#3128,#3129,#3130);
#3128 = CARTESIAN_POINT('',(0.,13.208,-2.93276514185E-15));
#3129 = DIRECTION('',(0.,-1.,-2.22044604925E-16));
#3130 = DIRECTION('',(1.,0.,0.));
#3131 = PCURVE('',#2565,#3132);
#3132 = DEFINITIONAL_REPRESENTATION('',(#3133),#3137);
#3133 = LINE('',#3134,#3135);
#3134 = CARTESIAN_POINT('',(-0.,0.));
#3135 = VECTOR('',#3136,1.);
#3136 = DIRECTION('',(-1.,0.));
#3137 = ( GEOMETRIC_REPRESENTATION_CONTEXT(2) 
PARAMETRIC_REPRESENTATION_CONTEXT() REPRESENTATION_CONTEXT('2D SPACE',''
  ) );
#3138 = PCURVE('',#2614,#3139);
#3139 = DEFINITIONAL_REPRESENTATION('',(#3140),#3148);
#3140 = ( BOUNDED_CURVE() B_SPLINE_CURVE(2,(#3141,#3142,#3143,#3144,
#3145,#3146,#3147),.UNSPECIFIED.,.T.,.F.) B_SPLINE_CURVE_WITH_KNOTS((1,2
    ,2,2,2,1),(-2.094395102393,0.,2.094395102393,4.188790204786,
6.28318530718,8.377580409573),.UNSPECIFIED.) CURVE() 
GEOMETRIC_REPRESENTATION_ITEM() RATIONAL_B_SPLINE_CURVE((1.,0.5,1.,0.5,
1.,0.5,1.)) REPRESENTATION_ITEM('') );
#3141 = CARTESIAN_POINT('',(-1.180452460844E-16,1.5875));
#3142 = CARTESIAN_POINT('',(2.749630657016,1.5875));
#3143 = CARTESIAN_POINT('',(1.374815328508,-0.79375));
#3144 = CARTESIAN_POINT('',(2.707801126448E-16,-3.175));
#3145 = CARTESIAN_POINT('',(-1.374815328508,-0.79375));
#3146 = CARTESIAN_POINT('',(-2.749630657016,1.5875));
#3147 = CARTESIAN_POINT('',(-1.180452460844E-16,1.5875));
#3148 = ( GEOMETRIC_REPRESENTATION_CONTEXT(2) 
PARAMETRIC_REPRESENTATION_CONTEXT() REPRESENTATION_CONTEXT('2D SPACE',''
  ) );
#3149 = ORIENTED_EDGE('',*,*,#3150,.F.);
#3150 = EDGE_CURVE('',#2549,#3123,#3151,.T.);
#3151 = SURFACE_CURVE('',#3152,(#3157,#3164),.PCURVE_S1.);
#3152 = CIRCLE('',#3153,1.5875);
#3153 = AXIS2_PLACEMENT_3D('',#3154,#3155,#3156);
#3154 = CARTESIAN_POINT('',(0.,13.208,-2.93276514185E-15));
#3155 = DIRECTION('',(0.,-1.,-2.22044604925E-16));
#3156 = DIRECTION('',(1.,0.,0.));
#3157 = PCURVE('',#2565,#3158);
#3158 = DEFINITIONAL_REPRESENTATION('',(#3159),#3163);
#3159 = LINE('',#3160,#3161);
#3160 = CARTESIAN_POINT('',(6.28318530718,-0.));
#3161 = VECTOR('',#3162,1.);
#3162 = DIRECTION('',(-1.,0.));
#3163 = ( GEOMETRIC_REPRESENTATION_CONTEXT(2) 
PARAMETRIC_REPRESENTATION_CONTEXT() REPRESENTATION_CONTEXT('2D SPACE',''
  ) );
#3164 = PCURVE('',#2614,#3165);
#3165 = DEFINITIONAL_REPRESENTATION('',(#3166),#3174);
#3166 = ( BOUNDED_CURVE() B_SPLINE_CURVE(2,(#3167,#3168,#3169,#3170,
#3171,#3172,#3173),.UNSPECIFIED.,.T.,.F.) B_SPLINE_CURVE_WITH_KNOTS((1,2
    ,2,2,2,1),(-2.094395102393,0.,2.094395102393,4.188790204786,
6.28318530718,8.377580409573),.UNSPECIFIED.) CURVE() 
GEOMETRIC_REPRESENTATION_ITEM() RATIONAL_B_SPLINE_CURVE((1.,0.5,1.,0.5,
1.,0.5,1.)) REPRESENTATION_ITEM('') );
#3167 = CARTESIAN_POINT('',(-1.180452460844E-16,1.5875));
#3168 = CARTESIAN_POINT('',(2.749630657016,1.5875));
#3169 = CARTESIAN_POINT('',(1.374815328508,-0.79375));
#3170 = CARTESIAN_POINT('',(2.707801126448E-16,-3.175));
#3171 = CARTESIAN_POINT('',(-1.374815328508,-0.79375));
#3172 = CARTESIAN_POINT('',(-2.749630657016,1.5875));
#3173 = CARTESIAN_POINT('',(-1.180452460844E-16,1.5875));
#3174 = ( GEOMETRIC_REPRESENTATION_CONTEXT(2) 
PARAMETRIC_REPRESENTATION_CONTEXT() REPRESENTATION_CONTEXT('2D SPACE',''
  ) );
#3175 = ADVANCED_FACE('',(#3176),#2614,.F.);
#3176 = FACE_BOUND('',#3177,.F.);
#3177 = EDGE_LOOP('',(#3178,#3179,#3180));
#3178 = ORIENTED_EDGE('',*,*,#3122,.F.);
#3179 = ORIENTED_EDGE('',*,*,#3150,.F.);
#3180 = ORIENTED_EDGE('',*,*,#2599,.F.);
#3181 = ADVANCED_FACE('',(#3182),#333,.F.);
#3182 = FACE_BOUND('',#3183,.F.);
#3183 = EDGE_LOOP('',(#3184,#3185,#3186,#3187,#3188,#3189));
#3184 = ORIENTED_EDGE('',*,*,#1202,.T.);
#3185 = ORIENTED_EDGE('',*,*,#376,.F.);
#3186 = ORIENTED_EDGE('',*,*,#348,.F.);
#3187 = ORIENTED_EDGE('',*,*,#320,.F.);
#3188 = ORIENTED_EDGE('',*,*,#462,.T.);
#3189 = ORIENTED_EDGE('',*,*,#701,.T.);
#3190 = ADVANCED_FACE('',(#3191),#224,.F.);
#3191 = FACE_BOUND('',#3192,.T.);
#3192 = EDGE_LOOP('',(#3193,#3194,#3195,#3196,#3197,#3198));
#3193 = ORIENTED_EDGE('',*,*,#962,.T.);
#3194 = ORIENTED_EDGE('',*,*,#1112,.T.);
#3195 = ORIENTED_EDGE('',*,*,#1011,.F.);
#3196 = ORIENTED_EDGE('',*,*,#987,.F.);
#3197 = ORIENTED_EDGE('',*,*,#209,.F.);
#3198 = ORIENTED_EDGE('',*,*,#775,.T.);
#3199 = ( GEOMETRIC_REPRESENTATION_CONTEXT(3) 
GLOBAL_UNCERTAINTY_ASSIGNED_CONTEXT((#3203)) 
GLOBAL_UNIT_ASSIGNED_CONTEXT((#3200,#3201,#3202)) REPRESENTATION_CONTEXT
('Context #1','3D Context with UNIT and UNCERTAINTY') );
#3200 = ( LENGTH_UNIT() NAMED_UNIT(*) SI_UNIT(.MILLI.,.METRE.) );
#3201 = ( NAMED_UNIT(*) PLANE_ANGLE_UNIT() SI_UNIT($,.RADIAN.) );
#3202 = ( NAMED_UNIT(*) SI_UNIT($,.STERADIAN.) SOLID_ANGLE_UNIT() );
#3203 = UNCERTAINTY_MEASURE_WITH_UNIT(LENGTH_MEASURE(5.E-06),#3200,
  'distance_accuracy_value','confusion accuracy');
#3204 = PRODUCT_RELATED_PRODUCT_CATEGORY('part',$,(#7));
#3205 = MECHANICAL_DESIGN_GEOMETRIC_PRESENTATION_REPRESENTATION('',(
    #3206),#3199);
#3206 = STYLED_ITEM('color',(#3207),#15);
#3207 = PRESENTATION_STYLE_ASSIGNMENT((#3208,#3214));
#3208 = SURFACE_STYLE_USAGE(.BOTH.,#3209);
#3209 = SURFACE_SIDE_STYLE('',(#3210));
#3210 = SURFACE_STYLE_FILL_AREA(#3211);
#3211 = FILL_AREA_STYLE('',(#3212));
#3212 = FILL_AREA_STYLE_COLOUR('',#3213);
#3213 = COLOUR_RGB('',0.800000010877,0.800000010877,0.90196104065);
#3214 = CURVE_STYLE('',#3215,POSITIVE_LENGTH_MEASURE(0.1),#3216);
#3215 = DRAUGHTING_PRE_DEFINED_CURVE_FONT('continuous');
#3216 = COLOUR_RGB('',9.803921802644E-02,9.803921802644E-02,
  9.803921802644E-02);
ENDSEC;
END-ISO-10303-21;
